COD;Valor;Localidad;Genero;Metrica;Unidad
DPOP19723;73.0;Ababuj;Total;Total habitantes;Personas.
DPOP17671;849.0;Abades;Total;Total habitantes;Personas.
DPOP4663;337.0;Abadía;Total;Total habitantes;Personas.
DPOP12721;2239.0;Abadín;Total;Total habitantes;Personas.
DPOP22525;7768.0;Abadiño;Total;Total habitantes;Personas.
DPOP13906;74.0;Abáigar;Total;Total habitantes;Personas.
DPOP3547;28.0;Abajas;Total;Total habitantes;Personas.
DPOP12196;256.0;Ábalos;Total;Total habitantes;Personas.
DPOP9451;321.0;Abaltzisketa;Total;Total habitantes;Personas.
DPOP8584;64.0;Abánades;Total;Total habitantes;Personas.
DPOP13768;6256.0;Abanilla;Total;Total habitantes;Personas.
DPOP23608;78.0;Abanto;Total;Total habitantes;Personas.
DPOP22528;9379.0;Abanto y Ciérvana-Abanto Zierbena;Total;Total habitantes;Personas.
DPOP13771;13228.0;Abarán;Total;Total habitantes;Personas.
DPOP15241;38.0;Abarca de Campos;Total;Total habitantes;Personas.
DPOP13909;510.0;Abárzuza/Abartzuza;Total;Total habitantes;Personas.
DPOP13912;121.0;Abaurregaina/Abaurrea Alta;Total;Total habitantes;Personas.
DPOP13915;30.0;Abaurrepea/Abaurrea Baja;Total;Total habitantes;Personas.
DPOP6406;5631.0;Abegondo;Total;Total habitantes;Personas.
DPOP18619;287.0;Abejar;Total;Total habitantes;Personas.
DPOP19726;62.0;Abejuela;Total;Total habitantes;Personas.
DPOP11500;156.0;Abella de la Conca;Total;Total habitantes;Personas.
DPOP163;753.0;Abengibre;Total;Total habitantes;Personas.
DPOP5869;1309.0;Abenójar;Total;Total habitantes;Personas.
DPOP13918;410.0;Aberin;Total;Total habitantes;Personas.
DPOP4666;362.0;Abertura;Total;Total habitantes;Personas.
DPOP22861;58.0;Abezames;Total;Total habitantes;Personas.
DPOP6691;68.0;Abia de la Obispalía;Total;Total habitantes;Personas.
DPOP15244;165.0;Abia de las Torres;Total;Total habitantes;Personas.
DPOP9958;259.0;Abiego;Total;Total habitantes;Personas.
DPOP9961;162.0;Abizanda;Total;Total habitantes;Personas.
DPOP853;1268.0;Abla;Total;Total habitantes;Personas.
DPOP8587;70.0;Ablanque;Total;Total habitantes;Personas.
DPOP13921;2657.0;Ablitas;Total;Total habitantes;Personas.
DPOP2611;13227.0;Abrera;Total;Total habitantes;Personas.
DPOP856;1241.0;Abrucena;Total;Total habitantes;Personas.
DPOP16111;148.0;Abusejo;Total;Total habitantes;Personas.
DPOP12925;70.0;Acebeda, La;Total;Total habitantes;Personas.
DPOP10861;181.0;Acebedo;Total;Total habitantes;Personas.
DPOP4669;567.0;Acebo;Total;Total habitantes;Personas.
DPOP6694;234.0;Acebrón, El;Total;Total habitantes;Personas.
DPOP1912;815.0;Acedera;Total;Total habitantes;Personas.
DPOP4672;808.0;Acehúche;Total;Total habitantes;Personas.
DPOP4675;569.0;Aceituna;Total;Total habitantes;Personas.
DPOP23611;131.0;Acered;Total;Total habitantes;Personas.
DPOP1915;5307.0;Aceuchal;Total;Total habitantes;Personas.
DPOP9964;196.0;Adahuesca;Total;Total habitantes;Personas.
DPOP21847;50.0;Adalia;Total;Total habitantes;Personas.
DPOP6178;4100.0;Adamuz;Total;Total habitantes;Personas.
DPOP1165;207.0;Adanero;Total;Total habitantes;Personas.
DPOP17200;50021.0;Adeje;Total;Total habitantes;Personas.
DPOP21049;1015.0;Ademuz;Total;Total habitantes;Personas.
DPOP13924;194.0;Adiós;Total;Total habitantes;Personas.
DPOP8590;28.0;Adobes;Total;Total habitantes;Personas.
DPOP21052;1755.0;Ador;Total;Total habitantes;Personas.
DPOP859;25501.0;Adra;Total;Total habitantes;Personas.
DPOP3550;200.0;Adrada de Haza;Total;Total habitantes;Personas.
DPOP17674;39.0;Adrada de Pirón;Total;Total habitantes;Personas.
DPOP1168;2853.0;Adrada, La;Total;Total habitantes;Personas.
DPOP18622;65.0;Adradas;Total;Total habitantes;Personas.
DPOP17677;113.0;Adrados;Total;Total habitantes;Personas.
DPOP9454;500.0;Aduna;Total;Total habitantes;Personas.
DPOP15817;5683.0;Agaete;Total;Total habitantes;Personas.
DPOP16114;122.0;Agallas;Total;Total habitantes;Personas.
DPOP11503;637.0;Àger;Total;Total habitantes;Personas.
DPOP15979;2225.0;Agolada;Total;Total habitantes;Personas.
DPOP23614;135.0;Agón;Total;Total habitantes;Personas.
DPOP12199;1464.0;Agoncillo;Total;Total habitantes;Personas.
DPOP430;5225.0;Agost;Total;Total habitantes;Personas.
DPOP11506;5653.0;Agramunt;Total;Total habitantes;Personas.
DPOP18625;3133.0;Ágreda;Total;Total habitantes;Personas.
DPOP433;623.0;Agres;Total;Total habitantes;Personas.
DPOP8077;247.0;Agrón;Total;Total habitantes;Personas.
DPOP18301;2109.0;Aguadulce;Total;Total habitantes;Personas.
DPOP23617;602.0;Aguarón;Total;Total habitantes;Personas.
DPOP3553;61.0;Aguas Cándidas;Total;Total habitantes;Personas.
DPOP21850;18.0;Aguasal;Total;Total habitantes;Personas.
DPOP19729;18.0;Aguatón;Total;Total habitantes;Personas.
DPOP19732;562.0;Aguaviva;Total;Total habitantes;Personas.
DPOP5872;1605.0;Agudo;Total;Total habitantes;Personas.
DPOP9967;142.0;Agüero;Total;Total habitantes;Personas.
DPOP17680;564.0;Aguilafuente;Total;Total habitantes;Personas.
DPOP3556;46.0;Aguilar de Bureba;Total;Total habitantes;Personas.
DPOP15247;6916.0;Aguilar de Campoo;Total;Total habitantes;Personas.
DPOP21853;258.0;Aguilar de Campos;Total;Total habitantes;Personas.
DPOP13927;74.0;Aguilar de Codés;Total;Total habitantes;Personas.
DPOP6181;13130.0;Aguilar de la Frontera;Total;Total habitantes;Personas.
DPOP2614;292.0;Aguilar de Segarra;Total;Total habitantes;Personas.
DPOP19735;82.0;Aguilar del Alfambra;Total;Total habitantes;Personas.
DPOP12202;421.0;Aguilar del Río Alhama;Total;Total habitantes;Personas.
DPOP13774;37811.0;Águilas;Total;Total habitantes;Personas.
DPOP23620;265.0;Aguilón;Total;Total habitantes;Personas.
DPOP15820;33800.0;Agüimes;Total;Total habitantes;Personas.
DPOP7408;880.0;Agullana;Total;Total habitantes;Personas.
DPOP21058;2438.0;Agullent;Total;Total habitantes;Personas.
DPOP17203;1078.0;Agulo;Total;Total habitantes;Personas.
DPOP115;5189.0;Agurain/Salvatierra;Total;Total habitantes;Personas.
DPOP4678;1340.0;Ahigal;Total;Total habitantes;Personas.
DPOP16117;93.0;Ahigal de los Aceiteros;Total;Total habitantes;Personas.
DPOP16120;30.0;Ahigal de Villarino;Total;Total habitantes;Personas.
DPOP1918;793.0;Ahillones;Total;Total habitantes;Personas.
DPOP9496;2148.0;Aia;Total;Total habitantes;Personas.
DPOP13930;754.0;Aibar/Oibar;Total;Total habitantes;Personas.
DPOP21172;4624.0;Aielo de Malferit;Total;Total habitantes;Personas.
DPOP21175;160.0;Aielo de Rugat;Total;Total habitantes;Personas.
DPOP2650;2569.0;Aiguafreda;Total;Total habitantes;Personas.
DPOP19171;987.0;Aiguamúrcia;Total;Total habitantes;Personas.
DPOP7411;804.0;Aiguaviva;Total;Total habitantes;Personas.
DPOP436;1199.0;Aigües;Total;Total habitantes;Personas.
DPOP5461;133.0;Aín;Total;Total habitantes;Personas.
DPOP10555;2335.0;Aínsa-Sobrarbe;Total;Total habitantes;Personas.
DPOP23623;1036.0;Ainzón;Total;Total habitantes;Personas.
DPOP9970;326.0;Aisa;Total;Total habitantes;Personas.
DPOP11602;2591.0;Aitona;Total;Total habitantes;Personas.
DPOP9457;822.0;Aizarnazabal;Total;Total habitantes;Personas.
DPOP12928;4868.0;Ajalvir;Total;Total habitantes;Personas.
DPOP12205;79.0;Ajamil de Cameros;Total;Total habitantes;Personas.
DPOP22846;458.0;Ajangiz;Total;Total habitantes;Personas.
DPOP20434;2379.0;Ajofrín;Total;Total habitantes;Personas.
DPOP19738;204.0;Alacón;Total;Total habitantes;Personas.
DPOP23626;62.0;Aladrén;Total;Total habitantes;Personas.
DPOP21856;1427.0;Alaejos;Total;Total habitantes;Personas.
DPOP23629;7532.0;Alagón;Total;Total habitantes;Personas.
DPOP33126;919.0;Alagón del Río;Total;Total habitantes;Personas.
DPOP2410;10217.0;Alaior;Total;Total habitantes;Personas.
DPOP9718;793.0;Alájar;Total;Total habitantes;Personas.
DPOP17206;2061.0;Alajeró;Total;Total habitantes;Personas.
DPOP13465;5426.0;Alameda;Total;Total habitantes;Personas.
DPOP16123;67.0;Alameda de Gardón, La;Total;Total habitantes;Personas.
DPOP20437;4350.0;Alameda de la Sagra;Total;Total habitantes;Personas.
DPOP12931;267.0;Alameda del Valle;Total;Total habitantes;Personas.
DPOP8080;518.0;Alamedilla;Total;Total habitantes;Personas.
DPOP16126;94.0;Alamedilla, La;Total;Total habitantes;Personas.
DPOP5875;450.0;Alamillo;Total;Total habitantes;Personas.
DPOP8593;54.0;Alaminos;Total;Total habitantes;Personas.
DPOP12934;10594.0;Álamo, El;Total;Total habitantes;Personas.
DPOP11509;835.0;Alamús, Els;Total;Total habitantes;Personas.
DPOP1921;1802.0;Alange;Total;Total habitantes;Personas.
DPOP18304;1638.0;Alanís;Total;Total habitantes;Personas.
DPOP21061;30166.0;Alaquàs;Total;Total habitantes;Personas.
DPOP15250;910.0;Alar del Rey;Total;Total habitantes;Personas.
DPOP16129;444.0;Alaraz;Total;Total habitantes;Personas.
DPOP23632;91.0;Alarba;Total;Total habitantes;Personas.
DPOP6697;173.0;Alarcón;Total;Total habitantes;Personas.
DPOP8596;144.0;Alarilla;Total;Total habitantes;Personas.
DPOP2407;6121.0;Alaró;Total;Total habitantes;Personas.
DPOP11512;320.0;Alàs i Cerc;Total;Total habitantes;Personas.
DPOP166;504.0;Alatoz;Total;Total habitantes;Personas.
DPOP19741;186.0;Alba;Total;Total habitantes;Personas.
DPOP15253;80.0;Alba de Cerrato;Total;Total habitantes;Personas.
DPOP16132;5099.0;Alba de Tormes;Total;Total habitantes;Personas.
DPOP16135;205.0;Alba de Yeltes;Total;Total habitantes;Personas.
DPOP169;175400.0;Albacete;Total;Total habitantes;Personas.
DPOP11515;339.0;Albagés, L';Total;Total habitantes;Personas.
DPOP21064;6322.0;Albaida;Total;Total habitantes;Personas.
DPOP18307;3220.0;Albaida del Aljarafe;Total;Total habitantes;Personas.
DPOP21067;17365.0;Albal;Total;Total habitantes;Personas.
DPOP4681;647.0;Albalá;Total;Total habitantes;Personas.
DPOP5878;984.0;Albaladejo;Total;Total habitantes;Personas.
DPOP6700;196.0;Albaladejo del Cuende;Total;Total habitantes;Personas.
DPOP21070;3523.0;Albalat de la Ribera;Total;Total habitantes;Personas.
DPOP21073;4368.0;Albalat dels Sorells;Total;Total habitantes;Personas.
DPOP21076;1574.0;Albalat dels Tarongers;Total;Total habitantes;Personas.
DPOP9973;1080.0;Albalate de Cinca;Total;Total habitantes;Personas.
DPOP6703;261.0;Albalate de las Nogueras;Total;Total habitantes;Personas.
DPOP8599;1148.0;Albalate de Zorita;Total;Total habitantes;Personas.
DPOP19744;1936.0;Albalate del Arzobispo;Total;Total habitantes;Personas.
DPOP9976;220.0;Albalatillo;Total;Total habitantes;Personas.
DPOP862;688.0;Albanchez;Total;Total habitantes;Personas.
DPOP10567;903.0;Albanchez de Mágina;Total;Total habitantes;Personas.
DPOP7414;157.0;Albanyà;Total;Total habitantes;Personas.
DPOP8602;610.0;Albares;Total;Total habitantes;Personas.
DPOP19747;998.0;Albarracín;Total;Total habitantes;Personas.
DPOP20440;804.0;Albarreal de Tajo;Total;Total habitantes;Personas.
DPOP172;644.0;Albatana;Total;Total habitantes;Personas.
DPOP11518;2331.0;Albatàrrec;Total;Total habitantes;Personas.
DPOP439;13566.0;Albatera;Total;Total habitantes;Personas.
DPOP9979;728.0;Albelda;Total;Total habitantes;Personas.
DPOP12208;3930.0;Albelda de Iregua;Total;Total habitantes;Personas.
DPOP6706;132.0;Albendea;Total;Total habitantes;Personas.
DPOP8605;50.0;Albendiego;Total;Total habitantes;Personas.
DPOP19750;290.0;Albentosa;Total;Total habitantes;Personas.
DPOP6709;1504.0;Alberca de Záncara, La;Total;Total habitantes;Personas.
DPOP16138;1034.0;Alberca, La;Total;Total habitantes;Personas.
DPOP16141;94.0;Alberguería de Argañán, La;Total;Total habitantes;Personas.
DPOP21079;11099.0;Alberic;Total;Total habitantes;Personas.
DPOP12211;2743.0;Alberite;Total;Total habitantes;Personas.
DPOP23635;79.0;Alberite de San Juan;Total;Total habitantes;Personas.
DPOP9982;123.0;Albero Alto;Total;Total habitantes;Personas.
DPOP9985;109.0;Albero Bajo;Total;Total habitantes;Personas.
DPOP9988;270.0;Alberuela de Tubo;Total;Total habitantes;Personas.
DPOP11521;1584.0;Albesa;Total;Total habitantes;Personas.
DPOP23638;138.0;Albeta;Total;Total habitantes;Personas.
DPOP11524;764.0;Albi, L';Total;Total habitantes;Personas.
DPOP3559;220.0;Albillos;Total;Total habitantes;Personas.
DPOP19174;2718.0;Albinyana;Total;Total habitantes;Personas.
DPOP19177;557.0;Albiol, L';Total;Total habitantes;Personas.
DPOP9460;328.0;Albiztur;Total;Total habitantes;Personas.
DPOP5464;1370.0;Albocàsser;Total;Total habitantes;Personas.
DPOP865;579.0;Alboloduy;Total;Total habitantes;Personas.
DPOP8083;19768.0;Albolote;Total;Total habitantes;Personas.
DPOP8086;703.0;Albondón;Total;Total habitantes;Personas.
DPOP7417;845.0;Albons;Total;Total habitantes;Personas.
DPOP21082;1568.0;Alborache;Total;Total habitantes;Personas.
DPOP21085;26273.0;Alboraia/Alboraya;Total;Total habitantes;Personas.
DPOP175;672.0;Alborea;Total;Total habitantes;Personas.
DPOP23641;104.0;Alborge;Total;Total habitantes;Personas.
DPOP1171;170.0;Albornos;Total;Total habitantes;Personas.
DPOP868;12799.0;Albox;Total;Total habitantes;Personas.
DPOP13777;1395.0;Albudeite;Total;Total habitantes;Personas.
DPOP1924;1995.0;Albuera, La;Total;Total habitantes;Personas.
DPOP21088;4482.0;Albuixech;Total;Total habitantes;Personas.
DPOP8089;422.0;Albuñán;Total;Total habitantes;Personas.
DPOP8092;7388.0;Albuñol;Total;Total habitantes;Personas.
DPOP8095;794.0;Albuñuelas;Total;Total habitantes;Personas.
DPOP1927;4928.0;Alburquerque;Total;Total habitantes;Personas.
DPOP20443;792.0;Alcabón;Total;Total habitantes;Personas.
DPOP178;635.0;Alcadozo;Total;Total habitantes;Personas.
DPOP19753;38.0;Alcaine;Total;Total habitantes;Personas.
DPOP23644;244.0;Alcalá de Ebro;Total;Total habitantes;Personas.
DPOP18310;77474.0;Alcalá de Guadaíra;Total;Total habitantes;Personas.
DPOP9991;265.0;Alcalá de Gurrea;Total;Total habitantes;Personas.
DPOP12937;203208.0;Alcalá de Henares;Total;Total habitantes;Personas.
DPOP19756;382.0;Alcalá de la Selva;Total;Total habitantes;Personas.
DPOP6712;80.0;Alcalá de la Vega;Total;Total habitantes;Personas.
DPOP5323;5230.0;Alcalá de los Gazules;Total;Total habitantes;Personas.
DPOP23647;147.0;Alcalá de Moncayo;Total;Total habitantes;Personas.
DPOP5467;7349.0;Alcalà de Xivert;Total;Total habitantes;Personas.
DPOP181;1130.0;Alcalá del Júcar;Total;Total habitantes;Personas.
DPOP9994;394.0;Alcalá del Obispo;Total;Total habitantes;Personas.
DPOP18313;12335.0;Alcalá del Río;Total;Total habitantes;Personas.
DPOP5326;4864.0;Alcalá del Valle;Total;Total habitantes;Personas.
DPOP10570;21496.0;Alcalá la Real;Total;Total habitantes;Personas.
DPOP442;1428.0;Alcalalí;Total;Total habitantes;Personas.
DPOP9997;650.0;Alcampell;Total;Total habitantes;Personas.
DPOP12214;685.0;Alcanadre;Total;Total habitantes;Personas.
DPOP19180;10104.0;Alcanar;Total;Total habitantes;Personas.
DPOP11527;244.0;Alcanó;Total;Total habitantes;Personas.
DPOP4684;1329.0;Alcántara;Total;Total habitantes;Personas.
DPOP13780;43876.0;Alcantarilla;Total;Total habitantes;Personas.
DPOP21094;1468.0;Alcàntera de Xúquer;Total;Total habitantes;Personas.
DPOP6715;59.0;Alcantud;Total;Total habitantes;Personas.
DPOP22864;1062.0;Alcañices;Total;Total habitantes;Personas.
DPOP19759;16505.0;Alcañiz;Total;Total habitantes;Personas.
DPOP20446;259.0;Alcañizo;Total;Total habitantes;Personas.
DPOP6184;1512.0;Alcaracejos;Total;Total habitantes;Personas.
DPOP184;1283.0;Alcaraz;Total;Total habitantes;Personas.
DPOP11530;10256.0;Alcarràs;Total;Total habitantes;Personas.
DPOP21091;10772.0;Alcàsser;Total;Total habitantes;Personas.
DPOP13468;2671.0;Alcaucín;Total;Total habitantes;Personas.
DPOP10573;10129.0;Alcaudete;Total;Total habitantes;Personas.
DPOP20449;1720.0;Alcaudete de la Jara;Total;Total habitantes;Personas.
DPOP5881;31914.0;Alcázar de San Juan;Total;Total habitantes;Personas.
DPOP6718;171.0;Alcázar del Rey;Total;Total habitantes;Personas.
DPOP21859;623.0;Alcazarén;Total;Total habitantes;Personas.
DPOP13900;20408.0;Alcázares, Los;Total;Total habitantes;Personas.
DPOP5884;558.0;Alcoba;Total;Total habitantes;Personas.
DPOP12940;123342.0;Alcobendas;Total;Total habitantes;Personas.
DPOP8608;319.0;Alcocer;Total;Total habitantes;Personas.
DPOP445;263.0;Alcosser;Total;Total habitantes;Personas.
DPOP3562;40.0;Alcocero de Mola;Total;Total habitantes;Personas.
DPOP6721;25.0;Alcohujate;Total;Total habitantes;Personas.
DPOP871;829.0;Alcolea;Total;Total habitantes;Personas.
DPOP5887;1360.0;Alcolea de Calatrava;Total;Total habitantes;Personas.
DPOP10000;1127.0;Alcolea de Cinca;Total;Total habitantes;Personas.
DPOP8611;7.0;Alcolea de las Peñas;Total;Total habitantes;Personas.
DPOP20452;839.0;Alcolea de Tajo;Total;Total habitantes;Personas.
DPOP8614;357.0;Alcolea del Pinar;Total;Total habitantes;Personas.
DPOP18316;3265.0;Alcolea del Río;Total;Total habitantes;Personas.
DPOP448;184.0;Alcoleja;Total;Total habitantes;Personas.
DPOP11533;3640.0;Alcoletge;Total;Total habitantes;Personas.
DPOP4687;259.0;Alcollarín;Total;Total habitantes;Personas.
DPOP18628;198.0;Alconaba;Total;Total habitantes;Personas.
DPOP16144;130.0;Alconada;Total;Total habitantes;Personas.
DPOP17683;23.0;Alconada de Maderuelo;Total;Total habitantes;Personas.
DPOP1930;1592.0;Alconchel;Total;Total habitantes;Personas.
DPOP23650;79.0;Alconchel de Ariza;Total;Total habitantes;Personas.
DPOP6724;75.0;Alconchel de la Estrella;Total;Total habitantes;Personas.
DPOP1933;748.0;Alconera;Total;Total habitantes;Personas.
DPOP874;545.0;Alcóntar;Total;Total habitantes;Personas.
DPOP5470;10664.0;Alcora, l';Total;Total habitantes;Personas.
DPOP12943;175719.0;Alcorcón;Total;Total habitantes;Personas.
DPOP19762;3243.0;Alcorisa;Total;Total habitantes;Personas.
DPOP8617;117.0;Alcoroches;Total;Total habitantes;Personas.
DPOP19183;5362.0;Alcover;Total;Total habitantes;Personas.
DPOP451;61468.0;Alcoi/Alcoy;Total;Total habitantes;Personas.
DPOP10003;401.0;Alcubierre;Total;Total habitantes;Personas.
DPOP18631;111.0;Alcubilla de Avellaneda;Total;Total habitantes;Personas.
DPOP18634;61.0;Alcubilla de las Peñas;Total;Total habitantes;Personas.
DPOP22867;108.0;Alcubilla de Nogales;Total;Total habitantes;Personas.
DPOP5890;417.0;Alcubillas;Total;Total habitantes;Personas.
DPOP21100;710.0;Alcublas;Total;Total habitantes;Personas.
DPOP2413;21907.0;Alcúdia;Total;Total habitantes;Personas.
DPOP21106;5548.0;Alcúdia de Crespins, l';Total;Total habitantes;Personas.
DPOP877;115.0;Alcudia de Monteagud;Total;Total habitantes;Personas.
DPOP5473;200.0;Alcudia de Veo;Total;Total habitantes;Personas.
DPOP21103;12587.0;Alcúdia, l';Total;Total habitantes;Personas.
DPOP4690;2447.0;Alcuéscar;Total;Total habitantes;Personas.
DPOP21109;34630.0;Aldaia;Total;Total habitantes;Personas.
DPOP21862;212.0;Aldea de San Miguel;Total;Total habitantes;Personas.
DPOP15874;7401.0;Aldea de San Nicolás, La;Total;Total habitantes;Personas.
DPOP4696;609.0;Aldea del Cano;Total;Total habitantes;Personas.
DPOP12946;3503.0;Aldea del Fresno;Total;Total habitantes;Personas.
DPOP16153;245.0;Aldea del Obispo;Total;Total habitantes;Personas.
DPOP4699;290.0;Aldea del Obispo, La;Total;Total habitantes;Personas.
DPOP5893;1565.0;Aldea del Rey;Total;Total habitantes;Personas.
DPOP20455;184.0;Aldea en Cabo;Total;Total habitantes;Personas.
DPOP17701;275.0;Aldea Real;Total;Total habitantes;Personas.
DPOP19711;4657.0;Aldea, L';Total;Total habitantes;Personas.
DPOP4693;603.0;Aldeacentenera;Total;Total habitantes;Personas.
DPOP16147;89.0;Aldeacipreste;Total;Total habitantes;Personas.
DPOP16150;1094.0;Aldeadávila de la Ribera;Total;Total habitantes;Personas.
DPOP18637;85.0;Aldealafuente;Total;Total habitantes;Personas.
DPOP17686;15.0;Aldealcorvo;Total;Total habitantes;Personas.
DPOP16156;730.0;Aldealengua;Total;Total habitantes;Personas.
DPOP17689;78.0;Aldealengua de Pedraza;Total;Total habitantes;Personas.
DPOP17692;50.0;Aldealengua de Santa María;Total;Total habitantes;Personas.
DPOP18640;22.0;Aldealices;Total;Total habitantes;Personas.
DPOP18643;18.0;Aldealpozo;Total;Total habitantes;Personas.
DPOP18646;29.0;Aldealseñor;Total;Total habitantes;Personas.
DPOP21865;6290.0;Aldeamayor de San Martín;Total;Total habitantes;Personas.
DPOP20458;456.0;Aldeanueva de Barbarroya;Total;Total habitantes;Personas.
DPOP12217;2753.0;Aldeanueva de Ebro;Total;Total habitantes;Personas.
DPOP16159;238.0;Aldeanueva de Figueroa;Total;Total habitantes;Personas.
DPOP8620;107.0;Aldeanueva de Guadalajara;Total;Total habitantes;Personas.
DPOP17695;42.0;Aldeanueva de la Serrezuela;Total;Total habitantes;Personas.
DPOP16162;88.0;Aldeanueva de la Sierra;Total;Total habitantes;Personas.
DPOP4702;1966.0;Aldeanueva de la Vera;Total;Total habitantes;Personas.
DPOP20461;404.0;Aldeanueva de San Bartolomé;Total;Total habitantes;Personas.
DPOP1174;100.0;Aldeanueva de Santa Cruz;Total;Total habitantes;Personas.
DPOP4705;696.0;Aldeanueva del Camino;Total;Total habitantes;Personas.
DPOP17698;105.0;Aldeanueva del Codonal;Total;Total habitantes;Personas.
DPOP10576;446.0;Aldeaquemada;Total;Total habitantes;Personas.
DPOP16165;143.0;Aldearrodrigo;Total;Total habitantes;Personas.
DPOP16168;518.0;Aldearrubia;Total;Total habitantes;Personas.
DPOP1177;211.0;Aldeaseca;Total;Total habitantes;Personas.
DPOP16171;65.0;Aldeaseca de Alba;Total;Total habitantes;Personas.
DPOP16174;241.0;Aldeaseca de la Frontera;Total;Total habitantes;Personas.
DPOP17704;61.0;Aldeasoña;Total;Total habitantes;Personas.
DPOP16177;2662.0;Aldeatejada;Total;Total habitantes;Personas.
DPOP16180;100.0;Aldeavieja de Tormes;Total;Total habitantes;Personas.
DPOP17707;64.0;Aldehorno;Total;Total habitantes;Personas.
DPOP4708;348.0;Aldehuela del Jerte;Total;Total habitantes;Personas.
DPOP16183;260.0;Aldehuela de la Bóveda;Total;Total habitantes;Personas.
DPOP23653;48.0;Aldehuela de Liestos;Total;Total habitantes;Personas.
DPOP18649;27.0;Aldehuela de Periáñez;Total;Total habitantes;Personas.
DPOP16186;176.0;Aldehuela de Yeltes;Total;Total habitantes;Personas.
DPOP17710;24.0;Aldehuela del Codonal;Total;Total habitantes;Personas.
DPOP1180;141.0;Aldehuela, La;Total;Total habitantes;Personas.
DPOP18652;58.0;Aldehuelas, Las;Total;Total habitantes;Personas.
DPOP8098;597.0;Aldeire;Total;Total habitantes;Personas.
DPOP17713;55.0;Aldeonte;Total;Total habitantes;Personas.
DPOP19186;901.0;Aldover;Total;Total habitantes;Personas.
DPOP13783;1123.0;Aledo;Total;Total habitantes;Personas.
DPOP9463;1813.0;Alegia;Total;Total habitantes;Personas.
DPOP7;2955.0;Alegría-Dulantzi;Total;Total habitantes;Personas.
DPOP19189;1009.0;Aleixar, L';Total;Total habitantes;Personas.
DPOP2617;10262.0;Alella;Total;Total habitantes;Personas.
DPOP18655;23.0;Alentisque;Total;Total habitantes;Personas.
DPOP10006;224.0;Alerre;Total;Total habitantes;Personas.
DPOP12220;486.0;Alesanco;Total;Total habitantes;Personas.
DPOP12223;92.0;Alesón;Total;Total habitantes;Personas.
DPOP8101;5834.0;Alfacar;Total;Total habitantes;Personas.
DPOP21112;22270.0;Alfafar;Total;Total habitantes;Personas.
DPOP454;419.0;Alfafara;Total;Total habitantes;Personas.
DPOP23656;2423.0;Alfajarín;Total;Total habitantes;Personas.
DPOP19765;485.0;Alfambra;Total;Total habitantes;Personas.
DPOP23659;1470.0;Alfamén;Total;Total habitantes;Personas.
DPOP10009;125.0;Alfántega;Total;Total habitantes;Personas.
DPOP19192;355.0;Alfara de Carles;Total;Total habitantes;Personas.
DPOP21118;624.0;Alfara de la Baronia;Total;Total habitantes;Personas.
DPOP21121;3740.0;Alfara del Patriarca;Total;Total habitantes;Personas.
DPOP22870;120.0;Alfaraz de Sayago;Total;Total habitantes;Personas.
DPOP13471;1034.0;Alfarnate;Total;Total habitantes;Personas.
DPOP13474;358.0;Alfarnatejo;Total;Total habitantes;Personas.
DPOP12226;9923.0;Alfaro;Total;Total habitantes;Personas.
DPOP21124;1763.0;Alfarb;Total;Total habitantes;Personas.
DPOP11536;2805.0;Alfarràs;Total;Total habitantes;Personas.
DPOP21127;1173.0;Alfarrasí;Total;Total habitantes;Personas.
DPOP457;21080.0;Alfàs del Pi, l';Total;Total habitantes;Personas.
DPOP21115;515.0;Alfauir;Total;Total habitantes;Personas.
DPOP11539;284.0;Alfés;Total;Total habitantes;Personas.
DPOP5476;881.0;Alfondeguilla;Total;Total habitantes;Personas.
DPOP19195;2024.0;Alforja;Total;Total habitantes;Personas.
DPOP23662;57.0;Alforque;Total;Total habitantes;Personas.
DPOP12724;1493.0;Alfoz;Total;Total habitantes;Personas.
DPOP3565;68.0;Alfoz de Bricia;Total;Total habitantes;Personas.
DPOP17362;2500.0;Alfoz de Lloredo;Total;Total habitantes;Personas.
DPOP4654;2158.0;Alfoz de Quintanadueñas;Total;Total habitantes;Personas.
DPOP3568;102.0;Alfoz de Santa Gadea;Total;Total habitantes;Personas.
DPOP18319;16803.0;Algaba, La;Total;Total habitantes;Personas.
DPOP10864;312.0;Algadefe;Total;Total habitantes;Personas.
DPOP2416;6357.0;Algaida;Total;Total habitantes;Personas.
DPOP18322;1258.0;Algámitas;Total;Total habitantes;Personas.
DPOP5329;1452.0;Algar;Total;Total habitantes;Personas.
DPOP8623;44.0;Algar de Mesa;Total;Total habitantes;Personas.
DPOP21130;565.0;Algar de Palància;Total;Total habitantes;Personas.
DPOP8104;2335.0;Algarinejo;Total;Total habitantes;Personas.
DPOP6727;25.0;Algarra;Total;Total habitantes;Personas.
DPOP13477;7103.0;Algarrobo;Total;Total habitantes;Personas.
DPOP13480;816.0;Algatocín;Total;Total habitantes;Personas.
DPOP5332;126589.0;Algeciras;Total;Total habitantes;Personas.
DPOP21133;28306.0;Algemesí;Total;Total habitantes;Personas.
DPOP11542;424.0;Algerri;Total;Total habitantes;Personas.
DPOP12949;21144.0;Algete;Total;Total habitantes;Personas.
DPOP21136;1115.0;Algímia d'Alfara;Total;Total habitantes;Personas.
DPOP5479;254.0;Algimia de Almonacid;Total;Total habitantes;Personas.
DPOP21139;14844.0;Alginet;Total;Total habitantes;Personas.
DPOP5335;5425.0;Algodonales;Total;Total habitantes;Personas.
DPOP22873;131.0;Algodre;Total;Total habitantes;Personas.
DPOP8626;89.0;Algora;Total;Total habitantes;Personas.
DPOP460;3788.0;Algorfa;Total;Total habitantes;Personas.
DPOP11545;3060.0;Alguaire;Total;Total habitantes;Personas.
DPOP13786;10431.0;Alguazas;Total;Total habitantes;Personas.
DPOP463;1328.0;Algueña;Total;Total habitantes;Personas.
DPOP880;743.0;Alhabia;Total;Total habitantes;Personas.
DPOP883;3975.0;Alhama de Almería;Total;Total habitantes;Personas.
DPOP23665;917.0;Alhama de Aragón;Total;Total habitantes;Personas.
DPOP8107;5544.0;Alhama de Granada;Total;Total habitantes;Personas.
DPOP13789;24163.0;Alhama de Murcia;Total;Total habitantes;Personas.
DPOP5896;946.0;Alhambra;Total;Total habitantes;Personas.
DPOP13483;45066.0;Alhaurín de la Torre;Total;Total habitantes;Personas.
DPOP13486;27552.0;Alhaurín el Grande;Total;Total habitantes;Personas.
DPOP8110;10475.0;Alhendín;Total;Total habitantes;Personas.
DPOP8629;185.0;Alhóndiga;Total;Total habitantes;Personas.
DPOP4711;722.0;Alía;Total;Total habitantes;Personas.
DPOP19768;344.0;Aliaga;Total;Total habitantes;Personas.
DPOP6730;594.0;Aliaguilla;Total;Total habitantes;Personas.
DPOP466;366221.0;Alacant/Alicante;Total;Total habitantes;Personas.
DPOP886;206.0;Alicún;Total;Total habitantes;Personas.
DPOP8113;461.0;Alicún de Ortega;Total;Total habitantes;Personas.
DPOP10867;554.0;Alija del Infantado;Total;Total habitantes;Personas.
DPOP11548;269.0;Alins;Total;Total habitantes;Personas.
DPOP19198;496.0;Alió;Total;Total habitantes;Personas.
DPOP8632;15.0;Alique;Total;Total habitantes;Personas.
DPOP4714;1726.0;Aliseda;Total;Total habitantes;Personas.
DPOP18658;20.0;Aliud;Total;Total habitantes;Personas.
DPOP9721;22737.0;Aljaraque;Total;Total habitantes;Personas.
DPOP1936;252.0;Aljucén;Total;Total habitantes;Personas.
DPOP9466;352.0;Alkiza;Total;Total habitantes;Personas.
DPOP15004;1506.0;Allande;Total;Total habitantes;Personas.
DPOP14725;6497.0;Allariz;Total;Total habitantes;Personas.
DPOP19780;123.0;Allepuz;Total;Total habitantes;Personas.
DPOP15007;10011.0;Aller;Total;Total habitantes;Personas.
DPOP13936;881.0;Allín/Allin;Total;Total habitantes;Personas.
DPOP13939;1028.0;Allo;Total;Total habitantes;Personas.
DPOP19783;556.0;Alloza;Total;Total habitantes;Personas.
DPOP19786;31.0;Allueva;Total;Total habitantes;Personas.
DPOP11551;7018.0;Almacelles;Total;Total habitantes;Personas.
DPOP13489;1959.0;Almáchar;Total;Total habitantes;Personas.
DPOP5899;4855.0;Almadén;Total;Total habitantes;Personas.
DPOP18325;1328.0;Almadén de la Plata;Total;Total habitantes;Personas.
DPOP5902;384.0;Almadenejos;Total;Total habitantes;Personas.
DPOP8635;67.0;Almadrones;Total;Total habitantes;Personas.
DPOP5905;9190.0;Almagro;Total;Total habitantes;Personas.
DPOP18661;179.0;Almajano;Total;Total habitantes;Personas.
DPOP18664;113.0;Almaluez;Total;Total habitantes;Personas.
DPOP187;24615.0;Almansa;Total;Total habitantes;Personas.
DPOP10870;570.0;Almanza;Total;Total habitantes;Personas.
DPOP4717;1594.0;Almaraz;Total;Total habitantes;Personas.
DPOP22876;386.0;Almaraz de Duero;Total;Total habitantes;Personas.
DPOP6733;469.0;Almarcha, La;Total;Total habitantes;Personas.
DPOP13492;1876.0;Almargen;Total;Total habitantes;Personas.
DPOP18667;601.0;Almarza;Total;Total habitantes;Personas.
DPOP12229;41.0;Almarza de Cameros;Total;Total habitantes;Personas.
DPOP21142;7887.0;Almàssera;Total;Total habitantes;Personas.
DPOP5482;29159.0;Almassora;Total;Total habitantes;Personas.
DPOP11554;292.0;Almatret;Total;Total habitantes;Personas.
DPOP18670;5544.0;Almazán;Total;Total habitantes;Personas.
DPOP18673;61.0;Almazul;Total;Total habitantes;Personas.
DPOP5485;288.0;Almedíjar;Total;Total habitantes;Personas.
DPOP5908;475.0;Almedina;Total;Total habitantes;Personas.
DPOP6187;2302.0;Almedinilla;Total;Total habitantes;Personas.
DPOP8116;327.0;Almegíjar;Total;Total habitantes;Personas.
DPOP22879;411.0;Almeida de Sayago;Total;Total habitantes;Personas.
DPOP11557;3369.0;Almenar;Total;Total habitantes;Personas.
DPOP18676;233.0;Almenar de Soria;Total;Total habitantes;Personas.
DPOP5488;6813.0;Almenara;Total;Total habitantes;Personas.
DPOP21868;24.0;Almenara de Adaja;Total;Total habitantes;Personas.
DPOP16189;302.0;Almenara de Tormes;Total;Total habitantes;Personas.
DPOP16192;129.0;Almendra;Total;Total habitantes;Personas.
DPOP1939;1202.0;Almendral;Total;Total habitantes;Personas.
DPOP20464;341.0;Almendral de la Cañada;Total;Total habitantes;Personas.
DPOP1942;34587.0;Almendralejo;Total;Total habitantes;Personas.
DPOP9724;862.0;Almendro, El;Total;Total habitantes;Personas.
DPOP6736;240.0;Almendros;Total;Total habitantes;Personas.
DPOP18328;6646.0;Almensilla;Total;Total habitantes;Personas.
DPOP889;205468.0;Almería;Total;Total habitantes;Personas.
DPOP21145;278.0;Almiserà;Total;Total habitantes;Personas.
DPOP23668;22.0;Almochuel;Total;Total habitantes;Personas.
DPOP892;208.0;Almócita;Total;Total habitantes;Personas.
DPOP5911;5637.0;Almodóvar del Campo;Total;Total habitantes;Personas.
DPOP6739;401.0;Almodóvar del Pinar;Total;Total habitantes;Personas.
DPOP6190;8040.0;Almodóvar del Río;Total;Total habitantes;Personas.
DPOP13495;4269.0;Almogía;Total;Total habitantes;Personas.
DPOP8638;1379.0;Almoguera;Total;Total habitantes;Personas.
DPOP19771;10.0;Almohaja;Total;Total habitantes;Personas.
DPOP4720;1771.0;Almoharín;Total;Total habitantes;Personas.
DPOP21148;2664.0;Almoines;Total;Total habitantes;Personas.
DPOP23671;521.0;Almolda, La;Total;Total habitantes;Personas.
DPOP23674;220.0;Almonacid de la Cuba;Total;Total habitantes;Personas.
DPOP23677;756.0;Almonacid de la Sierra;Total;Total habitantes;Personas.
DPOP20467;991.0;Almonacid de Toledo;Total;Total habitantes;Personas.
DPOP8641;667.0;Almonacid de Zorita;Total;Total habitantes;Personas.
DPOP6742;412.0;Almonacid del Marquesado;Total;Total habitantes;Personas.
DPOP9727;1759.0;Almonaster la Real;Total;Total habitantes;Personas.
DPOP9730;24864.0;Almonte;Total;Total habitantes;Personas.
DPOP469;22965.0;Almoradí;Total;Total habitantes;Personas.
DPOP20470;2569.0;Almorox;Total;Total habitantes;Personas.
DPOP19201;1384.0;Almoster;Total;Total habitantes;Personas.
DPOP472;128.0;Almudaina;Total;Total habitantes;Personas.
DPOP10012;2462.0;Almudévar;Total;Total habitantes;Personas.
DPOP23680;8080.0;Almunia de Doña Godina, La;Total;Total habitantes;Personas.
DPOP10015;733.0;Almunia de San Juan;Total;Total habitantes;Personas.
DPOP10018;448.0;Almuniente;Total;Total habitantes;Personas.
DPOP8119;27544.0;Almuñécar;Total;Total habitantes;Personas.
DPOP5914;744.0;Almuradiel;Total;Total habitantes;Personas.
DPOP21151;9070.0;Almussafes;Total;Total habitantes;Personas.
DPOP19774;63.0;Alobras;Total;Total habitantes;Personas.
DPOP8644;151.0;Alocén;Total;Total habitantes;Personas.
DPOP22849;2991.0;Alonsotegi;Total;Total habitantes;Personas.
DPOP13498;13650.0;Álora;Total;Total habitantes;Personas.
DPOP11560;118.0;Alòs de Balaguer;Total;Total habitantes;Personas.
DPOP9733;3986.0;Alosno;Total;Total habitantes;Personas.
DPOP8647;14526.0;Alovera;Total;Total habitantes;Personas.
DPOP13501;2127.0;Alozaina;Total;Total habitantes;Personas.
DPOP7423;1724.0;Alp;Total;Total habitantes;Personas.
DPOP13504;242.0;Alpandeire;Total;Total habitantes;Personas.
DPOP18679;52.0;Alpanseque;Total;Total habitantes;Personas.
DPOP23683;599.0;Alpartir;Total;Total habitantes;Personas.
DPOP12952;15686.0;Alpedrete;Total;Total habitantes;Personas.
DPOP2620;267.0;Alpens;Total;Total habitantes;Personas.
DPOP19777;27.0;Alpeñés;Total;Total habitantes;Personas.
DPOP190;2278.0;Alpera;Total;Total habitantes;Personas.
DPOP11563;6515.0;Alpicat;Total;Total habitantes;Personas.
DPOP21154;688.0;Alpuente;Total;Total habitantes;Personas.
DPOP8551;933.0;Alpujarra de la Sierra;Total;Total habitantes;Personas.
DPOP475;519.0;Alqueria d'Asnar, l';Total;Total habitantes;Personas.
DPOP21157;1547.0;Alqueria de la Comtessa, l';Total;Total habitantes;Personas.
DPOP5860;4605.0;Alqueries, les/Alquerías del Niño Perdido;Total;Total habitantes;Personas.
DPOP10021;328.0;Alquézar;Total;Total habitantes;Personas.
DPOP8122;543.0;Alquife;Total;Total habitantes;Personas.
DPOP895;126.0;Alsodux;Total;Total habitantes;Personas.
DPOP11566;453.0;Alt Àneu;Total;Total habitantes;Personas.
DPOP3571;44.0;Altable;Total;Total habitantes;Personas.
DPOP19204;5870.0;Altafulla;Total;Total habitantes;Personas.
DPOP6745;193.0;Altarejos;Total;Total habitantes;Personas.
DPOP478;24592.0;Altea;Total;Total habitantes;Personas.
DPOP10024;1504.0;Altorricón;Total;Total habitantes;Personas.
DPOP3574;177.0;Altos, Los;Total;Total habitantes;Personas.
DPOP13933;7717.0;Altsasu/Alsasua;Total;Total habitantes;Personas.
DPOP5491;3849.0;Altura;Total;Total habitantes;Personas.
DPOP9709;165.0;Altzaga;Total;Total habitantes;Personas.
DPOP9469;447.0;Altzo;Total;Total habitantes;Personas.
DPOP8650;152.0;Alustante;Total;Total habitantes;Personas.
DPOP21097;48236.0;Alzira;Total;Total habitantes;Personas.
DPOP1183;131.0;Amavida;Total;Total habitantes;Personas.
DPOP15256;36.0;Amayuelas de Arriba;Total;Total habitantes;Personas.
DPOP23686;253.0;Ambel;Total;Total habitantes;Personas.
DPOP12955;732.0;Ambite;Total;Total habitantes;Personas.
DPOP7426;2422.0;Amer;Total;Total habitantes;Personas.
DPOP6409;33276.0;Ames;Total;Total habitantes;Personas.
DPOP13942;729.0;Améscoa Baja;Total;Total habitantes;Personas.
DPOP19207;7446.0;Ametlla de Mar, L';Total;Total habitantes;Personas.
DPOP2623;9474.0;Ametlla del Vallès, L';Total;Total habitantes;Personas.
DPOP3577;107.0;Ameyugo;Total;Total habitantes;Personas.
DPOP9472;956.0;Amezketa;Total;Total habitantes;Personas.
DPOP15010;591.0;Amieva;Total;Total habitantes;Personas.
DPOP14728;2443.0;Amoeiro;Total;Total habitantes;Personas.
DPOP22531;19660.0;Amorebieta-Etxano;Total;Total habitantes;Personas.
DPOP22534;390.0;Amoroto;Total;Total habitantes;Personas.
DPOP19717;3785.0;Ampolla, L';Total;Total habitantes;Personas.
DPOP19210;23080.0;Amposta;Total;Total habitantes;Personas.
DPOP15259;588.0;Ampudia;Total;Total habitantes;Personas.
DPOP17365;4518.0;Ampuero;Total;Total habitantes;Personas.
DPOP10;10364.0;Amurrio;Total;Total habitantes;Personas.
DPOP15262;417.0;Amusco;Total;Total habitantes;Personas.
DPOP21871;95.0;Amusquillo;Total;Total habitantes;Personas.
DPOP19789;35.0;Anadón;Total;Total habitantes;Personas.
DPOP17716;111.0;Anaya;Total;Total habitantes;Personas.
DPOP16195;190.0;Anaya de Alba;Total;Total habitantes;Personas.
DPOP12958;1414.0;Anchuelo;Total;Total habitantes;Personas.
DPOP5917;267.0;Anchuras;Total;Total habitantes;Personas.
DPOP13945;363.0;Ancín/Antzin;Total;Total habitantes;Personas.
DPOP22882;404.0;Andavías;Total;Total habitantes;Personas.
DPOP21160;338.0;Andilla;Total;Total habitantes;Personas.
DPOP9475;14517.0;Andoain;Total;Total habitantes;Personas.
DPOP19792;7223.0;Andorra;Total;Total habitantes;Personas.
DPOP13948;2925.0;Andosilla;Total;Total habitantes;Personas.
DPOP2419;12195.0;Andratx;Total;Total habitantes;Personas.
DPOP10579;35610.0;Andújar;Total;Total habitantes;Personas.
DPOP23689;117.0;Anento;Total;Total habitantes;Personas.
DPOP7429;5944.0;Anglès;Total;Total habitantes;Personas.
DPOP11572;1389.0;Anglesola;Total;Total habitantes;Personas.
DPOP8653;8.0;Angón;Total;Total habitantes;Personas.
DPOP12232;450.0;Anguciana;Total;Total habitantes;Personas.
DPOP10027;350.0;Angüés;Total;Total habitantes;Personas.
DPOP12235;488.0;Anguiano;Total;Total habitantes;Personas.
DPOP8656;150.0;Anguita;Total;Total habitantes;Personas.
DPOP3580;166.0;Anguix;Total;Total habitantes;Personas.
DPOP17368;274.0;Anievas;Total;Total habitantes;Personas.
DPOP23692;678.0;Aniñón;Total;Total habitantes;Personas.
DPOP21163;2600.0;Anna;Total;Total habitantes;Personas.
DPOP9478;2112.0;Anoeta;Total;Total habitantes;Personas.
DPOP8659;46.0;Anquela del Ducado;Total;Total habitantes;Personas.
DPOP8662;28.0;Anquela del Pedregal;Total;Total habitantes;Personas.
DPOP10030;409.0;Ansó;Total;Total habitantes;Personas.
DPOP13951;10663.0;Ansoáin/Antsoain;Total;Total habitantes;Personas.
DPOP898;3472.0;Antas;Total;Total habitantes;Personas.
DPOP12727;1822.0;Antas de Ulla;Total;Total habitantes;Personas.
DPOP21166;1130.0;Antella;Total;Total habitantes;Personas.
DPOP13507;41849.0;Antequera;Total;Total habitantes;Personas.
DPOP15823;14164.0;Antigua;Total;Total habitantes;Personas.
DPOP10873;324.0;Antigua, La;Total;Total habitantes;Personas.
DPOP15265;329.0;Antigüedad;Total;Total habitantes;Personas.
DPOP10033;127.0;Antillón;Total;Total habitantes;Personas.
DPOP9481;2045.0;Antzuola;Total;Total habitantes;Personas.
DPOP13954;501.0;Anue;Total;Total habitantes;Personas.
DPOP112;141.0;Añana;Total;Total habitantes;Personas.
DPOP17719;67.0;Añe;Total;Total habitantes;Personas.
DPOP23695;207.0;Añón de Moncayo;Total;Total habitantes;Personas.
DPOP6193;1487.0;Añora;Total;Total habitantes;Personas.
DPOP13957;622.0;Añorbe;Total;Total habitantes;Personas.
DPOP20473;5454.0;Añover de Tajo;Total;Total habitantes;Personas.
DPOP16198;84.0;Añover de Tormes;Total;Total habitantes;Personas.
DPOP13960;3083.0;Aoiz/Agoitz;Total;Total habitantes;Personas.
DPOP16201;318.0;Arabayona de Mógica;Total;Total habitantes;Personas.
DPOP9736;8425.0;Aracena;Total;Total habitantes;Personas.
DPOP17209;5945.0;Arafo;Total;Total habitantes;Personas.
DPOP10036;123.0;Aragüés del Puerto;Total;Total habitantes;Personas.
DPOP18331;19546.0;Arahal;Total;Total habitantes;Personas.
DPOP17722;31.0;Arahuetes;Total;Total habitantes;Personas.
DPOP13963;506.0;Araitz;Total;Total habitantes;Personas.
DPOP22537;156.0;Arakaldo;Total;Total habitantes;Personas.
DPOP13978;990.0;Arakil;Total;Total habitantes;Personas.
DPOP9484;173.0;Arama;Total;Total habitantes;Personas.
DPOP13;1354.0;Aramaio;Total;Total habitantes;Personas.
DPOP13966;70.0;Aranarache/Aranaratxe;Total;Total habitantes;Personas.
DPOP18682;73.0;Arancón;Total;Total habitantes;Personas.
DPOP3583;33956.0;Aranda de Duero;Total;Total habitantes;Personas.
DPOP23698;112.0;Aranda de Moncayo;Total;Total habitantes;Personas.
DPOP23701;279.0;Arándiga;Total;Total habitantes;Personas.
DPOP3586;157.0;Arandilla;Total;Total habitantes;Personas.
DPOP6748;14.0;Arandilla del Arroyo;Total;Total habitantes;Personas.
DPOP6412;1793.0;Aranga;Total;Total habitantes;Personas.
DPOP13972;13216.0;Aranguren;Total;Total habitantes;Personas.
DPOP12961;63040.0;Aranjuez;Total;Total habitantes;Personas.
DPOP13975;108.0;Arano;Total;Total habitantes;Personas.
DPOP13969;628.0;Arantza;Total;Total habitantes;Personas.
DPOP22540;411.0;Arantzazu;Total;Total habitantes;Personas.
DPOP8665;411.0;Aranzueque;Total;Total habitantes;Personas.
DPOP5494;148.0;Arañuel;Total;Total habitantes;Personas.
DPOP16204;744.0;Arapiles;Total;Total habitantes;Personas.
DPOP13981;150.0;Aras;Total;Total habitantes;Personas.
DPOP21169;401.0;Aras de los Olmos;Total;Total habitantes;Personas.
DPOP3589;260.0;Arauzo de Miel;Total;Total habitantes;Personas.
DPOP3592;44.0;Arauzo de Salce;Total;Total habitantes;Personas.
DPOP3595;55.0;Arauzo de Torre;Total;Total habitantes;Personas.
DPOP8668;157.0;Arbancón;Total;Total habitantes;Personas.
DPOP11575;2163.0;Arbeca;Total;Total habitantes;Personas.
DPOP8671;16.0;Arbeteta;Total;Total habitantes;Personas.
DPOP13984;1107.0;Arbizu;Total;Total habitantes;Personas.
DPOP15922;2603.0;Arbo;Total;Total habitantes;Personas.
DPOP19216;5721.0;Arboç, L';Total;Total habitantes;Personas.
DPOP901;4215.0;Arboleas;Total;Total habitantes;Personas.
DPOP19213;138.0;Arbolí;Total;Total habitantes;Personas.
DPOP7432;6665.0;Arbúcies;Total;Total habitantes;Personas.
DPOP7390;2332.0;Arcas;Total;Total habitantes;Personas.
DPOP13987;290.0;Arce/Artzi;Total;Total habitantes;Personas.
DPOP16207;89.0;Arcediano;Total;Total habitantes;Personas.
DPOP22885;450.0;Arcenillas;Total;Total habitantes;Personas.
DPOP13792;20908.0;Archena;Total;Total habitantes;Personas.
DPOP13510;441.0;Árchez;Total;Total habitantes;Personas.
DPOP13513;8105.0;Archidona;Total;Total habitantes;Personas.
DPOP20476;1089.0;Arcicóllar;Total;Total habitantes;Personas.
DPOP16210;85.0;Arco, El;Total;Total habitantes;Personas.
DPOP15268;45.0;Arconada;Total;Total habitantes;Personas.
DPOP17725;179.0;Arcones;Total;Total habitantes;Personas.
DPOP3598;1823.0;Arcos;Total;Total habitantes;Personas.
DPOP18685;1531.0;Arcos de Jalón;Total;Total habitantes;Personas.
DPOP5338;31267.0;Arcos de la Frontera;Total;Total habitantes;Personas.
DPOP22888;211.0;Arcos de la Polvorosa;Total;Total habitantes;Personas.
DPOP6751;77.0;Arcos de la Sierra;Total;Total habitantes;Personas.
DPOP19795;105.0;Arcos de las Salinas;Total;Total habitantes;Personas.
DPOP13990;1177.0;Arcos, Los;Total;Total habitantes;Personas.
DPOP13516;2524.0;Ardales;Total;Total habitantes;Personas.
DPOP23704;73.0;Ardisa;Total;Total habitantes;Personas.
DPOP10876;533.0;Ardón;Total;Total habitantes;Personas.
DPOP22801;1292.0;Areatza;Total;Total habitantes;Personas.
DPOP13993;165.0;Arellano;Total;Total habitantes;Personas.
DPOP10039;309.0;Arén;Total;Total habitantes;Personas.
DPOP1186;961.0;Arenal, El;Total;Total habitantes;Personas.
DPOP6169;626.0;Arenales de San Gregorio;Total;Total habitantes;Personas.
DPOP13519;1291.0;Arenas;Total;Total habitantes;Personas.
DPOP17371;1735.0;Arenas de Iguña;Total;Total habitantes;Personas.
DPOP5920;1013.0;Arenas de San Juan;Total;Total habitantes;Personas.
DPOP1189;6460.0;Arenas de San Pedro;Total;Total habitantes;Personas.
DPOP8125;608.0;Arenas del Rey;Total;Total habitantes;Personas.
DPOP18688;29.0;Arenillas;Total;Total habitantes;Personas.
DPOP3601;156.0;Arenillas de Riopisuerga;Total;Total habitantes;Personas.
DPOP19798;181.0;Arens de Lledó;Total;Total habitantes;Personas.
DPOP2626;17042.0;Arenys de Mar;Total;Total habitantes;Personas.
DPOP2629;9558.0;Arenys de Munt;Total;Total habitantes;Personas.
DPOP12238;257.0;Arenzana de Abajo;Total;Total habitantes;Personas.
DPOP12241;37.0;Arenzana de Arriba;Total;Total habitantes;Personas.
DPOP6415;6275.0;Ares;Total;Total habitantes;Personas.
DPOP5497;181.0;Ares del Maestrat;Total;Total habitantes;Personas.
DPOP13996;260.0;Areso;Total;Total habitantes;Personas.
DPOP9487;7178.0;Aretxabaleta;Total;Total habitantes;Personas.
DPOP1192;58.0;Arevalillo;Total;Total habitantes;Personas.
DPOP17728;18.0;Arevalillo de Cega;Total;Total habitantes;Personas.
DPOP1195;7851.0;Arévalo;Total;Total habitantes;Personas.
DPOP18691;71.0;Arévalo de la Sierra;Total;Total habitantes;Personas.
DPOP5923;6777.0;Argamasilla de Alba;Total;Total habitantes;Personas.
DPOP5926;5847.0;Argamasilla de Calatrava;Total;Total habitantes;Personas.
DPOP12964;60419.0;Arganda del Rey;Total;Total habitantes;Personas.
DPOP10879;800.0;Arganza;Total;Total habitantes;Personas.
DPOP22891;79.0;Argañín;Total;Total habitantes;Personas.
DPOP10042;109.0;Argavieso;Total;Total habitantes;Personas.
DPOP8674;74.0;Argecilla;Total;Total habitantes;Personas.
DPOP7435;468.0;Argelaguer;Total;Total habitantes;Personas.
DPOP5500;139.0;Argelita;Total;Total habitantes;Personas.
DPOP2632;245.0;Argençola;Total;Total habitantes;Personas.
DPOP19801;204.0;Argente;Total;Total habitantes;Personas.
DPOP19219;139.0;Argentera, L';Total;Total habitantes;Personas.
DPOP2635;12891.0;Argentona;Total;Total habitantes;Personas.
DPOP20479;7178.0;Argés;Total;Total habitantes;Personas.
DPOP17374;1884.0;Argoños;Total;Total habitantes;Personas.
DPOP13999;2309.0;Arguedas;Total;Total habitantes;Personas.
DPOP10045;167.0;Arguis;Total;Total habitantes;Personas.
DPOP6757;127.0;Arguisuelas;Total;Total habitantes;Personas.
DPOP22894;215.0;Argujillo;Total;Total habitantes;Personas.
DPOP14002;51.0;Aria;Total;Total habitantes;Personas.
DPOP2602;1072.0;Ariany;Total;Total habitantes;Personas.
DPOP14005;34.0;Aribe;Total;Total habitantes;Personas.
DPOP17212;9505.0;Arico;Total;Total habitantes;Personas.
DPOP3604;115.0;Arija;Total;Total habitantes;Personas.
DPOP19804;605.0;Ariño;Total;Total habitantes;Personas.
DPOP23707;1096.0;Ariza;Total;Total habitantes;Personas.
DPOP10582;5330.0;Arjona;Total;Total habitantes;Personas.
DPOP10585;3520.0;Arjonilla;Total;Total habitantes;Personas.
DPOP3607;425.0;Arlanzón;Total;Total habitantes;Personas.
DPOP8677;52.0;Armallones;Total;Total habitantes;Personas.
DPOP14008;47.0;Armañanzas;Total;Total habitantes;Personas.
DPOP7438;1080.0;Armentera, L';Total;Total habitantes;Personas.
DPOP16213;156.0;Armenteros;Total;Total habitantes;Personas.
DPOP8128;25300.0;Armilla;Total;Total habitantes;Personas.
DPOP19;236.0;Armiñón;Total;Total habitantes;Personas.
DPOP17731;253.0;Armuña;Total;Total habitantes;Personas.
DPOP904;371.0;Armuña de Almanzora;Total;Total habitantes;Personas.
DPOP8680;280.0;Armuña de Tajuña;Total;Total habitantes;Personas.
DPOP12244;433.0;Arnedillo;Total;Total habitantes;Personas.
DPOP12247;15140.0;Arnedo;Total;Total habitantes;Personas.
DPOP19222;461.0;Arnes;Total;Total habitantes;Personas.
DPOP14731;949.0;Arnoia, A;Total;Total habitantes;Personas.
DPOP17377;2300.0;Arnuero;Total;Total habitantes;Personas.
DPOP9739;2991.0;Aroche;Total;Total habitantes;Personas.
DPOP17215;87793.0;Arona;Total;Total habitantes;Personas.
DPOP22897;105.0;Arquillinos;Total;Total habitantes;Personas.
DPOP10588;1682.0;Arquillos;Total;Total habitantes;Personas.
DPOP22900;186.0;Arrabalde;Total;Total habitantes;Personas.
DPOP88;812.0;Arraia-Maeztu;Total;Total habitantes;Personas.
DPOP6760;14.0;Arrancacepas;Total;Total habitantes;Personas.
DPOP22549;1018.0;Arrankudiaga-Zollo;Total;Total habitantes;Personas.
DPOP9613;22450.0;Arrasate/Mondragón;Total;Total habitantes;Personas.
DPOP22855;417.0;Arratzu;Total;Total habitantes;Personas.
DPOP22;1056.0;Arratzua-Ubarrundia;Total;Total habitantes;Personas.
DPOP3610;49.0;Arraya de Oca;Total;Total habitantes;Personas.
DPOP15826;70811.0;Arrecife;Total;Total habitantes;Personas.
DPOP17380;478.0;Arredondo;Total;Total habitantes;Personas.
DPOP11581;58.0;Arres;Total;Total habitantes;Personas.
DPOP13522;4049.0;Arriate;Total;Total habitantes;Personas.
DPOP22552;582.0;Arrieta;Total;Total habitantes;Personas.
DPOP22555;11939.0;Arrigorriaga;Total;Total habitantes;Personas.
DPOP5929;388.0;Arroba de los Montes;Total;Total habitantes;Personas.
DPOP14011;1064.0;Arróniz;Total;Total habitantes;Personas.
DPOP21874;22800.0;Arroyo de la Encomienda;Total;Total habitantes;Personas.
DPOP4723;5495.0;Arroyo de la Luz;Total;Total habitantes;Personas.
DPOP8683;32.0;Arroyo de las Fraguas;Total;Total habitantes;Personas.
DPOP1945;4001.0;Arroyo de San Serván;Total;Total habitantes;Personas.
DPOP10855;2158.0;Arroyo del Ojanco;Total;Total habitantes;Personas.
DPOP4729;816.0;Arroyomolinos;Total;Total habitantes;Personas.
DPOP12967;38075.0;Arroyomolinos;Total;Total habitantes;Personas.
DPOP4726;424.0;Arroyomolinos de la Vera;Total;Total habitantes;Personas.
DPOP9742;907.0;Arroyomolinos de León;Total;Total habitantes;Personas.
DPOP14014;121.0;Arruazu;Total;Total habitantes;Personas.
DPOP12250;566.0;Arrúbal;Total;Total habitantes;Personas.
DPOP11584;87.0;Arsèguel;Total;Total habitantes;Personas.
DPOP2422;8629.0;Artà;Total;Total habitantes;Personas.
DPOP14017;1783.0;Artajona;Total;Total habitantes;Personas.
DPOP5503;1993.0;Artana;Total;Total habitantes;Personas.
DPOP14020;125.0;Artazu;Total;Total habitantes;Personas.
DPOP22591;743.0;Artea;Total;Total habitantes;Personas.
DPOP6418;34403.0;Arteixo;Total;Total habitantes;Personas.
DPOP15829;1024.0;Artenara;Total;Total habitantes;Personas.
DPOP2638;6225.0;Artés;Total;Total habitantes;Personas.
DPOP11587;1543.0;Artesa de Lleida;Total;Total habitantes;Personas.
DPOP11590;3559.0;Artesa de Segre;Total;Total habitantes;Personas.
DPOP23710;90.0;Artieda;Total;Total habitantes;Personas.
DPOP22546;754.0;Artzentales;Total;Total habitantes;Personas.
DPOP16;1868.0;Artziniega;Total;Total habitantes;Personas.
DPOP15832;39232.0;Arucas;Total;Total habitantes;Personas.
DPOP6421;5916.0;Arzúa;Total;Total habitantes;Personas.
DPOP19225;1589.0;Ascó;Total;Total habitantes;Personas.
DPOP23713;88.0;Asín;Total;Total habitantes;Personas.
DPOP11596;233.0;Aspa;Total;Total habitantes;Personas.
DPOP22903;223.0;Aspariegos;Total;Total habitantes;Personas.
DPOP25;1609.0;Asparrena;Total;Total habitantes;Personas.
DPOP481;22397.0;Aspe;Total;Total habitantes;Personas.
DPOP9490;1566.0;Asteasu;Total;Total habitantes;Personas.
DPOP9700;7812.0;Astigarraga;Total;Total habitantes;Personas.
DPOP17383;18448.0;Astillero, El;Total;Total habitantes;Personas.
DPOP10882;10305.0;Astorga;Total;Total habitantes;Personas.
DPOP15271;1041.0;Astudillo;Total;Total habitantes;Personas.
DPOP22906;252.0;Asturianos;Total;Total habitantes;Personas.
DPOP13525;168.0;Atajate;Total;Total habitantes;Personas.
DPOP1948;258.0;Atalaya;Total;Total habitantes;Personas.
DPOP6763;91.0;Atalaya del Cañavate;Total;Total habitantes;Personas.
DPOP16219;102.0;Atalaya, La;Total;Total habitantes;Personas.
DPOP8686;83.0;Atanzón;Total;Total habitantes;Personas.
DPOP3613;178.0;Atapuerca;Total;Total habitantes;Personas.
DPOP21877;580.0;Ataquines;Total;Total habitantes;Personas.
DPOP8131;20914.0;Atarfe;Total;Total habitantes;Personas.
DPOP9493;1714.0;Ataun;Total;Total habitantes;Personas.
DPOP12970;110.0;Atazar, El;Total;Total habitantes;Personas.
DPOP23716;142.0;Atea;Total;Total habitantes;Personas.
DPOP23719;1785.0;Ateca;Total;Total habitantes;Personas.
DPOP14023;227.0;Atetz;Total;Total habitantes;Personas.
DPOP8689;406.0;Atienza;Total;Total habitantes;Personas.
DPOP22795;1342.0;Atxondo;Total;Total habitantes;Personas.
DPOP21055;1193.0;Atzeneta d'Albaida;Total;Total habitantes;Personas.
DPOP5458;1284.0;Atzeneta del Maestrat;Total;Total habitantes;Personas.
DPOP427;589.0;Atzúbia, l';Total;Total habitantes;Personas.
DPOP22732;639.0;Aulesti;Total;Total habitantes;Personas.
DPOP8692;156.0;Auñón;Total;Total habitantes;Personas.
DPOP14077;235.0;Auritz/Burguete;Total;Total habitantes;Personas.
DPOP12253;774.0;Ausejo;Total;Total habitantes;Personas.
DPOP18694;113.0;Ausejo de la Sierra;Total;Total habitantes;Personas.
DPOP3616;143.0;Ausines, Los;Total;Total habitantes;Personas.
DPOP15274;223.0;Autilla del Pino;Total;Total habitantes;Personas.
DPOP15277;125.0;Autillo de Campos;Total;Total habitantes;Personas.
DPOP12256;4958.0;Autol;Total;Total habitantes;Personas.
DPOP1198;67.0;Aveinte;Total;Total habitantes;Personas.
DPOP1201;23.0;Avellaneda;Total;Total habitantes;Personas.
DPOP11599;434.0;Avellanes i Santa Linya, Les;Total;Total habitantes;Personas.
DPOP3619;95.0;Avellanosa de Muñó;Total;Total habitantes;Personas.
DPOP2641;2267.0;Avià;Total;Total habitantes;Personas.
DPOP1204;59107.0;Ávila;Total;Total habitantes;Personas.
DPOP15013;75517.0;Avilés;Total;Total habitantes;Personas.
DPOP2644;2322.0;Avinyó;Total;Total habitantes;Personas.
DPOP7441;1671.0;Avinyonet de Puigventós;Total;Total habitantes;Personas.
DPOP2647;1782.0;Avinyonet del Penedès;Total;Total habitantes;Personas.
DPOP14734;1719.0;Avión;Total;Total habitantes;Personas.
DPOP28;2921.0;Ayala/Aiara;Total;Total habitantes;Personas.
DPOP9745;22001.0;Ayamonte;Total;Total habitantes;Personas.
DPOP14026;2589.0;Ayegui/Aiegi;Total;Total habitantes;Personas.
DPOP10048;1050.0;Ayerbe;Total;Total habitantes;Personas.
DPOP17734;1110.0;Ayllón;Total;Total habitantes;Personas.
DPOP193;577.0;Ayna;Total;Total habitantes;Personas.
DPOP5506;176.0;Ayódar;Total;Total habitantes;Personas.
DPOP22909;264.0;Ayoó de Vidriales;Total;Total habitantes;Personas.
DPOP21178;5282.0;Ayora;Total;Total habitantes;Personas.
DPOP15280;48.0;Ayuela;Total;Total habitantes;Personas.
DPOP14029;3746.0;Azagra;Total;Total habitantes;Personas.
DPOP19807;94.0;Azaila;Total;Total habitantes;Personas.
DPOP10051;184.0;Azanuy-Alins;Total;Total habitantes;Personas.
DPOP10054;167.0;Azara;Total;Total habitantes;Personas.
DPOP9499;11774.0;Azkoitia;Total;Total habitantes;Personas.
DPOP10057;155.0;Azlor;Total;Total habitantes;Personas.
DPOP18334;4875.0;Aznalcázar;Total;Total habitantes;Personas.
DPOP18337;6096.0;Aznalcóllar;Total;Total habitantes;Personas.
DPOP12259;188.0;Azofra;Total;Total habitantes;Personas.
DPOP9502;15301.0;Azpeitia;Total;Total habitantes;Personas.
DPOP1951;7587.0;Azuaga;Total;Total habitantes;Personas.
DPOP23722;548.0;Azuara;Total;Total habitantes;Personas.
DPOP5509;359.0;Azuébar;Total;Total habitantes;Personas.
DPOP14032;29.0;Azuelo;Total;Total habitantes;Personas.
DPOP8695;35924.0;Azuqueca de Henares;Total;Total habitantes;Personas.
DPOP20482;286.0;Azután;Total;Total habitantes;Personas.
DPOP16222;924.0;Babilafuente;Total;Total habitantes;Personas.
DPOP907;226.0;Bacares;Total;Total habitantes;Personas.
DPOP1954;150209.0;Badajoz;Total;Total habitantes;Personas.
DPOP2653;231542.0;Badalona;Total;Total habitantes;Personas.
DPOP12262;474.0;Badarán;Total;Total habitantes;Personas.
DPOP19810;28.0;Bádenas;Total;Total habitantes;Personas.
DPOP3538;13060.0;Badia del Vallès;Total;Total habitantes;Personas.
DPOP18340;3058.0;Badolatosa;Total;Total habitantes;Personas.
DPOP23725;83.0;Badules;Total;Total habitantes;Personas.
DPOP10060;89.0;Baélls;Total;Total habitantes;Personas.
DPOP6196;18386.0;Baena;Total;Total habitantes;Personas.
DPOP10591;15575.0;Baeza;Total;Total habitantes;Personas.
DPOP2656;2161.0;Bagà;Total;Total habitantes;Personas.
DPOP19813;278.0;Báguena;Total;Total habitantes;Personas.
DPOP23728;16.0;Bagüés;Total;Total habitantes;Personas.
DPOP21880;97.0;Bahabón;Total;Total habitantes;Personas.
DPOP3622;80.0;Bahabón de Esgueva;Total;Total habitantes;Personas.
DPOP8698;46.0;Baides;Total;Total habitantes;Personas.
DPOP10594;17119.0;Bailén;Total;Total habitantes;Personas.
DPOP10063;265.0;Bailo;Total;Total habitantes;Personas.
DPOP15928;12361.0;Baiona;Total;Total habitantes;Personas.
DPOP11605;345.0;Baix Pallars;Total;Total habitantes;Personas.
DPOP14035;342.0;Bakaiku;Total;Total habitantes;Personas.
DPOP22558;2857.0;Bakio;Total;Total habitantes;Personas.
DPOP11608;17729.0;Balaguer;Total;Total habitantes;Personas.
DPOP37280;3055.0;Balanegra;Total;Total habitantes;Personas.
DPOP196;2356.0;Balazote;Total;Total habitantes;Personas.
DPOP3625;298.0;Balbases, Los;Total;Total habitantes;Personas.
DPOP10885;269.0;Balboa;Total;Total habitantes;Personas.
DPOP23731;19.0;Balconchán;Total;Total habitantes;Personas.
DPOP10066;81.0;Baldellou;Total;Total habitantes;Personas.
DPOP12730;1093.0;Baleira;Total;Total habitantes;Personas.
DPOP2659;4021.0;Balenyà;Total;Total habitantes;Personas.
DPOP9703;152.0;Baliarrain;Total;Total habitantes;Personas.
DPOP202;411.0;Ballestero, El;Total;Total habitantes;Personas.
DPOP5932;363.0;Ballesteros de Calatrava;Total;Total habitantes;Personas.
DPOP10069;862.0;Ballobar;Total;Total habitantes;Personas.
DPOP22792;7718.0;Balmaseda;Total;Total habitantes;Personas.
DPOP484;132.0;Balones;Total;Total habitantes;Personas.
DPOP199;121.0;Balsa de Ves;Total;Total habitantes;Personas.
DPOP2662;3380.0;Balsareny;Total;Total habitantes;Personas.
DPOP15283;1226.0;Baltanás;Total;Total habitantes;Personas.
DPOP14737;849.0;Baltar;Total;Total habitantes;Personas.
DPOP10072;335.0;Banastás;Total;Total habitantes;Personas.
DPOP14740;1460.0;Bande;Total;Total habitantes;Personas.
DPOP2425;573.0;Banyalbufar;Total;Total habitantes;Personas.
DPOP487;7347.0;Banyeres de Mariola;Total;Total habitantes;Personas.
DPOP19228;3395.0;Banyeres del Penedès;Total;Total habitantes;Personas.
DPOP7450;20865.0;Banyoles;Total;Total habitantes;Personas.
DPOP6424;3239.0;Baña, A;Total;Total habitantes;Personas.
DPOP12265;198.0;Bañares;Total;Total habitantes;Personas.
DPOP10888;10195.0;Bañeza, La;Total;Total habitantes;Personas.
DPOP16225;277.0;Bañobárez;Total;Total habitantes;Personas.
DPOP19816;152.0;Bañón;Total;Total habitantes;Personas.
DPOP31;286.0;Baños de Ebro/Mañueta;Total;Total habitantes;Personas.
DPOP10597;2542.0;Baños de la Encina;Total;Total habitantes;Personas.
DPOP14743;1471.0;Baños de Molgas;Total;Total habitantes;Personas.
DPOP4732;738.0;Baños de Montemayor;Total;Total habitantes;Personas.
DPOP12271;1589.0;Baños de Río Tobía;Total;Total habitantes;Personas.
DPOP12268;86.0;Baños de Rioja;Total;Total habitantes;Personas.
DPOP8701;13.0;Baños de Tajo;Total;Total habitantes;Personas.
DPOP3628;322.0;Baños de Valdearados;Total;Total habitantes;Personas.
DPOP8704;10.0;Bañuelos;Total;Total habitantes;Personas.
DPOP3631;32.0;Bañuelos de Bureba;Total;Total habitantes;Personas.
DPOP15289;20.0;Baquerín de Campos;Total;Total habitantes;Personas.
DPOP6766;1011.0;Barajas de Melo;Total;Total habitantes;Personas.
DPOP22561;102986.0;Barakaldo;Total;Total habitantes;Personas.
DPOP12916;2396.0;Baralla;Total;Total habitantes;Personas.
DPOP14698;19642.0;Barañáin/Barañain;Total;Total habitantes;Personas.
DPOP18697;117.0;Baraona;Total;Total habitantes;Personas.
DPOP14038;601.0;Barásoain;Total;Total habitantes;Personas.
DPOP14746;11201.0;Barbadás;Total;Total habitantes;Personas.
DPOP16228;391.0;Barbadillo;Total;Total habitantes;Personas.
DPOP3634;103.0;Barbadillo de Herreros;Total;Total habitantes;Personas.
DPOP3637;134.0;Barbadillo del Mercado;Total;Total habitantes;Personas.
DPOP3640;64.0;Barbadillo del Pez;Total;Total habitantes;Personas.
DPOP16231;70.0;Barbalos;Total;Total habitantes;Personas.
DPOP14041;46.0;Barbarin;Total;Total habitantes;Personas.
DPOP10075;17807.0;Barbastro;Total;Total habitantes;Personas.
DPOP5341;22635.0;Barbate;Total;Total habitantes;Personas.
DPOP11611;929.0;Barbens;Total;Total habitantes;Personas.
DPOP19231;476.0;Barberà de la Conca;Total;Total habitantes;Personas.
DPOP3358;33987.0;Barberà del Vallès;Total;Total habitantes;Personas.
DPOP23734;277.0;Bárboles;Total;Total habitantes;Personas.
DPOP17737;142.0;Barbolla;Total;Total habitantes;Personas.
DPOP10078;97.0;Barbués;Total;Total habitantes;Personas.
DPOP10081;93.0;Barbuñales;Total;Total habitantes;Personas.
DPOP18700;116.0;Barca;Total;Total habitantes;Personas.
DPOP10084;116.0;Bárcabo;Total;Total habitantes;Personas.
DPOP1957;3456.0;Barcarrota;Total;Total habitantes;Personas.
DPOP2665;1731649.0;Barcelona;Total;Total habitantes;Personas.
DPOP15292;53.0;Bárcena de Campos;Total;Total habitantes;Personas.
DPOP17386;4907.0;Bárcena de Cicero;Total;Total habitantes;Personas.
DPOP17389;675.0;Bárcena de Pie de Concha;Total;Total habitantes;Personas.
DPOP16234;45.0;Barceo;Total;Total habitantes;Personas.
DPOP6769;104.0;Barchín del Hoyo;Total;Total habitantes;Personas.
DPOP21883;98.0;Barcial de la Loma;Total;Total habitantes;Personas.
DPOP22912;254.0;Barcial del Barco;Total;Total habitantes;Personas.
DPOP20485;1110.0;Barcience;Total;Total habitantes;Personas.
DPOP1207;2308.0;Barco de Ávila, El;Total;Total habitantes;Personas.
DPOP14749;13368.0;Barco de Valdeorras, O;Total;Total habitantes;Personas.
DPOP18703;25.0;Barcones;Total;Total habitantes;Personas.
DPOP23737;242.0;Bardallur;Total;Total habitantes;Personas.
DPOP17392;2124.0;Bareyo;Total;Total habitantes;Personas.
DPOP20488;11274.0;Bargas;Total;Total habitantes;Personas.
DPOP14044;237.0;Bargota;Total;Total habitantes;Personas.
DPOP14047;240.0;Barillas;Total;Total habitantes;Personas.
DPOP10891;140.0;Barjas;Total;Total habitantes;Personas.
DPOP17218;2108.0;Barlovento;Total;Total habitantes;Personas.
DPOP11614;216.0;Baronia de Rialb, La;Total;Total habitantes;Personas.
DPOP5512;188.0;Barracas;Total;Total habitantes;Personas.
DPOP19819;113.0;Barrachina;Total;Total habitantes;Personas.
DPOP1210;2086.0;Barraco, El;Total;Total habitantes;Personas.
DPOP4735;383.0;Barrado;Total;Total habitantes;Personas.
DPOP205;1838.0;Barrax;Total;Total habitantes;Personas.
DPOP12733;3036.0;Barreiros;Total;Total habitantes;Personas.
DPOP22564;1513.0;Barrika;Total;Total habitantes;Personas.
DPOP3643;32.0;Barrio de Muñó;Total;Total habitantes;Personas.
DPOP8707;26.0;Barriopedro;Total;Total habitantes;Personas.
DPOP3646;179.0;Barrios de Bureba, Los;Total;Total habitantes;Personas.
DPOP3649;55.0;Barrios de Colina;Total;Total habitantes;Personas.
DPOP10894;300.0;Barrios de Luna, Los;Total;Total habitantes;Personas.
DPOP5344;24449.0;Barrios, Los;Total;Total habitantes;Personas.
DPOP15925;3674.0;Barro;Total;Total habitantes;Personas.
DPOP1213;174.0;Barromán;Total;Total habitantes;Personas.
DPOP16237;409.0;Barruecopardo;Total;Total habitantes;Personas.
DPOP15295;1164.0;Barruelo de Santullán;Total;Total habitantes;Personas.
DPOP21886;51.0;Barruelo del Valle;Total;Total habitantes;Personas.
DPOP34;882.0;Barrundia;Total;Total habitantes;Personas.
DPOP21184;1501.0;Barx;Total;Total habitantes;Personas.
DPOP21181;1578.0;Barxeta;Total;Total habitantes;Personas.
DPOP14050;819.0;Basaburua;Total;Total habitantes;Personas.
DPOP17740;136.0;Basardilla;Total;Total habitantes;Personas.
DPOP22567;40274.0;Basauri;Total;Total habitantes;Personas.
DPOP7453;1049.0;Bàscara;Total;Total habitantes;Personas.
DPOP3652;276.0;Basconcillos del Tozo;Total;Total habitantes;Personas.
DPOP15298;136.0;Báscones de Ojeda;Total;Total habitantes;Personas.
DPOP3655;20.0;Bascuñana;Total;Total habitantes;Personas.
DPOP6772;23.0;Bascuñana de San Pedro;Total;Total habitantes;Personas.
DPOP11620;216.0;Bassella;Total;Total habitantes;Personas.
DPOP16240;22.0;Bastida, La;Total;Total habitantes;Personas.
DPOP19234;1875.0;Batea;Total;Total habitantes;Personas.
DPOP1960;231.0;Baterno;Total;Total habitantes;Personas.
DPOP12973;1976.0;Batres;Total;Total habitantes;Personas.
DPOP11623;62.0;Bausen;Total;Total habitantes;Personas.
DPOP910;294.0;Bayárcal;Total;Total habitantes;Personas.
DPOP913;215.0;Bayarque;Total;Total habitantes;Personas.
DPOP18706;148.0;Bayubas de Abajo;Total;Total habitantes;Personas.
DPOP18709;56.0;Bayubas de Arriba;Total;Total habitantes;Personas.
DPOP8134;20587.0;Baza;Total;Total habitantes;Personas.
DPOP14053;7851.0;Baztan;Total;Total habitantes;Personas.
DPOP19822;30.0;Bea;Total;Total habitantes;Personas.
DPOP14752;363.0;Beade;Total;Total habitantes;Personas.
DPOP6775;45.0;Beamud;Total;Total habitantes;Personas.
DPOP14755;901.0;Beariz;Total;Total habitantes;Personas.
DPOP9748;4414.0;Beas;Total;Total habitantes;Personas.
DPOP8137;1007.0;Beas de Granada;Total;Total habitantes;Personas.
DPOP8140;318.0;Beas de Guadix;Total;Total habitantes;Personas.
DPOP10600;4983.0;Beas de Segura;Total;Total habitantes;Personas.
DPOP9505;14048.0;Beasain;Total;Total habitantes;Personas.
DPOP1216;146.0;Becedas;Total;Total habitantes;Personas.
DPOP1219;70.0;Becedillas;Total;Total habitantes;Personas.
DPOP19825;572.0;Beceite;Total;Total habitantes;Personas.
DPOP12736;2836.0;Becerreá;Total;Total habitantes;Personas.
DPOP15301;737.0;Becerril de Campos;Total;Total habitantes;Personas.
DPOP12976;6737.0;Becerril de la Sierra;Total;Total habitantes;Personas.
DPOP21889;206.0;Becilla de Valderaduey;Total;Total habitantes;Personas.
DPOP916;953.0;Bédar;Total;Total habitantes;Personas.
DPOP22798;1111.0;Bedia;Total;Total habitantes;Personas.
DPOP10846;2567.0;Bedmar y Garcíez;Total;Total habitantes;Personas.
DPOP10603;2908.0;Begíjar;Total;Total habitantes;Personas.
DPOP12739;2886.0;Begonte;Total;Total habitantes;Personas.
DPOP2668;7561.0;Begues;Total;Total habitantes;Personas.
DPOP7444;4291.0;Begur;Total;Total habitantes;Personas.
DPOP14314;228.0;Beintza-Labaien;Total;Total habitantes;Personas.
DPOP14056;274.0;Beire;Total;Total habitantes;Personas.
DPOP919;140.0;Beires;Total;Total habitantes;Personas.
DPOP9508;128.0;Beizama;Total;Total habitantes;Personas.
DPOP16243;11993.0;Béjar;Total;Total habitantes;Personas.
DPOP5518;400.0;Bejís;Total;Total habitantes;Personas.
DPOP6199;3093.0;Belalcázar;Total;Total habitantes;Personas.
DPOP14059;124.0;Belascoáin;Total;Total habitantes;Personas.
DPOP9511;291.0;Belauntza;Total;Total habitantes;Personas.
DPOP3658;53.0;Belbimbre;Total;Total habitantes;Personas.
DPOP23740;1495.0;Belchite;Total;Total habitantes;Personas.
DPOP16246;258.0;Beleña;Total;Total habitantes;Personas.
DPOP21187;651.0;Bèlgida;Total;Total habitantes;Personas.
DPOP11626;514.0;Belianes;Total;Total habitantes;Personas.
DPOP6778;453.0;Belinchón;Total;Total habitantes;Personas.
DPOP11941;278.0;Bellaguarda;Total;Total habitantes;Personas.
DPOP7456;723.0;Bellcaire d'Empordà;Total;Total habitantes;Personas.
DPOP11629;1275.0;Bellcaire d'Urgell;Total;Total habitantes;Personas.
DPOP11632;2364.0;Bell-lloc d'Urgell;Total;Total habitantes;Personas.
DPOP19237;290.0;Bellmunt del Priorat;Total;Total habitantes;Personas.
DPOP11635;174.0;Bellmunt d'Urgell;Total;Total habitantes;Personas.
DPOP19831;204.0;Bello;Total;Total habitantes;Personas.
DPOP2671;69.0;Bellprat;Total;Total habitantes;Personas.
DPOP11638;5510.0;Bellpuig;Total;Total habitantes;Personas.
DPOP21190;5032.0;Bellreguard;Total;Total habitantes;Personas.
DPOP21193;317.0;Bellús;Total;Total habitantes;Personas.
DPOP19240;2460.0;Bellvei;Total;Total habitantes;Personas.
DPOP11641;2289.0;Bellver de Cerdanya;Total;Total habitantes;Personas.
DPOP11644;2249.0;Bellvís;Total;Total habitantes;Personas.
DPOP6202;2833.0;Belmez;Total;Total habitantes;Personas.
DPOP10606;1504.0;Bélmez de la Moraleda;Total;Total habitantes;Personas.
DPOP6781;1751.0;Belmonte;Total;Total habitantes;Personas.
DPOP15304;28.0;Belmonte de Campos;Total;Total habitantes;Personas.
DPOP23743;183.0;Belmonte de Gracián;Total;Total habitantes;Personas.
DPOP15016;1366.0;Belmonte de Miranda;Total;Total habitantes;Personas.
DPOP19828;114.0;Belmonte de San José;Total;Total habitantes;Personas.
DPOP12979;1955.0;Belmonte de Tajo;Total;Total habitantes;Personas.
DPOP6784;122.0;Belmontejo;Total;Total habitantes;Personas.
DPOP3661;1823.0;Belorado;Total;Total habitantes;Personas.
DPOP10087;1298.0;Belver de Cinca;Total;Total habitantes;Personas.
DPOP22915;252.0;Belver de los Montes;Total;Total habitantes;Personas.
DPOP20491;1475.0;Belvís de la Jara;Total;Total habitantes;Personas.
DPOP4738;774.0;Belvís de Monroy;Total;Total habitantes;Personas.
DPOP10897;8041.0;Bembibre;Total;Total habitantes;Personas.
DPOP10090;1142.0;Benabarre;Total;Total habitantes;Personas.
DPOP18343;7363.0;Benacazón;Total;Total habitantes;Personas.
DPOP13528;226.0;Benadalid;Total;Total habitantes;Personas.
DPOP21892;68.0;Benafarces;Total;Total habitantes;Personas.
DPOP5521;168.0;Benafer;Total;Total habitantes;Personas.
DPOP5524;121.0;Benafigos;Total;Total habitantes;Personas.
DPOP21196;176.0;Benagéber;Total;Total habitantes;Personas.
DPOP21199;12668.0;Benaguasil;Total;Total habitantes;Personas.
DPOP922;4901.0;Benahadux;Total;Total habitantes;Personas.
DPOP13531;9472.0;Benahavís;Total;Total habitantes;Personas.
DPOP13534;460.0;Benalauría;Total;Total habitantes;Personas.
DPOP13537;78338.0;Benalmádena;Total;Total habitantes;Personas.
DPOP8143;3381.0;Benalúa;Total;Total habitantes;Personas.
DPOP8146;1028.0;Benalúa de las Villas;Total;Total habitantes;Personas.
DPOP5449;7236.0;Benalup-Casas Viejas;Total;Total habitantes;Personas.
DPOP13540;1560.0;Benamargosa;Total;Total habitantes;Personas.
DPOP8149;2235.0;Benamaurel;Total;Total habitantes;Personas.
DPOP6205;4895.0;Benamejí;Total;Total habitantes;Personas.
DPOP13543;3200.0;Benamocarra;Total;Total habitantes;Personas.
DPOP5347;742.0;Benaocaz;Total;Total habitantes;Personas.
DPOP13546;1427.0;Benaoján;Total;Total habitantes;Personas.
DPOP13549;457.0;Benarrabá;Total;Total habitantes;Personas.
DPOP490;174.0;Benasau;Total;Total habitantes;Personas.
DPOP10093;2359.0;Benasque;Total;Total habitantes;Personas.
DPOP5527;1048.0;Benassal;Total;Total habitantes;Personas.
DPOP10609;423.0;Benatae;Total;Total habitantes;Personas.
DPOP11647;1571.0;Benavent de Segrià;Total;Total habitantes;Personas.
DPOP22918;17309.0;Benavente;Total;Total habitantes;Personas.
DPOP10900;2321.0;Benavides;Total;Total habitantes;Personas.
DPOP21202;652.0;Benavites;Total;Total habitantes;Personas.
DPOP22921;266.0;Benegiles;Total;Total habitantes;Personas.
DPOP493;1696.0;Beneixama;Total;Total habitantes;Personas.
DPOP21205;659.0;Beneixida;Total;Total habitantes;Personas.
DPOP496;5811.0;Benejúzar;Total;Total habitantes;Personas.
DPOP21208;16734.0;Benetússer;Total;Total habitantes;Personas.
DPOP499;2099.0;Benferri;Total;Total habitantes;Personas.
DPOP502;2499.0;Beniarbeig;Total;Total habitantes;Personas.
DPOP505;226.0;Beniardà;Total;Total habitantes;Personas.
DPOP21211;1964.0;Beniarjó;Total;Total habitantes;Personas.
DPOP508;1117.0;Beniarrés;Total;Total habitantes;Personas.
DPOP21214;209.0;Beniatjar;Total;Total habitantes;Personas.
DPOP5530;30296.0;Benicarló;Total;Total habitantes;Personas.
DPOP5533;20539.0;Benicàssim/Benicasim;Total;Total habitantes;Personas.
DPOP21217;610.0;Benicolet;Total;Total habitantes;Personas.
DPOP24550;1179.0;Benicull de Xúquer;Total;Total habitantes;Personas.
DPOP514;1245.0;Benidoleig;Total;Total habitantes;Personas.
DPOP517;77327.0;Benidorm;Total;Total habitantes;Personas.
DPOP13795;11582.0;Beniel;Total;Total habitantes;Personas.
DPOP21226;12262.0;Benifaió;Total;Total habitantes;Personas.
DPOP21223;1588.0;Benifairó de la Valldigna;Total;Total habitantes;Personas.
DPOP21220;2359.0;Benifairó de les Valls;Total;Total habitantes;Personas.
DPOP19243;706.0;Benifallet;Total;Total habitantes;Personas.
DPOP520;130.0;Benifallim;Total;Total habitantes;Personas.
DPOP523;162.0;Benifato;Total;Total habitantes;Personas.
DPOP21229;505.0;Beniflá;Total;Total habitantes;Personas.
DPOP21232;5759.0;Benigànim;Total;Total habitantes;Personas.
DPOP511;590.0;Benigembla;Total;Total habitantes;Personas.
DPOP526;3679.0;Benijófar;Total;Total habitantes;Personas.
DPOP529;744.0;Benilloba;Total;Total habitantes;Personas.
DPOP532;110.0;Benillup;Total;Total habitantes;Personas.
DPOP535;548.0;Benimantell;Total;Total habitantes;Personas.
DPOP538;465.0;Benimarfull;Total;Total habitantes;Personas.
DPOP541;85.0;Benimassot;Total;Total habitantes;Personas.
DPOP544;474.0;Benimeli;Total;Total habitantes;Personas.
DPOP21235;2332.0;Benimodo;Total;Total habitantes;Personas.
DPOP21238;674.0;Benimuslem;Total;Total habitantes;Personas.
DPOP21241;2108.0;Beniparrell;Total;Total habitantes;Personas.
DPOP21244;1576.0;Benirredrà;Total;Total habitantes;Personas.
DPOP547;12471.0;Benissa;Total;Total habitantes;Personas.
DPOP19246;1186.0;Benissanet;Total;Total habitantes;Personas.
DPOP21247;2449.0;Benissanó;Total;Total habitantes;Personas.
DPOP21250;494.0;Benissoda;Total;Total habitantes;Personas.
DPOP21253;196.0;Benissuera;Total;Total habitantes;Personas.
DPOP550;4911.0;Poble Nou de Benitatxell, el/Benitachell;Total;Total habitantes;Personas.
DPOP925;63.0;Benitagla;Total;Total habitantes;Personas.
DPOP928;242.0;Benizalón;Total;Total habitantes;Personas.
DPOP5536;1143.0;Benlloc;Total;Total habitantes;Personas.
DPOP4741;74.0;Benquerencia;Total;Total habitantes;Personas.
DPOP1963;771.0;Benquerencia de la Serena;Total;Total habitantes;Personas.
DPOP931;223.0;Bentarique;Total;Total habitantes;Personas.
DPOP10903;457.0;Benuza;Total;Total habitantes;Personas.
DPOP14650;3779.0;Bera;Total;Total habitantes;Personas.
DPOP22570;8242.0;Berango;Total;Total habitantes;Personas.
DPOP37;461.0;Berantevilla;Total;Total habitantes;Personas.
DPOP10510;68.0;Beranuy;Total;Total habitantes;Personas.
DPOP9514;1114.0;Berastegi;Total;Total habitantes;Personas.
DPOP18712;38.0;Beratón;Total;Total habitantes;Personas.
DPOP10096;321.0;Berbegal;Total;Total habitantes;Personas.
DPOP3664;52.0;Berberana;Total;Total habitantes;Personas.
DPOP14062;670.0;Berbinzana;Total;Total habitantes;Personas.
DPOP12274;143.0;Berceo;Total;Total habitantes;Personas.
DPOP21895;170.0;Bercero;Total;Total habitantes;Personas.
DPOP21898;36.0;Berceruelo;Total;Total habitantes;Personas.
DPOP8152;688.0;Bérchules;Total;Total habitantes;Personas.
DPOP17743;102.0;Bercial;Total;Total habitantes;Personas.
DPOP1222;166.0;Bercial de Zapardiel;Total;Total habitantes;Personas.
DPOP10906;513.0;Bercianos del Páramo;Total;Total habitantes;Personas.
DPOP10909;179.0;Bercianos del Real Camino;Total;Total habitantes;Personas.
DPOP17746;34.0;Bercimuel;Total;Total habitantes;Personas.
DPOP23746;40.0;Berdejo;Total;Total habitantes;Personas.
DPOP2674;17473.0;Berga;Total;Total habitantes;Personas.
DPOP9670;14404.0;Bergara;Total;Total habitantes;Personas.
DPOP12277;172.0;Bergasa;Total;Total habitantes;Personas.
DPOP12280;31.0;Bergasillas Bajera;Total;Total habitantes;Personas.
DPOP19834;218.0;Berge;Total;Total habitantes;Personas.
DPOP6427;7135.0;Bergondo;Total;Total habitantes;Personas.
DPOP14710;4195.0;Beriáin;Total;Total habitantes;Personas.
DPOP934;13120.0;Berja;Total;Total habitantes;Personas.
DPOP1225;323.0;Berlanas, Las;Total;Total habitantes;Personas.
DPOP1966;2171.0;Berlanga;Total;Total habitantes;Personas.
DPOP18715;810.0;Berlanga de Duero;Total;Total habitantes;Personas.
DPOP10912;311.0;Berlanga del Bierzo;Total;Total habitantes;Personas.
DPOP3667;204.0;Berlangas de Roa;Total;Total habitantes;Personas.
DPOP16249;129.0;Bermellar;Total;Total habitantes;Personas.
DPOP22573;17038.0;Bermeo;Total;Total habitantes;Personas.
DPOP22924;1028.0;Bermillo de Sayago;Total;Total habitantes;Personas.
DPOP17749;462.0;Bernardos;Total;Total habitantes;Personas.
DPOP40;541.0;Bernedo;Total;Total habitantes;Personas.
DPOP8710;51.0;Berninches;Total;Total habitantes;Personas.
DPOP17752;1342.0;Bernuy de Porreros;Total;Total habitantes;Personas.
DPOP1228;79.0;Bernuy-Zapardiel;Total;Total habitantes;Personas.
DPOP22576;1224.0;Berriatua;Total;Total habitantes;Personas.
DPOP14701;7645.0;Berrioplano/Berriobeiti;Total;Total habitantes;Personas.
DPOP14704;11361.0;Berriozar;Total;Total habitantes;Personas.
DPOP22579;4533.0;Berriz;Total;Total habitantes;Personas.
DPOP9517;551.0;Berrobi;Total;Total habitantes;Personas.
DPOP9751;283.0;Berrocal;Total;Total habitantes;Personas.
DPOP16252;75.0;Berrocal de Huebra;Total;Total habitantes;Personas.
DPOP16255;74.0;Berrocal de Salvatierra;Total;Total habitantes;Personas.
DPOP4744;120.0;Berrocalejo;Total;Total habitantes;Personas.
DPOP1231;55.0;Berrocalejo de Aragona;Total;Total habitantes;Personas.
DPOP21901;85.0;Berrueces;Total;Total habitantes;Personas.
DPOP23749;32.0;Berrueco;Total;Total habitantes;Personas.
DPOP12985;795.0;Berrueco, El;Total;Total habitantes;Personas.
DPOP14065;668.0;Bertizarana;Total;Total habitantes;Personas.
DPOP4747;375.0;Berzocana;Total;Total habitantes;Personas.
DPOP3670;26.0;Berzosa de Bureba;Total;Total habitantes;Personas.
DPOP12982;242.0;Berzosa del Lozoya;Total;Total habitantes;Personas.
DPOP15307;45.0;Berzosilla;Total;Total habitantes;Personas.
DPOP7459;2592.0;Besalú;Total;Total habitantes;Personas.
DPOP7462;5088.0;Bescanó;Total;Total habitantes;Personas.
DPOP15835;801.0;Betancuria;Total;Total habitantes;Personas.
DPOP6430;13533.0;Betanzos;Total;Total habitantes;Personas.
DPOP14068;375.0;Betelu;Total;Total habitantes;Personas.
DPOP21256;28560.0;Bétera;Total;Total habitantes;Personas.
DPOP6787;253.0;Beteta;Total;Total habitantes;Personas.
DPOP5515;5659.0;Betxí;Total;Total habitantes;Personas.
DPOP7465;203.0;Beuda;Total;Total habitantes;Personas.
DPOP12283;19.0;Bezares;Total;Total habitantes;Personas.
DPOP19837;73.0;Bezas;Total;Total habitantes;Personas.
DPOP553;3677.0;Biar;Total;Total habitantes;Personas.
DPOP21259;546.0;Bicorp;Total;Total habitantes;Personas.
DPOP9520;530.0;Bidania-Goiatz;Total;Total habitantes;Personas.
DPOP14659;181.0;Bidaurreta;Total;Total habitantes;Personas.
DPOP24478;166.0;Biel;Total;Total habitantes;Personas.
DPOP10099;479.0;Bielsa;Total;Total habitantes;Personas.
DPOP208;548.0;Bienservida;Total;Total habitantes;Personas.
DPOP1969;1999.0;Bienvenida;Total;Total habitantes;Personas.
DPOP10102;243.0;Bierge;Total;Total habitantes;Personas.
DPOP10105;1640.0;Biescas;Total;Total habitantes;Personas.
DPOP556;7537.0;Bigastro;Total;Total habitantes;Personas.
DPOP2677;10139.0;Bigues i Riells del Fai;Total;Total habitantes;Personas.
DPOP23752;93.0;Bijuesca;Total;Total habitantes;Personas.
DPOP22582;351124.0;Bilbao;Total;Total habitantes;Personas.
DPOP15019;1639.0;Bimenes;Total;Total habitantes;Personas.
DPOP10108;1694.0;Binaced;Total;Total habitantes;Personas.
DPOP10111;10235.0;Binéfar;Total;Total habitantes;Personas.
DPOP2428;9350.0;Binissalem;Total;Total habitantes;Personas.
DPOP11650;185.0;Biosca;Total;Total habitantes;Personas.
DPOP23755;832.0;Biota;Total;Total habitantes;Personas.
DPOP10114;177.0;Bisaurri;Total;Total habitantes;Personas.
DPOP19249;214.0;Bisbal de Montsant, La;Total;Total habitantes;Personas.
DPOP19252;4278.0;Bisbal del Penedès, La;Total;Total habitantes;Personas.
DPOP7468;11757.0;Bisbal d'Empordà, La;Total;Total habitantes;Personas.
DPOP10117;188.0;Biscarrués;Total;Total habitantes;Personas.
DPOP23758;98.0;Bisimbre;Total;Total habitantes;Personas.
DPOP8062;226.0;Biure;Total;Total habitantes;Personas.
DPOP14071;227.0;Biurrun-Olcoz;Total;Total habitantes;Personas.
DPOP18718;36.0;Blacos;Total;Total habitantes;Personas.
DPOP13798;6882.0;Blanca;Total;Total habitantes;Personas.
DPOP19255;392.0;Blancafort;Total;Total habitantes;Personas.
DPOP19840;132.0;Blancas;Total;Total habitantes;Personas.
DPOP14758;696.0;Blancos, Os;Total;Total habitantes;Personas.
DPOP7471;42699.0;Blanes;Total;Total habitantes;Personas.
DPOP1234;169.0;Blascomillán;Total;Total habitantes;Personas.
DPOP1237;14.0;Blasconuño de Matacabras;Total;Total habitantes;Personas.
DPOP1240;85.0;Blascosancho;Total;Total habitantes;Personas.
DPOP6208;619.0;Blázquez, Los;Total;Total habitantes;Personas.
DPOP10120;175.0;Blecua y Torres;Total;Total habitantes;Personas.
DPOP19843;74.0;Blesa;Total;Total habitantes;Personas.
DPOP18721;25.0;Bliecos;Total;Total habitantes;Personas.
DPOP16258;259.0;Boada;Total;Total habitantes;Personas.
DPOP15310;17.0;Boada de Campos;Total;Total habitantes;Personas.
DPOP7489;262.0;Boadella i les Escaules;Total;Total habitantes;Personas.
DPOP15316;95.0;Boadilla de Rioseco;Total;Total habitantes;Personas.
DPOP15313;111.0;Boadilla del Camino;Total;Total habitantes;Personas.
DPOP12988;66349.0;Boadilla del Monte;Total;Total habitantes;Personas.
DPOP15022;1372.0;Boal;Total;Total habitantes;Personas.
DPOP12991;8770.0;Boalo, El;Total;Total habitantes;Personas.
DPOP12286;103.0;Bobadilla;Total;Total habitantes;Personas.
DPOP21904;279.0;Bobadilla del Campo;Total;Total habitantes;Personas.
DPOP14761;2167.0;Boborás;Total;Total habitantes;Personas.
DPOP10915;412.0;Boca de Huérgano;Total;Total habitantes;Personas.
DPOP21262;4130.0;Bocairent;Total;Total habitantes;Personas.
DPOP17755;746.0;Boceguillas;Total;Total habitantes;Personas.
DPOP21907;75.0;Bocigas;Total;Total habitantes;Personas.
DPOP21910;79.0;Bocos de Duero;Total;Total habitantes;Personas.
DPOP8713;19.0;Bodera, La;Total;Total habitantes;Personas.
DPOP16261;247.0;Bodón, El;Total;Total habitantes;Personas.
DPOP1972;982.0;Bodonal de la Sierra;Total;Total habitantes;Personas.
DPOP21913;4446.0;Boecillo;Total;Total habitantes;Personas.
DPOP16264;124.0;Bogajo;Total;Total habitantes;Personas.
DPOP211;727.0;Bogarra;Total;Total habitantes;Personas.
DPOP1243;104.0;Bohodón, El;Total;Total habitantes;Personas.
DPOP4750;488.0;Bohonal de Ibor;Total;Total habitantes;Personas.
DPOP1246;205.0;Bohoyo;Total;Total habitantes;Personas.
DPOP6433;1803.0;Boimorto;Total;Total habitantes;Personas.
DPOP6436;18967.0;Boiro;Total;Total habitantes;Personas.
DPOP14764;1139.0;Bola, A;Total;Total habitantes;Personas.
DPOP5935;12153.0;Bolaños de Calatrava;Total;Total habitantes;Personas.
DPOP21916;244.0;Bolaños de Campos;Total;Total habitantes;Personas.
DPOP21265;1320.0;Bolbaite;Total;Total habitantes;Personas.
DPOP18346;11431.0;Bollullos de la Mitación;Total;Total habitantes;Personas.
DPOP9754;14314.0;Bollullos Par del Condado;Total;Total habitantes;Personas.
DPOP14767;789.0;Bolo, O;Total;Total habitantes;Personas.
DPOP10123;1089.0;Boltaña;Total;Total habitantes;Personas.
DPOP559;490.0;Bolulla;Total;Total habitantes;Personas.
DPOP7474;493.0;Bolvir;Total;Total habitantes;Personas.
DPOP10126;85.0;Bonansa;Total;Total habitantes;Personas.
DPOP9757;6125.0;Bonares;Total;Total habitantes;Personas.
DPOP19258;777.0;Bonastre;Total;Total habitantes;Personas.
DPOP214;950.0;Bonete;Total;Total habitantes;Personas.
DPOP6790;135.0;Boniches;Total;Total habitantes;Personas.
DPOP1249;139.0;Bonilla de la Sierra;Total;Total habitantes;Personas.
DPOP217;2645.0;Bonillo, El;Total;Total habitantes;Personas.
DPOP21268;4115.0;Bonrepòs i Mirambell;Total;Total habitantes;Personas.
DPOP10918;1732.0;Boñar;Total;Total habitantes;Personas.
DPOP6439;4219.0;Boqueixón;Total;Total habitantes;Personas.
DPOP23761;743.0;Boquiñeni;Total;Total habitantes;Personas.
DPOP10129;77.0;Borau;Total;Total habitantes;Personas.
DPOP23764;47.0;Bordalba;Total;Total habitantes;Personas.
DPOP11656;281.0;Bòrdes, Es;Total;Total habitantes;Personas.
DPOP7477;1841.0;Bordils;Total;Total habitantes;Personas.
DPOP19846;116.0;Bordón;Total;Total habitantes;Personas.
DPOP13552;958.0;Borge, El;Total;Total habitantes;Personas.
DPOP11659;6482.0;Borges Blanques, Les;Total;Total habitantes;Personas.
DPOP19261;2319.0;Borges del Camp, Les;Total;Total habitantes;Personas.
DPOP23767;5202.0;Borja;Total;Total habitantes;Personas.
DPOP18724;29.0;Borjabad;Total;Total habitantes;Personas.
DPOP18349;23071.0;Bormujos;Total;Total habitantes;Personas.
DPOP5350;7510.0;Bornos;Total;Total habitantes;Personas.
DPOP18727;218.0;Borobia;Total;Total habitantes;Personas.
DPOP20494;4306.0;Borox;Total;Total habitantes;Personas.
DPOP7480;804.0;Borrassà;Total;Total habitantes;Personas.
DPOP2680;433.0;Borredà;Total;Total habitantes;Personas.
DPOP10921;297.0;Borrenes;Total;Total habitantes;Personas.
DPOP5542;37915.0;Borriana/Burriana;Total;Total habitantes;Personas.
DPOP5539;6018.0;Borriol;Total;Total habitantes;Personas.
DPOP5353;2242.0;Bosque, El;Total;Total habitantes;Personas.
DPOP11662;1189.0;Bossòst;Total;Total habitantes;Personas.
DPOP19264;548.0;Bot;Total;Total habitantes;Personas.
DPOP19267;1161.0;Botarell;Total;Total habitantes;Personas.
DPOP4753;184.0;Botija;Total;Total habitantes;Personas.
DPOP23770;587.0;Botorrita;Total;Total habitantes;Personas.
DPOP16267;48.0;Bouza, La;Total;Total habitantes;Personas.
DPOP12742;1369.0;Bóveda;Total;Total habitantes;Personas.
DPOP22927;682.0;Bóveda de Toro, La;Total;Total habitantes;Personas.
DPOP16270;186.0;Bóveda del Río Almar;Total;Total habitantes;Personas.
DPOP11653;244.0;Bovera;Total;Total habitantes;Personas.
DPOP3673;101.0;Bozoó;Total;Total habitantes;Personas.
DPOP1252;34.0;Brabos;Total;Total habitantes;Personas.
DPOP19270;697.0;Bràfim;Total;Total habitantes;Personas.
DPOP21919;96.0;Brahojos de Medina;Total;Total habitantes;Personas.
DPOP15319;253.0;Brañosera;Total;Total habitantes;Personas.
DPOP12994;233.0;Braojos;Total;Total habitantes;Personas.
DPOP3676;43.0;Brazacorta;Total;Total habitantes;Personas.
DPOP5938;1007.0;Brazatortas;Total;Total habitantes;Personas.
DPOP10924;304.0;Brazuelo;Total;Total habitantes;Personas.
DPOP23773;1517.0;Brea de Aragón;Total;Total habitantes;Personas.
DPOP12997;577.0;Brea de Tajo;Total;Total habitantes;Personas.
DPOP7483;3969.0;Breda;Total;Total habitantes;Personas.
DPOP18352;12975.0;Brenes;Total;Total habitantes;Personas.
DPOP17221;7487.0;Breña Alta;Total;Total habitantes;Personas.
DPOP17224;6159.0;Breña Baja;Total;Total habitantes;Personas.
DPOP22930;163.0;Bretó;Total;Total habitantes;Personas.
DPOP22933;192.0;Bretocino;Total;Total habitantes;Personas.
DPOP17758;93.0;Brieva;Total;Total habitantes;Personas.
DPOP12289;38.0;Brieva de Cameros;Total;Total habitantes;Personas.
DPOP8716;2826.0;Brihuega;Total;Total habitantes;Personas.
DPOP22936;114.0;Brime de Sog;Total;Total habitantes;Personas.
DPOP22939;96.0;Brime de Urz;Total;Total habitantes;Personas.
DPOP16273;56.0;Brincones;Total;Total habitantes;Personas.
DPOP12292;191.0;Briñas;Total;Total habitantes;Personas.
DPOP6442;8192.0;Brión;Total;Total habitantes;Personas.
DPOP12295;752.0;Briones;Total;Total habitantes;Personas.
DPOP3679;6728.0;Briviesca;Total;Total habitantes;Personas.
DPOP19849;465.0;Bronchales;Total;Total habitantes;Personas.
DPOP10132;615.0;Broto;Total;Total habitantes;Personas.
DPOP4756;1718.0;Brozas;Total;Total habitantes;Personas.
DPOP2683;2290.0;Bruc, El;Total;Total habitantes;Personas.
DPOP2686;296.0;Brull, El;Total;Total habitantes;Personas.
DPOP13000;11287.0;Brunete;Total;Total habitantes;Personas.
DPOP7486;401.0;Brunyola i Sant Martí Sapresa;Total;Total habitantes;Personas.
DPOP18730;27.0;Buberos;Total;Total habitantes;Personas.
DPOP23776;66.0;Bubierca;Total;Total habitantes;Personas.
DPOP8155;305.0;Bubión;Total;Total habitantes;Personas.
DPOP6793;36.0;Buciegas;Total;Total habitantes;Personas.
DPOP8719;226.0;Budia;Total;Total habitantes;Personas.
DPOP6796;447.0;Buenache de Alarcón;Total;Total habitantes;Personas.
DPOP6799;112.0;Buenache de la Sierra;Total;Total habitantes;Personas.
DPOP16276;108.0;Buenamadre;Total;Total habitantes;Personas.
DPOP20497;386.0;Buenaventura;Total;Total habitantes;Personas.
DPOP16279;368.0;Buenavista;Total;Total habitantes;Personas.
DPOP15322;290.0;Buenavista de Valdavia;Total;Total habitantes;Personas.
DPOP17227;4695.0;Buenavista del Norte;Total;Total habitantes;Personas.
DPOP6802;422.0;Buendía;Total;Total habitantes;Personas.
DPOP19852;65.0;Bueña;Total;Total habitantes;Personas.
DPOP15931;11836.0;Bueu;Total;Total habitantes;Personas.
DPOP21271;162.0;Bufali;Total;Total habitantes;Personas.
DPOP21274;774.0;Bugarra;Total;Total habitantes;Personas.
DPOP3682;193.0;Bugedo;Total;Total habitantes;Personas.
DPOP2431;1215.0;Búger;Total;Total habitantes;Personas.
DPOP18733;68.0;Buitrago;Total;Total habitantes;Personas.
DPOP13003;2034.0;Buitrago del Lozoya;Total;Total habitantes;Personas.
DPOP6211;7065.0;Bujalance;Total;Total habitantes;Personas.
DPOP8722;59.0;Bujalaro;Total;Total habitantes;Personas.
DPOP23779;938.0;Bujaraloz;Total;Total habitantes;Personas.
DPOP1255;55.0;Bularros;Total;Total habitantes;Personas.
DPOP23782;250.0;Bulbuente;Total;Total habitantes;Personas.
DPOP13801;12027.0;Bullas;Total;Total habitantes;Personas.
DPOP3685;632.0;Buniel;Total;Total habitantes;Personas.
DPOP2434;7642.0;Bunyola;Total;Total habitantes;Personas.
DPOP21277;9858.0;Buñol;Total;Total habitantes;Personas.
DPOP14074;2318.0;Buñuel;Total;Total habitantes;Personas.
DPOP19855;396.0;Burbáguena;Total;Total habitantes;Personas.
DPOP12919;9630.0;Burela;Total;Total habitantes;Personas.
DPOP23785;210.0;Bureta;Total;Total habitantes;Personas.
DPOP22942;593.0;Burganes de Valverde;Total;Total habitantes;Personas.
DPOP23788;2750.0;Burgo de Ebro, El;Total;Total habitantes;Personas.
DPOP18736;5283.0;Burgo de Osma-Ciudad de Osma;Total;Total habitantes;Personas.
DPOP10927;697.0;Burgo Ranero, El;Total;Total habitantes;Personas.
DPOP13555;1761.0;Burgo, El;Total;Total habitantes;Personas.
DPOP1258;1269.0;Burgohondo;Total;Total habitantes;Personas.
DPOP3688;177402.0;Burgos;Total;Total habitantes;Personas.
DPOP14080;187.0;Burgui/Burgi;Total;Total habitantes;Personas.
DPOP18355;7448.0;Burguillos;Total;Total habitantes;Personas.
DPOP20500;3872.0;Burguillos de Toledo;Total;Total habitantes;Personas.
DPOP1975;2940.0;Burguillos del Cerro;Total;Total habitantes;Personas.
DPOP21280;41299.0;Burjassot;Total;Total habitantes;Personas.
DPOP14083;21280.0;Burlada/Burlata;Total;Total habitantes;Personas.
DPOP10930;282.0;Burón;Total;Total habitantes;Personas.
DPOP20503;1344.0;Burujón;Total;Total habitantes;Personas.
DPOP562;3782.0;Busot;Total;Total habitantes;Personas.
DPOP8158;313.0;Busquístar;Total;Total habitantes;Personas.
DPOP8725;62.0;Bustares;Total;Total habitantes;Personas.
DPOP13006;2870.0;Bustarviejo;Total;Total habitantes;Personas.
DPOP23791;60.0;Buste, El;Total;Total habitantes;Personas.
DPOP21922;66.0;Bustillo de Chaves;Total;Total habitantes;Personas.
DPOP15325;259.0;Bustillo de la Vega;Total;Total habitantes;Personas.
DPOP22945;75.0;Bustillo del Oro;Total;Total habitantes;Personas.
DPOP10933;1057.0;Bustillo del Páramo;Total;Total habitantes;Personas.
DPOP15328;58.0;Bustillo del Páramo de Carrión;Total;Total habitantes;Personas.
DPOP3691;140.0;Busto de Bureba;Total;Total habitantes;Personas.
DPOP14086;55.0;Busto, El;Total;Total habitantes;Personas.
DPOP22585;1693.0;Busturia;Total;Total habitantes;Personas.
DPOP19273;296.0;Cabacés;Total;Total habitantes;Personas.
DPOP16282;227.0;Cabaco, El;Total;Total habitantes;Personas.
DPOP17761;78.0;Caballar;Total;Total habitantes;Personas.
DPOP6445;4067.0;Cabana de Bergantiños;Total;Total habitantes;Personas.
DPOP11665;70.0;Cabanabona;Total;Total habitantes;Personas.
DPOP6448;3287.0;Cabanas;Total;Total habitantes;Personas.
DPOP7495;286.0;Cabanelles;Total;Total habitantes;Personas.
DPOP5545;3475.0;Cabanes;Total;Total habitantes;Personas.
DPOP7492;995.0;Cabanes;Total;Total habitantes;Personas.
DPOP14089;1373.0;Cabanillas;Total;Total habitantes;Personas.
DPOP13009;961.0;Cabanillas de la Sierra;Total;Total habitantes;Personas.
DPOP8728;11572.0;Cabanillas del Campo;Total;Total habitantes;Personas.
DPOP2689;1060.0;Cabanyes, Les;Total;Total habitantes;Personas.
DPOP23794;473.0;Cabañas de Ebro;Total;Total habitantes;Personas.
DPOP20506;2177.0;Cabañas de la Sagra;Total;Total habitantes;Personas.
DPOP17764;202.0;Cabañas de Polendos;Total;Total habitantes;Personas.
DPOP22948;143.0;Cabañas de Sayago;Total;Total habitantes;Personas.
DPOP20509;316.0;Cabañas de Yepes;Total;Total habitantes;Personas.
DPOP4759;406.0;Cabañas del Castillo;Total;Total habitantes;Personas.
DPOP10936;1286.0;Cabañas Raras;Total;Total habitantes;Personas.
DPOP3694;145.0;Cabañes de Esgueva;Total;Total habitantes;Personas.
DPOP16288;55.0;Cabeza de Béjar, La;Total;Total habitantes;Personas.
DPOP1978;4489.0;Cabeza del Buey;Total;Total habitantes;Personas.
DPOP16291;224.0;Cabeza del Caballo;Total;Total habitantes;Personas.
DPOP1981;1257.0;Cabeza la Vaca;Total;Total habitantes;Personas.
DPOP4762;317.0;Cabezabellosa;Total;Total habitantes;Personas.
DPOP16285;73.0;Cabezabellosa de la Calzada;Total;Total habitantes;Personas.
DPOP20512;343.0;Cabezamesada;Total;Total habitantes;Personas.
DPOP5941;279.0;Cabezarados;Total;Total habitantes;Personas.
DPOP5944;483.0;Cabezarrubias del Puerto;Total;Total habitantes;Personas.
DPOP1261;152.0;Cabezas de Alambre;Total;Total habitantes;Personas.
DPOP18358;16388.0;Cabezas de San Juan, Las;Total;Total habitantes;Personas.
DPOP1264;80.0;Cabezas del Pozo;Total;Total habitantes;Personas.
DPOP1267;217.0;Cabezas del Villar;Total;Total habitantes;Personas.
DPOP9760;694.0;Cabezas Rubias;Total;Total habitantes;Personas.
DPOP12298;23.0;Cabezón de Cameros;Total;Total habitantes;Personas.
DPOP17395;8226.0;Cabezón de la Sal;Total;Total habitantes;Personas.
DPOP3697;33.0;Cabezón de la Sierra;Total;Total habitantes;Personas.
DPOP17398;530.0;Cabezón de Liébana;Total;Total habitantes;Personas.
DPOP21925;3910.0;Cabezón de Pisuerga;Total;Total habitantes;Personas.
DPOP21928;24.0;Cabezón de Valderaduey;Total;Total habitantes;Personas.
DPOP17767;655.0;Cabezuela;Total;Total habitantes;Personas.
DPOP4765;2049.0;Cabezuela del Valle;Total;Total habitantes;Personas.
DPOP1270;89.0;Cabizuela;Total;Total habitantes;Personas.
DPOP11668;85.0;Cabó;Total;Total habitantes;Personas.
DPOP23797;50.0;Cabolafuente;Total;Total habitantes;Personas.
DPOP6214;19995.0;Cabra;Total;Total habitantes;Personas.
DPOP19858;66.0;Cabra de Mora;Total;Total habitantes;Personas.
DPOP19276;1388.0;Cabra del Camp;Total;Total habitantes;Personas.
DPOP10612;1639.0;Cabra del Santo Cristo;Total;Total habitantes;Personas.
DPOP15025;1884.0;Cabrales;Total;Total habitantes;Personas.
DPOP15028;1094.0;Cabranes;Total;Total habitantes;Personas.
DPOP14092;73.0;Cabredo;Total;Total habitantes;Personas.
DPOP18739;48.0;Cabrejas del Campo;Total;Total habitantes;Personas.
DPOP18742;288.0;Cabrejas del Pinar;Total;Total habitantes;Personas.
DPOP2692;1772.0;Cabrera d'Anoia;Total;Total habitantes;Personas.
DPOP2695;5045.0;Cabrera de Mar;Total;Total habitantes;Personas.
DPOP13012;2889.0;Cabrera, La;Total;Total habitantes;Personas.
DPOP16294;4218.0;Cabrerizos;Total;Total habitantes;Personas.
DPOP4768;353.0;Cabrero;Total;Total habitantes;Personas.
DPOP21931;64.0;Cabreros del Monte;Total;Total habitantes;Personas.
DPOP10939;406.0;Cabreros del Río;Total;Total habitantes;Personas.
DPOP10942;687.0;Cabrillanes;Total;Total habitantes;Personas.
DPOP16297;316.0;Cabrillas;Total;Total habitantes;Personas.
DPOP2698;7765.0;Cabrils;Total;Total habitantes;Personas.
DPOP17401;976.0;Cabuérniga;Total;Total habitantes;Personas.
DPOP10945;4734.0;Cacabelos;Total;Total habitantes;Personas.
DPOP4771;96651.0;Cáceres;Total;Total habitantes;Personas.
DPOP4774;83.0;Cachorrilla;Total;Total habitantes;Personas.
DPOP8161;549.0;Cacín;Total;Total habitantes;Personas.
DPOP4777;394.0;Cadalso;Total;Total habitantes;Personas.
DPOP13015;3372.0;Cadalso de los Vidrios;Total;Total habitantes;Personas.
DPOP7498;2918.0;Cadaqués;Total;Total habitantes;Personas.
DPOP8164;1491.0;Cádiar;Total;Total habitantes;Personas.
DPOP5356;109950.0;Cádiz;Total;Total habitantes;Personas.
DPOP14095;2187.0;Cadreita;Total;Total habitantes;Personas.
DPOP23800;4688.0;Cadrete;Total;Total habitantes;Personas.
DPOP8167;5511.0;Cájar;Total;Total habitantes;Personas.
DPOP9763;1106.0;Cala;Total;Total habitantes;Personas.
DPOP17770;23.0;Calabazas de Fuentidueña;Total;Total habitantes;Personas.
DPOP19861;961.0;Calaceite;Total;Total habitantes;Personas.
DPOP2701;3644.0;Calaf;Total;Total habitantes;Personas.
DPOP19279;32624.0;Calafell;Total;Total habitantes;Personas.
DPOP12301;25367.0;Calahorra;Total;Total habitantes;Personas.
DPOP15331;82.0;Calahorra de Boedo;Total;Total habitantes;Personas.
DPOP8347;680.0;Calahorra, La;Total;Total habitantes;Personas.
DPOP19864;4655.0;Calamocha;Total;Total habitantes;Personas.
DPOP1984;6104.0;Calamonte;Total;Total habitantes;Personas.
DPOP19867;3745.0;Calanda;Total;Total habitantes;Personas.
DPOP9766;2749.0;Calañas;Total;Total habitantes;Personas.
DPOP13804;10391.0;Calasparra;Total;Total habitantes;Personas.
DPOP18745;43.0;Calatañazor;Total;Total habitantes;Personas.
DPOP23803;20158.0;Calatayud;Total;Total habitantes;Personas.
DPOP23806;2970.0;Calatorao;Total;Total habitantes;Personas.
DPOP23809;65.0;Calcena;Total;Total habitantes;Personas.
DPOP15934;9615.0;Caldas de Reis;Total;Total habitantes;Personas.
DPOP10135;220.0;Caldearenas;Total;Total habitantes;Personas.
DPOP2710;1122.0;Calders;Total;Total habitantes;Personas.
DPOP7501;8673.0;Caldes de Malavella;Total;Total habitantes;Personas.
DPOP2707;18567.0;Caldes de Montbui;Total;Total habitantes;Personas.
DPOP2704;3356.0;Caldes d'Estrac;Total;Total habitantes;Personas.
DPOP2713;20864.0;Calella;Total;Total habitantes;Personas.
DPOP1987;912.0;Calera de León;Total;Total habitantes;Personas.
DPOP20515;4834.0;Calera y Chozas;Total;Total habitantes;Personas.
DPOP3703;385.0;Caleruega;Total;Total habitantes;Personas.
DPOP20518;203.0;Caleruela;Total;Total habitantes;Personas.
DPOP8170;687.0;Calicasas;Total;Total habitantes;Personas.
DPOP5548;2042.0;Càlig;Total;Total habitantes;Personas.
DPOP2719;2733.0;Calldetenes;Total;Total habitantes;Personas.
DPOP21283;465.0;Calles;Total;Total habitantes;Personas.
DPOP571;19988.0;Callosa de Segura;Total;Total habitantes;Personas.
DPOP568;8182.0;Callosa d'en Sarrià;Total;Total habitantes;Personas.
DPOP2722;2180.0;Callús;Total;Total habitantes;Personas.
DPOP23812;57.0;Calmarza;Total;Total habitantes;Personas.
DPOP19870;76.0;Calomarde;Total;Total habitantes;Personas.
DPOP2716;179.0;Calonge de Segarra;Total;Total habitantes;Personas.
DPOP7504;12335.0;Calonge i Sant Antoni;Total;Total habitantes;Personas.
DPOP565;27616.0;Calp;Total;Total habitantes;Personas.
DPOP18748;53.0;Caltojar;Total;Total habitantes;Personas.
DPOP16300;1240.0;Calvarrasa de Abajo;Total;Total habitantes;Personas.
DPOP16303;604.0;Calvarrasa de Arriba;Total;Total habitantes;Personas.
DPOP2437;53793.0;Calvià;Total;Total habitantes;Personas.
DPOP14770;650.0;Calvos de Randín;Total;Total habitantes;Personas.
DPOP16306;80.0;Calzada de Béjar, La;Total;Total habitantes;Personas.
DPOP5947;3668.0;Calzada de Calatrava;Total;Total habitantes;Personas.
DPOP16309;127.0;Calzada de Don Diego;Total;Total habitantes;Personas.
DPOP15334;305.0;Calzada de los Molinos;Total;Total habitantes;Personas.
DPOP20521;514.0;Calzada de Oropesa;Total;Total habitantes;Personas.
DPOP16312;717.0;Calzada de Valdunciel;Total;Total habitantes;Personas.
DPOP10948;217.0;Calzada del Coto;Total;Total habitantes;Personas.
DPOP4780;450.0;Calzadilla;Total;Total habitantes;Personas.
DPOP1990;679.0;Calzadilla de los Barros;Total;Total habitantes;Personas.
DPOP22951;278.0;Calzadilla de Tera;Total;Total habitantes;Personas.
DPOP17404;964.0;Camaleño;Total;Total habitantes;Personas.
DPOP19873;136.0;Camañas;Total;Total habitantes;Personas.
DPOP11671;788.0;Camarasa;Total;Total habitantes;Personas.
DPOP20524;4848.0;Camarena;Total;Total habitantes;Personas.
DPOP19876;137.0;Camarena de la Sierra;Total;Total habitantes;Personas.
DPOP20527;606.0;Camarenilla;Total;Total habitantes;Personas.
DPOP17407;30577.0;Camargo;Total;Total habitantes;Personas.
DPOP19879;100.0;Camarillas;Total;Total habitantes;Personas.
DPOP6451;5075.0;Camariñas;Total;Total habitantes;Personas.
DPOP19708;3465.0;Camarles;Total;Total habitantes;Personas.
DPOP13018;8331.0;Camarma de Esteruelas;Total;Total habitantes;Personas.
DPOP22954;740.0;Camarzana de Tera;Total;Total habitantes;Personas.
DPOP18361;29089.0;Camas;Total;Total habitantes;Personas.
DPOP15937;13787.0;Cambados;Total;Total habitantes;Personas.
DPOP10615;2654.0;Cambil;Total;Total habitantes;Personas.
DPOP6454;24765.0;Cambre;Total;Total habitantes;Personas.
DPOP19282;37042.0;Cambrils;Total;Total habitantes;Personas.
DPOP4783;1097.0;Caminomorisco;Total;Total habitantes;Personas.
DPOP19882;606.0;Caminreal;Total;Total habitantes;Personas.
DPOP7507;701.0;Camós;Total;Total habitantes;Personas.
DPOP18364;5122.0;Campana, La;Total;Total habitantes;Personas.
DPOP1993;4702.0;Campanario;Total;Total habitantes;Personas.
DPOP2440;2859.0;Campanet;Total;Total habitantes;Personas.
DPOP21934;1001.0;Campaspero;Total;Total habitantes;Personas.
DPOP10951;110.0;Campazas;Total;Total habitantes;Personas.
DPOP7510;3241.0;Campdevànol;Total;Total habitantes;Personas.
DPOP7513;163.0;Campelles;Total;Total habitantes;Personas.
DPOP574;31419.0;Campello, el;Total;Total habitantes;Personas.
DPOP43;1073.0;Campezo/Kanpezu;Total;Total habitantes;Personas.
DPOP6805;1312.0;Campillo de Altobuey;Total;Total habitantes;Personas.
DPOP23815;111.0;Campillo de Aragón;Total;Total habitantes;Personas.
DPOP3706;175.0;Campillo de Aranda;Total;Total habitantes;Personas.
DPOP10618;1711.0;Campillo de Arenas;Total;Total habitantes;Personas.
DPOP16315;146.0;Campillo de Azaba;Total;Total habitantes;Personas.
DPOP4786;82.0;Campillo de Deleitosa;Total;Total habitantes;Personas.
DPOP8731;71.0;Campillo de Dueñas;Total;Total habitantes;Personas.
DPOP20530;326.0;Campillo de la Jara, El;Total;Total habitantes;Personas.
DPOP1996;1321.0;Campillo de Llerena;Total;Total habitantes;Personas.
DPOP8734;150.0;Campillo de Ranas;Total;Total habitantes;Personas.
DPOP21937;204.0;Campillo, El;Total;Total habitantes;Personas.
DPOP9769;2003.0;Campillo, El;Total;Total habitantes;Personas.
DPOP13558;8561.0;Campillos;Total;Total habitantes;Personas.
DPOP6808;112.0;Campillos-Paravientos;Total;Total habitantes;Personas.
DPOP6811;28.0;Campillos-Sierra;Total;Total habitantes;Personas.
DPOP2725;586.0;Campins;Total;Total habitantes;Personas.
DPOP8737;72.0;Campisábalos;Total;Total habitantes;Personas.
DPOP7516;534.0;Campllong;Total;Total habitantes;Personas.
DPOP10138;491.0;Campo;Total;Total habitantes;Personas.
DPOP5950;12868.0;Campo de Criptana;Total;Total habitantes;Personas.
DPOP577;447.0;Camp de Mirra, el/Campo de Mirra;Total;Total habitantes;Personas.
DPOP16318;241.0;Campo de Peñaranda, El;Total;Total habitantes;Personas.
DPOP17773;257.0;Campo de San Pedro;Total;Total habitantes;Personas.
DPOP10954;209.0;Campo de Villavidel;Total;Total habitantes;Personas.
DPOP15940;1667.0;Campo Lameiro;Total;Total habitantes;Personas.
DPOP4789;790.0;Campo Lugar;Total;Total habitantes;Personas.
DPOP13021;6974.0;Campo Real;Total;Total habitantes;Personas.
DPOP9772;728.0;Campofrío;Total;Total habitantes;Personas.
DPOP3709;46.0;Campolara;Total;Total habitantes;Personas.
DPOP10957;4060.0;Camponaraya;Total;Total habitantes;Personas.
DPOP17440;3729.0;Campoo de Enmedio;Total;Total habitantes;Personas.
DPOP17410;680.0;Campoo de Yuso;Total;Total habitantes;Personas.
DPOP21940;143.0;Camporredondo;Total;Total habitantes;Personas.
DPOP10141;153.0;Camporrélls;Total;Total habitantes;Personas.
DPOP21286;1183.0;Camporrobles;Total;Total habitantes;Personas.
DPOP2443;12485.0;Campos;Total;Total habitantes;Personas.
DPOP7378;646.0;Campos del Paraíso;Total;Total habitantes;Personas.
DPOP13807;2159.0;Campos del Río;Total;Total habitantes;Personas.
DPOP8173;1218.0;Campotéjar;Total;Total habitantes;Personas.
DPOP7519;2570.0;Camprodon;Total;Total habitantes;Personas.
DPOP12304;158.0;Camprovín;Total;Total habitantes;Personas.
DPOP20533;1742.0;Camuñas;Total;Total habitantes;Personas.
DPOP10144;322.0;Canal de Berdún;Total;Total habitantes;Personas.
DPOP21943;248.0;Canalejas de Peñafiel;Total;Total habitantes;Personas.
DPOP6814;153.0;Canalejas del Arroyo;Total;Total habitantes;Personas.
DPOP1273;42.0;Canales;Total;Total habitantes;Personas.
DPOP12307;84.0;Canales de la Sierra;Total;Total habitantes;Personas.
DPOP21289;13746.0;Canals;Total;Total habitantes;Personas.
DPOP15031;1902.0;Candamo;Total;Total habitantes;Personas.
DPOP10147;478.0;Candasnos;Total;Total habitantes;Personas.
DPOP17230;29023.0;Candelaria;Total;Total habitantes;Personas.
DPOP16321;832.0;Candelario;Total;Total habitantes;Personas.
DPOP1276;5003.0;Candeleda;Total;Total habitantes;Personas.
DPOP18751;99.0;Candilichera;Total;Total habitantes;Personas.
DPOP10960;256.0;Valle de Ancares;Total;Total habitantes;Personas.
DPOP11674;95.0;Canejan;Total;Total habitantes;Personas.
DPOP10621;1717.0;Canena;Total;Total habitantes;Personas.
DPOP13024;475.0;Canencia;Total;Total habitantes;Personas.
DPOP7522;744.0;Canet d'Adri;Total;Total habitantes;Personas.
DPOP2728;15198.0;Canet de Mar;Total;Total habitantes;Personas.
DPOP21292;8297.0;Canet d'En Berenguer;Total;Total habitantes;Personas.
DPOP5551;715.0;Canet lo Roig;Total;Total habitantes;Personas.
DPOP10150;633.0;Canfranc;Total;Total habitantes;Personas.
DPOP15943;26711.0;Cangas;Total;Total habitantes;Personas.
DPOP15037;6344.0;Cangas de Onís;Total;Total habitantes;Personas.
DPOP15034;11282.0;Cangas del Narcea;Total;Total habitantes;Personas.
DPOP3712;410.0;Canicosa de la Sierra;Total;Total habitantes;Personas.
DPOP8176;3929.0;Caniles;Total;Total habitantes;Personas.
DPOP16324;64.0;Canillas de Abajo;Total;Total habitantes;Personas.
DPOP13561;1801.0;Canillas de Aceituno;Total;Total habitantes;Personas.
DPOP13564;807.0;Canillas de Albaida;Total;Total habitantes;Personas.
DPOP21946;71.0;Canillas de Esgueva;Total;Total habitantes;Personas.
DPOP12310;43.0;Canillas de Río Tuerto;Total;Total habitantes;Personas.
DPOP937;1139.0;Canjáyar;Total;Total habitantes;Personas.
DPOP33140;6001.0;Canonja, La;Total;Total habitantes;Personas.
DPOP2731;17473.0;Canovelles;Total;Total habitantes;Personas.
DPOP2734;3399.0;Cànoves i Samalús;Total;Total habitantes;Personas.
DPOP8740;81.0;Canredondo;Total;Total habitantes;Personas.
DPOP3715;22.0;Cantabrana;Total;Total habitantes;Personas.
DPOP16327;281.0;Cantagallo;Total;Total habitantes;Personas.
DPOP16330;884.0;Cantalapiedra;Total;Total habitantes;Personas.
DPOP17776;3619.0;Cantalejo;Total;Total habitantes;Personas.
DPOP7525;366.0;Cantallops;Total;Total habitantes;Personas.
DPOP8743;121.0;Cantalojas;Total;Total habitantes;Personas.
DPOP16333;802.0;Cantalpino;Total;Total habitantes;Personas.
DPOP16336;188.0;Cantaracillo;Total;Total habitantes;Personas.
DPOP19885;729.0;Cantavieja;Total;Total habitantes;Personas.
DPOP18367;10780.0;Cantillana;Total;Total habitantes;Personas.
DPOP17779;1533.0;Cantimpalos;Total;Total habitantes;Personas.
DPOP1279;102.0;Cantiveros;Total;Total habitantes;Personas.
DPOP940;3592.0;Cantoria;Total;Total habitantes;Personas.
DPOP2737;5505.0;Canyelles;Total;Total habitantes;Personas.
DPOP580;1213.0;Cañada;Total;Total habitantes;Personas.
DPOP19888;40.0;Cañada de Benatanduz;Total;Total habitantes;Personas.
DPOP5953;99.0;Cañada de Calatrava;Total;Total habitantes;Personas.
DPOP19891;72.0;Cañada de Verich, La;Total;Total habitantes;Personas.
DPOP6817;221.0;Cañada del Hoyo;Total;Total habitantes;Personas.
DPOP6820;213.0;Cañada Juncosa;Total;Total habitantes;Personas.
DPOP18607;3481.0;Cañada Rosal;Total;Total habitantes;Personas.
DPOP19894;36.0;Cañada Vellida;Total;Total habitantes;Personas.
DPOP18754;29.0;Cañamaque;Total;Total habitantes;Personas.
DPOP6823;457.0;Cañamares;Total;Total habitantes;Personas.
DPOP4792;1578.0;Cañamero;Total;Total habitantes;Personas.
DPOP8179;424.0;Cáñar;Total;Total habitantes;Personas.
DPOP12313;95.0;Cañas;Total;Total habitantes;Personas.
DPOP6826;125.0;Cañavate, El;Total;Total habitantes;Personas.
DPOP4795;995.0;Cañaveral;Total;Total habitantes;Personas.
DPOP9775;389.0;Cañaveral de León;Total;Total habitantes;Personas.
DPOP6829;230.0;Cañaveras;Total;Total habitantes;Personas.
DPOP6832;110.0;Cañaveruelas;Total;Total habitantes;Personas.
DPOP6835;877.0;Cañete;Total;Total habitantes;Personas.
DPOP6217;2766.0;Cañete de las Torres;Total;Total habitantes;Personas.
DPOP13567;1569.0;Cañete la Real;Total;Total habitantes;Personas.
DPOP15946;4990.0;Cañiza, A;Total;Total habitantes;Personas.
DPOP22957;410.0;Cañizal;Total;Total habitantes;Personas.
DPOP8746;78.0;Cañizar;Total;Total habitantes;Personas.
DPOP19897;112.0;Cañizar del Olivar;Total;Total habitantes;Personas.
DPOP6838;441.0;Cañizares;Total;Total habitantes;Personas.
DPOP22960;197.0;Cañizo;Total;Total habitantes;Personas.
DPOP19285;101.0;Capafonts;Total;Total habitantes;Personas.
DPOP14098;2882.0;Caparroso;Total;Total habitantes;Personas.
DPOP19288;444.0;Capçanes;Total;Total habitantes;Personas.
DPOP2446;13135.0;Capdepera;Total;Total habitantes;Personas.
DPOP10153;190.0;Capdesaso;Total;Total habitantes;Personas.
DPOP6457;1165.0;Capela, A;Total;Total habitantes;Personas.
DPOP10156;361.0;Capella;Total;Total habitantes;Personas.
DPOP2740;5608.0;Capellades;Total;Total habitantes;Personas.
DPOP8182;590.0;Capileira;Total;Total habitantes;Personas.
DPOP1999;142.0;Capilla;Total;Total habitantes;Personas.
DPOP15337;68.0;Capillas;Total;Total habitantes;Personas.
DPOP7528;680.0;Capmany;Total;Total habitantes;Personas.
DPOP2743;93.0;Capolat;Total;Total habitantes;Personas.
DPOP18757;21.0;Carabantes;Total;Total habitantes;Personas.
DPOP13027;2451.0;Carabaña;Total;Total habitantes;Personas.
DPOP18088;55.0;Carabias;Total;Total habitantes;Personas.
DPOP18760;13.0;Caracena;Total;Total habitantes;Personas.
DPOP5956;140.0;Caracuel de Calatrava;Total;Total habitantes;Personas.
DPOP8185;207.0;Carataunas;Total;Total habitantes;Personas.
DPOP13810;26126.0;Caravaca de la Cruz;Total;Total habitantes;Personas.
DPOP15040;486.0;Caravia;Total;Total habitantes;Personas.
DPOP3718;42.0;Carazo;Total;Total habitantes;Personas.
DPOP22963;463.0;Carbajales de Alba;Total;Total habitantes;Personas.
DPOP4798;183.0;Carbajo;Total;Total habitantes;Personas.
DPOP16339;7791.0;Carbajosa de la Sagrada;Total;Total habitantes;Personas.
DPOP14776;1172.0;Carballeda de Avia;Total;Total habitantes;Personas.
DPOP14773;1311.0;Carballeda de Valdeorras;Total;Total habitantes;Personas.
DPOP12745;1987.0;Carballedo;Total;Total habitantes;Personas.
DPOP14779;14249.0;Carballiño, O;Total;Total habitantes;Personas.
DPOP6460;32120.0;Carballo;Total;Total habitantes;Personas.
DPOP22966;174.0;Carbellino;Total;Total habitantes;Personas.
DPOP943;8458.0;Carboneras;Total;Total habitantes;Personas.
DPOP6841;797.0;Carboneras de Guadazaón;Total;Total habitantes;Personas.
DPOP17782;2463.0;Carbonero el Mayor;Total;Total habitantes;Personas.
DPOP10624;624.0;Carboneros;Total;Total habitantes;Personas.
DPOP4801;1076.0;Carcaboso;Total;Total habitantes;Personas.
DPOP6220;2302.0;Carcabuey;Total;Total habitantes;Personas.
DPOP21295;21934.0;Carcaixent;Total;Total habitantes;Personas.
DPOP14101;1156.0;Cárcar;Total;Total habitantes;Personas.
DPOP14104;2408.0;Carcastillo;Total;Total habitantes;Personas.
DPOP3721;36.0;Carcedo de Bureba;Total;Total habitantes;Personas.
DPOP3724;513.0;Carcedo de Burgos;Total;Total habitantes;Personas.
DPOP220;483.0;Carcelén;Total;Total habitantes;Personas.
DPOP21298;1795.0;Càrcer;Total;Total habitantes;Personas.
DPOP10843;1291.0;Cárcheles;Total;Total habitantes;Personas.
DPOP2746;19046.0;Cardedeu;Total;Total habitantes;Personas.
DPOP12316;132.0;Cárdenas;Total;Total habitantes;Personas.
DPOP6844;479.0;Cardenete;Total;Total habitantes;Personas.
DPOP6223;1387.0;Cardeña;Total;Total habitantes;Personas.
DPOP3727;1445.0;Cardeñadijo;Total;Total habitantes;Personas.
DPOP3730;1185.0;Cardeñajimeno;Total;Total habitantes;Personas.
DPOP1282;430.0;Cardeñosa;Total;Total habitantes;Personas.
DPOP15340;64.0;Cardeñosa de Volpejera;Total;Total habitantes;Personas.
DPOP3733;106.0;Cardeñuela Riopico;Total;Total habitantes;Personas.
DPOP20536;406.0;Cardiel de los Montes;Total;Total habitantes;Personas.
DPOP2749;4553.0;Cardona;Total;Total habitantes;Personas.
DPOP8749;49.0;Cardoso de la Sierra, El;Total;Total habitantes;Personas.
DPOP23818;169.0;Carenas;Total;Total habitantes;Personas.
DPOP23821;3530.0;Cariñena;Total;Total habitantes;Personas.
DPOP6685;3661.0;Cariño;Total;Total habitantes;Personas.
DPOP21301;16857.0;Carlet;Total;Total habitantes;Personas.
DPOP6226;14503.0;Carlota, La;Total;Total habitantes;Personas.
DPOP2752;847.0;Carme;Total;Total habitantes;Personas.
DPOP20539;771.0;Carmena;Total;Total habitantes;Personas.
DPOP10963;356.0;Cármenes;Total;Total habitantes;Personas.
DPOP18370;30240.0;Carmona;Total;Total habitantes;Personas.
DPOP2002;514.0;Carmonita;Total;Total habitantes;Personas.
DPOP6463;3780.0;Carnota;Total;Total habitantes;Personas.
DPOP10627;14677.0;Carolina, La;Total;Total habitantes;Personas.
DPOP21949;923.0;Carpio;Total;Total habitantes;Personas.
DPOP16342;110.0;Carpio de Azaba;Total;Total habitantes;Personas.
DPOP20542;1948.0;Carpio de Tajo, El;Total;Total habitantes;Personas.
DPOP6229;4327.0;Carpio, El;Total;Total habitantes;Personas.
DPOP10966;3423.0;Carracedelo;Total;Total habitantes;Personas.
DPOP6466;6840.0;Carral;Total;Total habitantes;Personas.
DPOP20545;5469.0;Carranque;Total;Total habitantes;Personas.
DPOP16345;1456.0;Carrascal de Barregas;Total;Total habitantes;Personas.
DPOP16348;185.0;Carrascal del Obispo;Total;Total habitantes;Personas.
DPOP17785;143.0;Carrascal del Río;Total;Total habitantes;Personas.
DPOP4804;223.0;Carrascalejo;Total;Total habitantes;Personas.
DPOP2005;80.0;Carrascalejo, El;Total;Total habitantes;Personas.
DPOP6847;69.0;Carrascosa;Total;Total habitantes;Personas.
DPOP18763;18.0;Carrascosa de Abajo;Total;Total habitantes;Personas.
DPOP6850;87.0;Carrascosa de Haro;Total;Total habitantes;Personas.
DPOP18766;19.0;Carrascosa de la Sierra;Total;Total habitantes;Personas.
DPOP13570;801.0;Carratraca;Total;Total habitantes;Personas.
DPOP15043;10292.0;Carreño;Total;Total habitantes;Personas.
DPOP1285;155.0;Carrera, La;Total;Total habitantes;Personas.
DPOP3736;26.0;Carrias;Total;Total habitantes;Personas.
DPOP20548;260.0;Carriches;Total;Total habitantes;Personas.
DPOP21304;97.0;Carrícola;Total;Total habitantes;Personas.
DPOP5959;3239.0;Carrión de Calatrava;Total;Total habitantes;Personas.
DPOP18373;2647.0;Carrión de los Céspedes;Total;Total habitantes;Personas.
DPOP15343;1997.0;Carrión de los Condes;Total;Total habitantes;Personas.
DPOP10969;2242.0;Carrizo;Total;Total habitantes;Personas.
DPOP5962;1097.0;Carrizosa;Total;Total habitantes;Personas.
DPOP10972;437.0;Carrocera;Total;Total habitantes;Personas.
DPOP13813;220704.0;Cartagena;Total;Total habitantes;Personas.
DPOP13573;234.0;Cartajima;Total;Total habitantes;Personas.
DPOP13576;29333.0;Cártama;Total;Total habitantes;Personas.
DPOP9778;21471.0;Cartaya;Total;Total habitantes;Personas.
DPOP14782;2466.0;Cartelle;Total;Total habitantes;Personas.
DPOP17413;5874.0;Cartes;Total;Total habitantes;Personas.
DPOP10975;479.0;Carucedo;Total;Total habitantes;Personas.
DPOP8752;128.0;Casa de Uceda;Total;Total habitantes;Personas.
DPOP13579;4214.0;Casabermeja;Total;Total habitantes;Personas.
DPOP16351;69.0;Casafranca;Total;Total habitantes;Personas.
DPOP12319;1094.0;Casalarreina;Total;Total habitantes;Personas.
DPOP4807;4511.0;Casar de Cáceres;Total;Total habitantes;Personas.
DPOP20551;2280.0;Casar de Escalona, El;Total;Total habitantes;Personas.
DPOP4810;991.0;Casar de Palomero;Total;Total habitantes;Personas.
DPOP8755;13962.0;Casar, El;Total;Total habitantes;Personas.
DPOP13582;2800.0;Casarabonela;Total;Total habitantes;Personas.
DPOP18769;145.0;Casarejos;Total;Total habitantes;Personas.
DPOP13585;9009.0;Casares;Total;Total habitantes;Personas.
DPOP4813;362.0;Casares de las Hurdes;Total;Total habitantes;Personas.
DPOP18376;5291.0;Casariche;Total;Total habitantes;Personas.
DPOP20554;7424.0;Casarrubios del Monte;Total;Total habitantes;Personas.
DPOP13030;4323.0;Casarrubuelos;Total;Total habitantes;Personas.
DPOP21307;118.0;Casas Altas;Total;Total habitantes;Personas.
DPOP21310;158.0;Casas Bajas;Total;Total habitantes;Personas.
DPOP6853;872.0;Casas de Benítez;Total;Total habitantes;Personas.
DPOP4816;167.0;Casas de Don Antonio;Total;Total habitantes;Personas.
DPOP4819;342.0;Casas de Don Gómez;Total;Total habitantes;Personas.
DPOP2008;1375.0;Casas de Don Pedro;Total;Total habitantes;Personas.
DPOP6856;1041.0;Casas de Fernando Alonso;Total;Total habitantes;Personas.
DPOP6859;30.0;Casas de Garcimolina;Total;Total habitantes;Personas.
DPOP6862;105.0;Casas de Guijarro;Total;Total habitantes;Personas.
DPOP6865;812.0;Casas de Haro;Total;Total habitantes;Personas.
DPOP223;1409.0;Casas de Juan Núñez;Total;Total habitantes;Personas.
DPOP226;298.0;Casas de Lázaro;Total;Total habitantes;Personas.
DPOP6868;374.0;Casas de los Pinos;Total;Total habitantes;Personas.
DPOP4828;536.0;Casas de Millán;Total;Total habitantes;Personas.
DPOP4831;106.0;Casas de Miravete;Total;Total habitantes;Personas.
DPOP2011;200.0;Casas de Reina;Total;Total habitantes;Personas.
DPOP8758;24.0;Casas de San Galindo;Total;Total habitantes;Personas.
DPOP229;519.0;Casas de Ves;Total;Total habitantes;Personas.
DPOP4822;583.0;Casas del Castañar;Total;Total habitantes;Personas.
DPOP16354;63.0;Casas del Conde, Las;Total;Total habitantes;Personas.
DPOP4825;761.0;Casas del Monte;Total;Total habitantes;Personas.
DPOP1288;80.0;Casas del Puerto;Total;Total habitantes;Personas.
DPOP20557;210.0;Casasbuenas;Total;Total habitantes;Personas.
DPOP22969;88.0;Casaseca de Campeán;Total;Total habitantes;Personas.
DPOP22972;373.0;Casaseca de las Chanas;Total;Total habitantes;Personas.
DPOP232;4616.0;Casas-Ibáñez;Total;Total habitantes;Personas.
DPOP6871;3177.0;Casasimarro;Total;Total habitantes;Personas.
DPOP1291;67.0;Casasola;Total;Total habitantes;Personas.
DPOP21952;205.0;Casasola de Arión;Total;Total habitantes;Personas.
DPOP4834;1393.0;Casatejada;Total;Total habitantes;Personas.
DPOP1294;1362.0;Casavieja;Total;Total habitantes;Personas.
DPOP10159;287.0;Casbas de Huesca;Total;Total habitantes;Personas.
DPOP3739;25.0;Cascajares de Bureba;Total;Total habitantes;Personas.
DPOP3742;25.0;Cascajares de la Sierra;Total;Total habitantes;Personas.
DPOP14107;4231.0;Cascante;Total;Total habitantes;Personas.
DPOP19900;73.0;Cascante del Río;Total;Total habitantes;Personas.
DPOP14110;912.0;Cáseda;Total;Total habitantes;Personas.
DPOP19291;250.0;Caseres;Total;Total habitantes;Personas.
DPOP1297;673.0;Casillas;Total;Total habitantes;Personas.
DPOP4837;354.0;Casillas de Coria;Total;Total habitantes;Personas.
DPOP16357;171.0;Casillas de Flores;Total;Total habitantes;Personas.
DPOP21313;3153.0;Casinos;Total;Total habitantes;Personas.
DPOP17788;155.0;Casla;Total;Total habitantes;Personas.
DPOP15046;1437.0;Caso;Total;Total habitantes;Personas.
DPOP23824;10365.0;Caspe;Total;Total habitantes;Personas.
DPOP8761;120.0;Caspueñas;Total;Total habitantes;Personas.
DPOP7534;11131.0;Cassà de la Selva;Total;Total habitantes;Personas.
DPOP2755;1660.0;Casserres;Total;Total habitantes;Personas.
DPOP583;11908.0;Castalla;Total;Total habitantes;Personas.
DPOP4840;1020.0;Castañar de Ibor;Total;Total habitantes;Personas.
DPOP12322;440.0;Castañares de Rioja;Total;Total habitantes;Personas.
DPOP17416;3290.0;Castañeda;Total;Total habitantes;Personas.
DPOP9781;217.0;Castaño del Robledo;Total;Total habitantes;Personas.
DPOP8188;178.0;Cástaras;Total;Total habitantes;Personas.
DPOP6874;120.0;Castejón;Total;Total habitantes;Personas.
DPOP14113;4725.0;Castejón;Total;Total habitantes;Personas.
DPOP23827;75.0;Castejón de Alarba;Total;Total habitantes;Personas.
DPOP8764;62.0;Castejón de Henares;Total;Total habitantes;Personas.
DPOP23830;87.0;Castejón de las Armas;Total;Total habitantes;Personas.
DPOP10165;459.0;Castejón de Monegros;Total;Total habitantes;Personas.
DPOP10168;840.0;Castejón de Sos;Total;Total habitantes;Personas.
DPOP19903;64.0;Castejón de Tornos;Total;Total habitantes;Personas.
DPOP23833;188.0;Castejón de Valdejasa;Total;Total habitantes;Personas.
DPOP10162;359.0;Castejón del Puente;Total;Total habitantes;Personas.
DPOP19906;79.0;Castel de Cabra;Total;Total habitantes;Personas.
DPOP10171;102.0;Castelflorite;Total;Total habitantes;Personas.
DPOP5554;21.0;Castell de Cabres;Total;Total habitantes;Personas.
DPOP586;443.0;Castell de Castells;Total;Total habitantes;Personas.
DPOP649;284.0;Castell de Guadalest, el;Total;Total habitantes;Personas.
DPOP2779;68.0;Castell de l'Areny;Total;Total habitantes;Personas.
DPOP12163;159.0;Castell de Mur;Total;Total habitantes;Personas.
DPOP2596;7774.0;Castell, Es;Total;Total habitantes;Personas.
DPOP3745;48.0;Castellanos de Castro;Total;Total habitantes;Personas.
DPOP16360;3149.0;Castellanos de Moriscos;Total;Total habitantes;Personas.
DPOP16621;727.0;Castellanos de Villiquera;Total;Total habitantes;Personas.
DPOP1300;106.0;Castellanos de Zapardiel;Total;Total habitantes;Personas.
DPOP10630;3147.0;Castellar;Total;Total habitantes;Personas.
DPOP5359;2984.0;Castellar de la Frontera;Total;Total habitantes;Personas.
DPOP8767;22.0;Castellar de la Muela;Total;Total habitantes;Personas.
DPOP11677;131.0;Castellar de la Ribera;Total;Total habitantes;Personas.
DPOP2764;166.0;Castellar de n'Hug;Total;Total habitantes;Personas.
DPOP5965;1714.0;Castellar de Santiago;Total;Total habitantes;Personas.
DPOP2758;151.0;Castellar del Riu;Total;Total habitantes;Personas.
DPOP2761;25422.0;Castellar del Vallès;Total;Total habitantes;Personas.
DPOP19915;54.0;Castellar, El;Total;Total habitantes;Personas.
DPOP2767;4159.0;Castellbell i el Vilar;Total;Total habitantes;Personas.
DPOP2770;13061.0;Castellbisbal;Total;Total habitantes;Personas.
DPOP2773;804.0;Castellcir;Total;Total habitantes;Personas.
DPOP11680;952.0;Castelldans;Total;Total habitantes;Personas.
DPOP2776;70057.0;Castelldefels;Total;Total habitantes;Personas.
DPOP2782;2776.0;Castellet i la Gornal;Total;Total habitantes;Personas.
DPOP7537;966.0;Castellfollit de la Roca;Total;Total habitantes;Personas.
DPOP2788;153.0;Castellfollit de Riubregós;Total;Total habitantes;Personas.
DPOP2785;467.0;Castellfollit del Boix;Total;Total habitantes;Personas.
DPOP5557;178.0;Castellfort;Total;Total habitantes;Personas.
DPOP2791;2413.0;Castellgalí;Total;Total habitantes;Personas.
DPOP2794;1473.0;Castellnou de Bages;Total;Total habitantes;Personas.
DPOP11683;726.0;Castellnou de Seana;Total;Total habitantes;Personas.
DPOP5560;912.0;Castellnovo;Total;Total habitantes;Personas.
DPOP11686;548.0;Castelló de Farfanya;Total;Total habitantes;Personas.
DPOP21316;2345.0;Castelló de Rugat;Total;Total habitantes;Personas.
DPOP7540;12201.0;Castelló d'Empúries;Total;Total habitantes;Personas.
DPOP2797;669.0;Castellolí;Total;Total habitantes;Personas.
DPOP5563;183711.0;Castelló de la Plana/Castellón de la Plana;Total;Total habitantes;Personas.
DPOP21319;159.0;Castellonet de la Conquesta;Total;Total habitantes;Personas.
DPOP19918;665.0;Castellote;Total;Total habitantes;Personas.
DPOP7543;12982.0;Castell d'Aro, Platja d'Aro i s'Agaró;Total;Total habitantes;Personas.
DPOP11689;993.0;Castellserà;Total;Total habitantes;Personas.
DPOP2800;2754.0;Castellterçol;Total;Total habitantes;Personas.
DPOP19294;3002.0;Castellvell del Camp;Total;Total habitantes;Personas.
DPOP2803;1721.0;Castellví de la Marca;Total;Total habitantes;Personas.
DPOP2806;2171.0;Castellví de Rosanes;Total;Total habitantes;Personas.
DPOP19909;94.0;Castelnou;Total;Total habitantes;Personas.
DPOP19912;804.0;Castelserás;Total;Total habitantes;Personas.
DPOP21322;284.0;Castielfabib;Total;Total habitantes;Personas.
DPOP10174;280.0;Castiello de Jaca;Total;Total habitantes;Personas.
DPOP10177;80.0;Castigaleu;Total;Total habitantes;Personas.
DPOP3751;26.0;Castil de Peones;Total;Total habitantes;Personas.
DPOP15346;54.0;Castil de Vela;Total;Total habitantes;Personas.
DPOP2014;820.0;Castilblanco;Total;Total habitantes;Personas.
DPOP18379;5145.0;Castilblanco de los Arroyos;Total;Total habitantes;Personas.
DPOP3748;34.0;Castildelgado;Total;Total habitantes;Personas.
DPOP10978;58.0;Castilfalé;Total;Total habitantes;Personas.
DPOP8770;57.0;Castilforte;Total;Total habitantes;Personas.
DPOP18772;35.0;Castilfrío de la Sierra;Total;Total habitantes;Personas.
DPOP23836;219.0;Castiliscar;Total;Total habitantes;Personas.
DPOP10180;164.0;Castillazuelo;Total;Total habitantes;Personas.
DPOP18382;2843.0;Castilleja de Guzmán;Total;Total habitantes;Personas.
DPOP18385;17074.0;Castilleja de la Cuesta;Total;Total habitantes;Personas.
DPOP18388;611.0;Castilleja del Campo;Total;Total habitantes;Personas.
DPOP8191;1284.0;Castilléjar;Total;Total habitantes;Personas.
DPOP6877;94.0;Castillejo de Iniesta;Total;Total habitantes;Personas.
DPOP16363;193.0;Castillejo de Martín Viejo;Total;Total habitantes;Personas.
DPOP17791;119.0;Castillejo de Mesleón;Total;Total habitantes;Personas.
DPOP18778;100.0;Castillejo de Robledo;Total;Total habitantes;Personas.
DPOP6880;31.0;Castillejo-Sierra;Total;Total habitantes;Personas.
DPOP20560;889.0;Castillo de Bayuela;Total;Total habitantes;Personas.
DPOP6886;129.0;Castillo de Garcimuñoz;Total;Total habitantes;Personas.
DPOP18391;1501.0;Castillo de las Guardas, El;Total;Total habitantes;Personas.
DPOP10633;3805.0;Castillo de Locubín;Total;Total habitantes;Personas.
DPOP5566;110.0;Castillo de Villamalefa;Total;Total habitantes;Personas.
DPOP6883;17.0;Castillo-Albaráñez;Total;Total habitantes;Personas.
DPOP10183;334.0;Castillonroy;Total;Total habitantes;Personas.
DPOP14116;14.0;Castillonuevo/Gazteluberri;Total;Total habitantes;Personas.
DPOP8773;8.0;Castilnuevo;Total;Total habitantes;Personas.
DPOP18775;170.0;Castilruiz;Total;Total habitantes;Personas.
DPOP16366;33.0;Castraz;Total;Total habitantes;Personas.
DPOP15349;322.0;Castrejón de la Peña;Total;Total habitantes;Personas.
DPOP21955;171.0;Castrejón de Trabancos;Total;Total habitantes;Personas.
DPOP14788;1289.0;Castrelo de Miño;Total;Total habitantes;Personas.
DPOP14785;947.0;Castrelo do Val;Total;Total habitantes;Personas.
DPOP8194;1927.0;Castril;Total;Total habitantes;Personas.
DPOP10981;100.0;Castrillo de Cabrera;Total;Total habitantes;Personas.
DPOP15352;177.0;Castrillo de Don Juan;Total;Total habitantes;Personas.
DPOP21958;108.0;Castrillo de Duero;Total;Total habitantes;Personas.
DPOP22975;133.0;Castrillo de la Guareña;Total;Total habitantes;Personas.
DPOP3754;159.0;Castrillo de la Reina;Total;Total habitantes;Personas.
DPOP10984;136.0;Castrillo de la Valduerna;Total;Total habitantes;Personas.
DPOP3757;626.0;Castrillo de la Vega;Total;Total habitantes;Personas.
DPOP15355;91.0;Castrillo de Onielo;Total;Total habitantes;Personas.
DPOP3763;56.0;Castrillo de Riopisuerga;Total;Total habitantes;Personas.
DPOP15358;167.0;Castrillo de Villavega;Total;Total habitantes;Personas.
DPOP3760;858.0;Castrillo del Val;Total;Total habitantes;Personas.
DPOP3766;48.0;Castrillo Mota de Judíos;Total;Total habitantes;Personas.
DPOP15049;21998.0;Castrillón;Total;Total habitantes;Personas.
DPOP21961;157.0;Castrillo-Tejeriego;Total;Total habitantes;Personas.
DPOP14791;1244.0;Castro Caldelas;Total;Total habitantes;Personas.
DPOP946;101.0;Castro de Filabres;Total;Total habitantes;Personas.
DPOP17794;41.0;Castro de Fuentidueña;Total;Total habitantes;Personas.
DPOP12748;5001.0;Castro de Rei;Total;Total habitantes;Personas.
DPOP6232;7597.0;Castro del Río;Total;Total habitantes;Personas.
DPOP21964;43.0;Castrobol;Total;Total habitantes;Personas.
DPOP10987;898.0;Castrocalbón;Total;Total habitantes;Personas.
DPOP10990;623.0;Castrocontrigo;Total;Total habitantes;Personas.
DPOP21967;148.0;Castrodeza;Total;Total habitantes;Personas.
DPOP22978;432.0;Castrogonzalo;Total;Total habitantes;Personas.
DPOP3769;794.0;Castrojeriz;Total;Total habitantes;Personas.
DPOP17797;27.0;Castrojimeno;Total;Total habitantes;Personas.
DPOP21970;49.0;Castromembibre;Total;Total habitantes;Personas.
DPOP15361;193.0;Castromocho;Total;Total habitantes;Personas.
DPOP21973;319.0;Castromonte;Total;Total habitantes;Personas.
DPOP22981;216.0;Castronuevo;Total;Total habitantes;Personas.
DPOP21976;412.0;Castronuevo de Esgueva;Total;Total habitantes;Personas.
DPOP21979;737.0;Castronuño;Total;Total habitantes;Personas.
DPOP10993;1570.0;Castropodame;Total;Total habitantes;Personas.
DPOP15052;3202.0;Castropol;Total;Total habitantes;Personas.
DPOP21982;128.0;Castroponce;Total;Total habitantes;Personas.
DPOP17800;31.0;Castroserna de Abajo;Total;Total habitantes;Personas.
DPOP17803;24.0;Castroserracín;Total;Total habitantes;Personas.
DPOP10996;106.0;Castrotierra de Valmadrigal;Total;Total habitantes;Personas.
DPOP17419;33450.0;Castro-Urdiales;Total;Total habitantes;Personas.
DPOP12751;2478.0;Castroverde;Total;Total habitantes;Personas.
DPOP22984;240.0;Castroverde de Campos;Total;Total habitantes;Personas.
DPOP21985;192.0;Castroverde de Cerrato;Total;Total habitantes;Personas.
DPOP12325;57.0;Castroviejo;Total;Total habitantes;Personas.
DPOP2017;5457.0;Castuera;Total;Total habitantes;Personas.
DPOP21325;3005.0;Catadau;Total;Total habitantes;Personas.
DPOP21328;30604.0;Catarroja;Total;Total habitantes;Personas.
DPOP5569;719.0;Catí;Total;Total habitantes;Personas.
DPOP19297;5375.0;Catllar, El;Total;Total habitantes;Personas.
DPOP15949;3274.0;Catoira;Total;Total habitantes;Personas.
DPOP589;9600.0;Catral;Total;Total habitantes;Personas.
DPOP235;10439.0;Caudete;Total;Total habitantes;Personas.
DPOP21331;725.0;Caudete de las Fuentes;Total;Total habitantes;Personas.
DPOP5572;735.0;Caudiel;Total;Total habitantes;Personas.
DPOP11692;38.0;Cava;Total;Total habitantes;Personas.
DPOP3700;246.0;Cavia;Total;Total habitantes;Personas.
DPOP3772;186.0;Cayuela;Total;Total habitantes;Personas.
DPOP20563;2195.0;Cazalegas;Total;Total habitantes;Personas.
DPOP10636;762.0;Cazalilla;Total;Total habitantes;Personas.
DPOP18394;4626.0;Cazalla de la Sierra;Total;Total habitantes;Personas.
DPOP10639;6930.0;Cazorla;Total;Total habitantes;Personas.
DPOP22987;72.0;Cazurra;Total;Total habitantes;Personas.
DPOP10999;373.0;Cea;Total;Total habitantes;Personas.
DPOP11002;146.0;Cebanico;Total;Total habitantes;Personas.
DPOP20566;3270.0;Cebolla;Total;Total habitantes;Personas.
DPOP3775;60.0;Cebrecos;Total;Total habitantes;Personas.
DPOP1303;3345.0;Cebreros;Total;Total habitantes;Personas.
DPOP11005;439.0;Cebrones del Río;Total;Total habitantes;Personas.
DPOP4843;1769.0;Ceclavín;Total;Total habitantes;Personas.
DPOP6469;6547.0;Cedeira;Total;Total habitantes;Personas.
DPOP4846;453.0;Cedillo;Total;Total habitantes;Personas.
DPOP17806;80.0;Cedillo de la Torre;Total;Total habitantes;Personas.
DPOP20569;4525.0;Cedillo del Condado;Total;Total habitantes;Personas.
DPOP19921;652.0;Cedrillas;Total;Total habitantes;Personas.
DPOP6472;7731.0;Cee;Total;Total habitantes;Personas.
DPOP13816;14506.0;Cehegín;Total;Total habitantes;Personas.
DPOP21988;172.0;Ceinos de Campos;Total;Total habitantes;Personas.
DPOP3778;91.0;Celada del Camino;Total;Total habitantes;Personas.
DPOP19924;331.0;Celadas;Total;Total habitantes;Personas.
DPOP14794;5723.0;Celanova;Total;Total habitantes;Personas.
DPOP19927;2702.0;Cella;Total;Total habitantes;Personas.
DPOP7936;2027.0;Cellera de Ter, La;Total;Total habitantes;Personas.
DPOP12328;15.0;Cellorigo;Total;Total habitantes;Personas.
DPOP7546;5621.0;Celrà;Total;Total habitantes;Personas.
DPOP14482;1874.0;Cendea de Olza/Oltza Zendea;Total;Total habitantes;Personas.
DPOP8776;68.0;Cendejas de Enmedio;Total;Total habitantes;Personas.
DPOP8779;23.0;Cendejas de la Torre;Total;Total habitantes;Personas.
DPOP8197;8254.0;Cenes de la Vega;Total;Total habitantes;Personas.
DPOP12331;2173.0;Cenicero;Total;Total habitantes;Personas.
DPOP13033;2152.0;Cenicientos;Total;Total habitantes;Personas.
DPOP238;1163.0;Cenizate;Total;Total habitantes;Personas.
DPOP14797;1066.0;Cenlle;Total;Total habitantes;Personas.
DPOP2809;7864.0;Centelles;Total;Total habitantes;Personas.
DPOP8782;158.0;Centenera;Total;Total habitantes;Personas.
DPOP18781;19.0;Centenera de Andaluz;Total;Total habitantes;Personas.
DPOP16369;287.0;Cepeda;Total;Total habitantes;Personas.
DPOP1306;63.0;Cepeda la Mora;Total;Total habitantes;Personas.
DPOP18784;27.0;Cerbón;Total;Total habitantes;Personas.
DPOP6475;5116.0;Cerceda;Total;Total habitantes;Personas.
DPOP13036;7772.0;Cercedilla;Total;Total habitantes;Personas.
DPOP3406;1236.0;Cercs;Total;Total habitantes;Personas.
DPOP21334;370.0;Cerdà;Total;Total habitantes;Personas.
DPOP3400;58528.0;Cerdanyola del Vallès;Total;Total habitantes;Personas.
DPOP37295;5671.0;Cerdedo-Cotobade;Total;Total habitantes;Personas.
DPOP6478;1006.0;Cerdido;Total;Total habitantes;Personas.
DPOP16372;55.0;Cereceda de la Sierra;Total;Total habitantes;Personas.
DPOP22990;231.0;Cerecinos de Campos;Total;Total habitantes;Personas.
DPOP22993;111.0;Cerecinos del Carrizal;Total;Total habitantes;Personas.
DPOP16375;64.0;Cerezal de Peñahorcada;Total;Total habitantes;Personas.
DPOP4849;147.0;Cerezo;Total;Total habitantes;Personas.
DPOP17809;150.0;Cerezo de Abajo;Total;Total habitantes;Personas.
DPOP17812;119.0;Cerezo de Arriba;Total;Total habitantes;Personas.
DPOP3781;467.0;Cerezo de Río Tirón;Total;Total habitantes;Personas.
DPOP22996;105.0;Cernadilla;Total;Total habitantes;Personas.
DPOP19930;77.0;Cerollera, La;Total;Total habitantes;Personas.
DPOP16378;105.0;Cerralbo;Total;Total habitantes;Personas.
DPOP20572;452.0;Cerralbos, Los;Total;Total habitantes;Personas.
DPOP3784;42.0;Cerratón de Juarros;Total;Total habitantes;Personas.
DPOP9784;2246.0;Cerro de Andévalo, El;Total;Total habitantes;Personas.
DPOP16381;363.0;Cerro, El;Total;Total habitantes;Personas.
DPOP12754;1142.0;Cervantes;Total;Total habitantes;Personas.
DPOP15364;241.0;Cervatos de la Cueza;Total;Total habitantes;Personas.
DPOP2812;9743.0;Cervelló;Total;Total habitantes;Personas.
DPOP11695;9603.0;Cervera;Total;Total habitantes;Personas.
DPOP13039;165.0;Cervera de Buitrago;Total;Total habitantes;Personas.
DPOP23839;263.0;Cervera de la Cañada;Total;Total habitantes;Personas.
DPOP20575;513.0;Cervera de los Montes;Total;Total habitantes;Personas.
DPOP15367;2272.0;Cervera de Pisuerga;Total;Total habitantes;Personas.
DPOP6889;220.0;Cervera del Llano;Total;Total habitantes;Personas.
DPOP5575;617.0;Cervera del Maestre;Total;Total habitantes;Personas.
DPOP12334;2237.0;Cervera del Río Alhama;Total;Total habitantes;Personas.
DPOP23842;38.0;Cerveruela;Total;Total habitantes;Personas.
DPOP11698;641.0;Cervià de les Garrigues;Total;Total habitantes;Personas.
DPOP7549;1029.0;Cervià de Ter;Total;Total habitantes;Personas.
DPOP21991;87.0;Cervillego de la Cruz;Total;Total habitantes;Personas.
DPOP12757;4137.0;Cervo;Total;Total habitantes;Personas.
DPOP16384;480.0;Cespedosa de Tormes;Total;Total habitantes;Personas.
DPOP23845;534.0;Cetina;Total;Total habitantes;Personas.
DPOP24487;83595.0;Ceuta;Total;Total habitantes;Personas.
DPOP13819;13089.0;Ceutí;Total;Total habitantes;Personas.
DPOP15370;464.0;Cevico de la Torre;Total;Total habitantes;Personas.
DPOP15373;175.0;Cevico Navero;Total;Total habitantes;Personas.
DPOP16411;68.0;Chagarcía Medianero;Total;Total habitantes;Personas.
DPOP10189;120.0;Chalamera;Total;Total habitantes;Personas.
DPOP1333;61.0;Chamartín;Total;Total habitantes;Personas.
DPOP14809;467.0;Chandrexa de Queixa;Total;Total habitantes;Personas.
DPOP12766;8171.0;Chantada;Total;Total habitantes;Personas.
DPOP17842;739.0;Chañe;Total;Total habitantes;Personas.
DPOP13075;2705.0;Chapinería;Total;Total habitantes;Personas.
DPOP8224;5817.0;Chauchina;Total;Total habitantes;Personas.
DPOP8824;268.0;Checa;Total;Total habitantes;Personas.
DPOP2035;1175.0;Cheles;Total;Total habitantes;Personas.
DPOP21367;2452.0;Chella;Total;Total habitantes;Personas.
DPOP21364;1863.0;Chelva;Total;Total habitantes;Personas.
DPOP8827;13.0;Chequilla;Total;Total habitantes;Personas.
DPOP21370;508.0;Chera;Total;Total habitantes;Personas.
DPOP955;301.0;Chercos;Total;Total habitantes;Personas.
DPOP21373;8951.0;Cheste;Total;Total habitantes;Personas.
DPOP10192;90.0;Chía;Total;Total habitantes;Personas.
DPOP5365;90864.0;Chiclana de la Frontera;Total;Total habitantes;Personas.
DPOP10642;859.0;Chiclana de Segura;Total;Total habitantes;Personas.
DPOP5599;3199.0;Chilches/Xilxes;Total;Total habitantes;Personas.
DPOP6754;907.0;Chillarón de Cuenca;Total;Total habitantes;Personas.
DPOP8833;76.0;Chillarón del Rey;Total;Total habitantes;Personas.
DPOP5980;1752.0;Chillón;Total;Total habitantes;Personas.
DPOP10645;1309.0;Chilluévar;Total;Total habitantes;Personas.
DPOP8830;4117.0;Chiloeches;Total;Total habitantes;Personas.
DPOP8227;1265.0;Chimeneas;Total;Total habitantes;Personas.
DPOP10195;407.0;Chimillas;Total;Total habitantes;Personas.
DPOP247;4614.0;Chinchilla de Monte-Aragón;Total;Total habitantes;Personas.
DPOP13078;5800.0;Chinchón;Total;Total habitantes;Personas.
DPOP5368;20076.0;Chipiona;Total;Total habitantes;Personas.
DPOP23878;496.0;Chiprana;Total;Total habitantes;Personas.
DPOP958;1619.0;Chirivel;Total;Total habitantes;Personas.
DPOP21379;17951.0;Chiva;Total;Total habitantes;Personas.
DPOP23881;98.0;Chodes;Total;Total habitantes;Personas.
DPOP5602;107.0;Xodos/Chodos;Total;Total habitantes;Personas.
DPOP5605;316.0;Chóvar;Total;Total habitantes;Personas.
DPOP11041;2699.0;Chozas de Abajo;Total;Total habitantes;Personas.
DPOP20596;5044.0;Chozas de Canales;Total;Total habitantes;Personas.
DPOP9805;2306.0;Chucena;Total;Total habitantes;Personas.
DPOP20599;252.0;Chueca;Total;Total habitantes;Personas.
DPOP21382;710.0;Chulilla;Total;Total habitantes;Personas.
DPOP6901;49.0;Chumillas;Total;Total habitantes;Personas.
DPOP8230;16878.0;Churriana de la Vega;Total;Total habitantes;Personas.
DPOP3787;77.0;Ciadoncha;Total;Total habitantes;Personas.
DPOP12337;18.0;Cidamón;Total;Total habitantes;Personas.
DPOP18787;313.0;Cidones;Total;Total habitantes;Personas.
DPOP13042;26350.0;Ciempozuelos;Total;Total habitantes;Personas.
DPOP6892;39.0;Cierva, La;Total;Total habitantes;Personas.
DPOP17422;528.0;Cieza;Total;Total habitantes;Personas.
DPOP13822;35577.0;Cieza;Total;Total habitantes;Personas.
DPOP8785;1731.0;Cifuentes;Total;Total habitantes;Personas.
DPOP21994;5454.0;Cigales;Total;Total habitantes;Personas.
DPOP18790;14.0;Cigudosa;Total;Total habitantes;Personas.
DPOP21997;361.0;Ciguñuela;Total;Total habitantes;Personas.
DPOP18793;35.0;Cihuela;Total;Total habitantes;Personas.
DPOP12340;205.0;Cihuri;Total;Total habitantes;Personas.
DPOP8200;3827.0;Cijuela;Total;Total habitantes;Personas.
DPOP1309;84.0;Cillán;Total;Total habitantes;Personas.
DPOP3790;31.0;Cillaperlata;Total;Total habitantes;Personas.
DPOP4852;1547.0;Cilleros;Total;Total habitantes;Personas.
DPOP16387;21.0;Cilleros de la Bastida;Total;Total habitantes;Personas.
DPOP3793;209.0;Cilleruelo de Abajo;Total;Total habitantes;Personas.
DPOP3796;52.0;Cilleruelo de Arriba;Total;Total habitantes;Personas.
DPOP17815;41.0;Cilleruelo de San Mamés;Total;Total habitantes;Personas.
DPOP17425;1386.0;Cillorigo de Liébana;Total;Total habitantes;Personas.
DPOP11008;431.0;Cimanes de la Vega;Total;Total habitantes;Personas.
DPOP11011;710.0;Cimanes del Tejar;Total;Total habitantes;Personas.
DPOP23848;70.0;Cimballa;Total;Total habitantes;Personas.
DPOP23851;97.0;Cinco Olivas;Total;Total habitantes;Personas.
DPOP8788;20.0;Cincovillas;Total;Total habitantes;Personas.
DPOP5578;433.0;Cinctorres;Total;Total habitantes;Personas.
DPOP14119;8565.0;Cintruénigo;Total;Total habitantes;Personas.
DPOP16390;233.0;Cipérez;Total;Total habitantes;Personas.
DPOP5581;220.0;Cirat;Total;Total habitantes;Personas.
DPOP14125;473.0;Cirauqui/Zirauki;Total;Total habitantes;Personas.
DPOP18796;67.0;Ciria;Total;Total habitantes;Personas.
DPOP14128;170.0;Ciriza/Ziritza;Total;Total habitantes;Personas.
DPOP8791;136.0;Ciruelas;Total;Total habitantes;Personas.
DPOP20578;723.0;Ciruelos;Total;Total habitantes;Personas.
DPOP3799;90.0;Ciruelos de Cervera;Total;Total habitantes;Personas.
DPOP8794;23.0;Ciruelos del Pinar;Total;Total habitantes;Personas.
DPOP12343;194.0;Cirueña;Total;Total habitantes;Personas.
DPOP18799;21.0;Cirujales del Río;Total;Total habitantes;Personas.
DPOP1312;107.0;Cisla;Total;Total habitantes;Personas.
DPOP15376;426.0;Cisneros;Total;Total habitantes;Personas.
DPOP7552;283.0;Cistella;Total;Total habitantes;Personas.
DPOP22000;9489.0;Cistérniga;Total;Total habitantes;Personas.
DPOP11014;2857.0;Cistierna;Total;Total habitantes;Personas.
DPOP5968;76217.0;Ciudad Real;Total;Total habitantes;Personas.
DPOP16393;11750.0;Ciudad Rodrigo;Total;Total habitantes;Personas.
DPOP2449;32431.0;Ciutadella de Menorca;Total;Total habitantes;Personas.
DPOP11701;186.0;Ciutadilla;Total;Total habitantes;Personas.
DPOP14131;3949.0;Cizur;Total;Total habitantes;Personas.
DPOP23854;73.0;Clarés de Ribota;Total;Total habitantes;Personas.
DPOP11704;160.0;Clariana de Cardener;Total;Total habitantes;Personas.
DPOP12346;294.0;Clavijo;Total;Total habitantes;Personas.
DPOP15055;3321.0;Coaña;Total;Total habitantes;Personas.
DPOP949;169.0;Cóbdar;Total;Total habitantes;Personas.
DPOP20581;2719.0;Cobeja;Total;Total habitantes;Personas.
DPOP13045;7670.0;Cobeña;Total;Total habitantes;Personas.
DPOP8797;100.0;Cobeta;Total;Total habitantes;Personas.
DPOP20584;4550.0;Cobisa;Total;Total habitantes;Personas.
DPOP15379;129.0;Cobos de Cerrato;Total;Total habitantes;Personas.
DPOP17818;25.0;Cobos de Fuentidueña;Total;Total habitantes;Personas.
DPOP22999;543.0;Cobreros;Total;Total habitantes;Personas.
DPOP17821;1706.0;Coca;Total;Total habitantes;Personas.
DPOP16396;96.0;Coca de Alba;Total;Total habitantes;Personas.
DPOP592;11498.0;Cocentaina;Total;Total habitantes;Personas.
DPOP23857;204.0;Codo;Total;Total habitantes;Personas.
DPOP19933;312.0;Codoñera, La;Total;Total habitantes;Personas.
DPOP17824;294.0;Codorniz;Total;Total habitantes;Personas.
DPOP23860;237.0;Codos;Total;Total habitantes;Personas.
DPOP2020;1983.0;Codosera, La;Total;Total habitantes;Personas.
DPOP21337;1113.0;Cofrentes;Total;Total habitantes;Personas.
DPOP22003;143.0;Cogeces de Íscar;Total;Total habitantes;Personas.
DPOP22006;640.0;Cogeces del Monte;Total;Total habitantes;Personas.
DPOP8800;19.0;Cogollor;Total;Total habitantes;Personas.
DPOP3802;687.0;Cogollos;Total;Total habitantes;Personas.
DPOP8203;614.0;Cogollos de Guadix;Total;Total habitantes;Personas.
DPOP8206;2119.0;Cogollos de la Vega;Total;Total habitantes;Personas.
DPOP8803;574.0;Cogolludo;Total;Total habitantes;Personas.
DPOP11707;163.0;Cogul, El;Total;Total habitantes;Personas.
DPOP13588;26574.0;Coín;Total;Total habitantes;Personas.
DPOP6484;1945.0;Coirós;Total;Total habitantes;Personas.
DPOP7558;494.0;Colera;Total;Total habitantes;Personas.
DPOP14800;3228.0;Coles;Total;Total habitantes;Personas.
DPOP1315;375.0;Colilla, La;Total;Total habitantes;Personas.
DPOP17428;8570.0;Colindres;Total;Total habitantes;Personas.
DPOP11710;585.0;Coll de Nargó;Total;Total habitantes;Personas.
DPOP1318;147.0;Collado de Contreras;Total;Total habitantes;Personas.
DPOP4855;274.0;Collado de la Vera;Total;Total habitantes;Personas.
DPOP1321;18.0;Collado del Mirón;Total;Total habitantes;Personas.
DPOP17827;116.0;Collado Hermoso;Total;Total habitantes;Personas.
DPOP13060;7722.0;Collado Mediano;Total;Total habitantes;Personas.
DPOP13063;67274.0;Collado Villalba;Total;Total habitantes;Personas.
DPOP15382;89.0;Collazos de Boedo;Total;Total habitantes;Personas.
DPOP2815;4828.0;Collbató;Total;Total habitantes;Personas.
DPOP19303;155.0;Colldejou;Total;Total habitantes;Personas.
DPOP2818;391.0;Collsuspina;Total;Total habitantes;Personas.
DPOP13591;3626.0;Colmenar;Total;Total habitantes;Personas.
DPOP16399;177.0;Colmenar de Montemayor;Total;Total habitantes;Personas.
DPOP13051;9127.0;Colmenar de Oreja;Total;Total habitantes;Personas.
DPOP13048;2044.0;Colmenar del Arroyo;Total;Total habitantes;Personas.
DPOP13057;58730.0;Colmenar Viejo;Total;Total habitantes;Personas.
DPOP13054;9640.0;Colmenarejo;Total;Total habitantes;Personas.
DPOP8209;1278.0;Colomera;Total;Total habitantes;Personas.
DPOP7561;208.0;Colomers;Total;Total habitantes;Personas.
DPOP15058;3143.0;Colunga;Total;Total habitantes;Personas.
DPOP10186;124.0;Colungo;Total;Total habitantes;Personas.
DPOP11920;277.0;Coma i la Pedra, La;Total;Total habitantes;Personas.
DPOP13594;1354.0;Comares;Total;Total habitantes;Personas.
DPOP17431;2075.0;Comillas;Total;Total habitantes;Personas.
DPOP13597;3824.0;Cómpeta;Total;Total habitantes;Personas.
DPOP11917;438.0;Conca de Dalt;Total;Total habitantes;Personas.
DPOP17830;74.0;Condado de Castilnovo;Total;Total habitantes;Personas.
DPOP3805;1468.0;Condado de Treviño;Total;Total habitantes;Personas.
DPOP8806;14.0;Condemios de Abajo;Total;Total habitantes;Personas.
DPOP8809;101.0;Condemios de Arriba;Total;Total habitantes;Personas.
DPOP19306;111.0;Conesa;Total;Total habitantes;Personas.
DPOP595;293.0;Confrides;Total;Total habitantes;Personas.
DPOP11017;1418.0;Congosto;Total;Total habitantes;Personas.
DPOP15385;132.0;Congosto de Valdavia;Total;Total habitantes;Personas.
DPOP8812;18.0;Congostrina;Total;Total habitantes;Personas.
DPOP5362;24102.0;Conil de la Frontera;Total;Total habitantes;Personas.
DPOP6235;367.0;Conquista;Total;Total habitantes;Personas.
DPOP4858;193.0;Conquista de la Sierra;Total;Total habitantes;Personas.
DPOP2452;4521.0;Consell;Total;Total habitantes;Personas.
DPOP19309;7108.0;Constantí;Total;Total habitantes;Personas.
DPOP18397;5745.0;Constantina;Total;Total habitantes;Personas.
DPOP1324;104.0;Constanzana;Total;Total habitantes;Personas.
DPOP20587;9767.0;Consuegra;Total;Total habitantes;Personas.
DPOP23863;34.0;Contamina;Total;Total habitantes;Personas.
DPOP3808;81.0;Contreras;Total;Total habitantes;Personas.
DPOP23002;180.0;Coomonte;Total;Total habitantes;Personas.
DPOP8815;44.0;Copernal;Total;Total habitantes;Personas.
DPOP2821;352.0;Copons;Total;Total habitantes;Personas.
DPOP19936;117.0;Corbalán;Total;Total habitantes;Personas.
DPOP21340;3266.0;Corbera;Total;Total habitantes;Personas.
DPOP2824;16010.0;Corbera de Llobregat;Total;Total habitantes;Personas.
DPOP19312;1023.0;Corbera d'Ebre;Total;Total habitantes;Personas.
DPOP11020;174.0;Corbillos de los Oteros;Total;Total habitantes;Personas.
DPOP11713;1502.0;Corbins;Total;Total habitantes;Personas.
DPOP7567;1283.0;Corçà;Total;Total habitantes;Personas.
DPOP22009;203.0;Corcos;Total;Total habitantes;Personas.
DPOP6487;1659.0;Corcubión;Total;Total habitantes;Personas.
DPOP6238;323262.0;Córdoba;Total;Total habitantes;Personas.
DPOP2023;815.0;Cordobilla de Lácara;Total;Total habitantes;Personas.
DPOP16402;105.0;Cordovilla;Total;Total habitantes;Personas.
DPOP15388;130.0;Cordovilla la Real;Total;Total habitantes;Personas.
DPOP12349;154.0;Cordovín;Total;Total habitantes;Personas.
DPOP8818;297.0;Corduente;Total;Total habitantes;Personas.
DPOP14134;8756.0;Corella;Total;Total habitantes;Personas.
DPOP12352;281.0;Corera;Total;Total habitantes;Personas.
DPOP23005;1054.0;Coreses;Total;Total habitantes;Personas.
DPOP12760;3366.0;Corgo, O;Total;Total habitantes;Personas.
DPOP4861;12001.0;Coria;Total;Total habitantes;Personas.
DPOP18400;31278.0;Coria del Río;Total;Total habitantes;Personas.
DPOP18403;1218.0;Coripe;Total;Total habitantes;Personas.
DPOP6490;5710.0;Coristanco;Total;Total habitantes;Personas.
DPOP12355;298.0;Cornago;Total;Total habitantes;Personas.
DPOP2827;92237.0;Cornellà de Llobregat;Total;Total habitantes;Personas.
DPOP7564;2414.0;Cornellà del Terri;Total;Total habitantes;Personas.
DPOP19315;999.0;Cornudella de Montsant;Total;Total habitantes;Personas.
DPOP2026;2136.0;Coronada, La;Total;Total habitantes;Personas.
DPOP18406;4659.0;Coronil, El;Total;Total habitantes;Personas.
DPOP13066;832.0;Corpa;Total;Total habitantes;Personas.
DPOP12358;40.0;Corporales;Total;Total habitantes;Personas.
DPOP20590;5280.0;Corral de Almaguer;Total;Total habitantes;Personas.
DPOP17833;76.0;Corral de Ayllón;Total;Total habitantes;Personas.
DPOP5971;1154.0;Corral de Calatrava;Total;Total habitantes;Personas.
DPOP17434;10958.0;Corrales de Buelna, Los;Total;Total habitantes;Personas.
DPOP22012;104.0;Corrales de Duero;Total;Total habitantes;Personas.
DPOP23008;930.0;Corrales del Vino;Total;Total habitantes;Personas.
DPOP18409;4021.0;Corrales, Los;Total;Total habitantes;Personas.
DPOP241;303.0;Corral-Rubio;Total;Total habitantes;Personas.
DPOP2029;1153.0;Corte de Peleas;Total;Total habitantes;Personas.
DPOP9787;581.0;Corteconcepción;Total;Total habitantes;Personas.
DPOP14803;1027.0;Cortegada;Total;Total habitantes;Personas.
DPOP9790;4617.0;Cortegana;Total;Total habitantes;Personas.
DPOP9793;302.0;Cortelazor;Total;Total habitantes;Personas.
DPOP14137;3165.0;Cortes;Total;Total habitantes;Personas.
DPOP19939;62.0;Cortes de Aragón;Total;Total habitantes;Personas.
DPOP5584;308.0;Cortes de Arenoso;Total;Total habitantes;Personas.
DPOP8212;1769.0;Cortes de Baza;Total;Total habitantes;Personas.
DPOP13600;3048.0;Cortes de la Frontera;Total;Total habitantes;Personas.
DPOP21343;727.0;Cortes de Pallás;Total;Total habitantes;Personas.
DPOP8215;949.0;Cortes y Graena;Total;Total habitantes;Personas.
DPOP5974;848.0;Cortijos, Los;Total;Total habitantes;Personas.
DPOP11023;789.0;Corullón;Total;Total habitantes;Personas.
DPOP3811;95.0;Coruña del Conde;Total;Total habitantes;Personas.
DPOP6493;251543.0;Coruña, A;Total;Total habitantes;Personas.
DPOP15061;15785.0;Corvera de Asturias;Total;Total habitantes;Personas.
DPOP17437;2204.0;Corvera de Toranzo;Total;Total habitantes;Personas.
DPOP19942;63.0;Cosa;Total;Total habitantes;Personas.
DPOP18802;69.0;Coscurita;Total;Total habitantes;Personas.
DPOP13069;80512.0;Coslada;Total;Total habitantes;Personas.
DPOP12763;4172.0;Cospeito;Total;Total habitantes;Personas.
DPOP2455;1591.0;Costitx;Total;Total habitantes;Personas.
DPOP5587;511.0;Costur;Total;Total habitantes;Personas.
DPOP23866;344.0;Cosuenda;Total;Total habitantes;Personas.
DPOP23011;79.0;Cotanes del Monte;Total;Total habitantes;Personas.
DPOP21346;314.0;Cotes;Total;Total habitantes;Personas.
DPOP244;123.0;Cotillas;Total;Total habitantes;Personas.
DPOP18805;1560.0;Covaleda;Total;Total habitantes;Personas.
DPOP3814;501.0;Covarrubias;Total;Total habitantes;Personas.
DPOP15958;2472.0;Covelo;Total;Total habitantes;Personas.
DPOP5590;1888.0;Coves de Vinromà, les;Total;Total habitantes;Personas.
DPOP598;7722.0;Cox;Total;Total habitantes;Personas.
DPOP5977;903.0;Cózar;Total;Total habitantes;Personas.
DPOP18283;102.0;Cozuelos de Fuentidueña;Total;Total habitantes;Personas.
DPOP15961;1921.0;Crecente;Total;Total habitantes;Personas.
DPOP19318;4261.0;Creixell;Total;Total habitantes;Personas.
DPOP11026;497.0;Crémenes;Total;Total habitantes;Personas.
DPOP7570;254.0;Crespià;Total;Total habitantes;Personas.
DPOP1327;463.0;Crespos;Total;Total habitantes;Personas.
DPOP19945;559.0;Cretas;Total;Total habitantes;Personas.
DPOP601;30921.0;Crevillent;Total;Total habitantes;Personas.
DPOP2032;549.0;Cristina;Total;Total habitantes;Personas.
DPOP16405;158.0;Cristóbal;Total;Total habitantes;Personas.
DPOP19948;92.0;Crivillén;Total;Total habitantes;Personas.
DPOP8065;1350.0;Cruïlles, Monells i Sant Sadurní de l'Heura;Total;Total habitantes;Personas.
DPOP4864;809.0;Cuacos de Yuste;Total;Total habitantes;Personas.
DPOP11029;2075.0;Cuadros;Total;Total habitantes;Personas.
DPOP14806;1538.0;Cualedro;Total;Total habitantes;Personas.
DPOP23869;15408.0;Cuarte de Huerva;Total;Total habitantes;Personas.
DPOP19951;53.0;Cuba, La;Total;Total habitantes;Personas.
DPOP13072;7238.0;Cubas de la Sagra;Total;Total habitantes;Personas.
DPOP23872;145.0;Cubel;Total;Total habitantes;Personas.
DPOP2830;17673.0;Cubelles;Total;Total habitantes;Personas.
DPOP11716;354.0;Cubells;Total;Total habitantes;Personas.
DPOP18808;22.0;Cubilla;Total;Total habitantes;Personas.
DPOP15391;60.0;Cubillas de Cerrato;Total;Total habitantes;Personas.
DPOP11032;140.0;Cubillas de los Oteros;Total;Total habitantes;Personas.
DPOP11035;376.0;Cubillas de Rueda;Total;Total habitantes;Personas.
DPOP22015;394.0;Cubillas de Santa Marta;Total;Total habitantes;Personas.
DPOP17836;74.0;Cubillo;Total;Total habitantes;Personas.
DPOP8821;120.0;Cubillo de Uceda, El;Total;Total habitantes;Personas.
DPOP3817;103.0;Cubillo del Campo;Total;Total habitantes;Personas.
DPOP23014;294.0;Cubillos;Total;Total habitantes;Personas.
DPOP11038;1746.0;Cubillos del Sil;Total;Total habitantes;Personas.
DPOP19954;56.0;Cubla;Total;Total habitantes;Personas.
DPOP23017;115.0;Cubo de Benavente;Total;Total habitantes;Personas.
DPOP3820;102.0;Cubo de Bureba;Total;Total habitantes;Personas.
DPOP16408;373.0;Cubo de Don Sancho, El;Total;Total habitantes;Personas.
DPOP18811;177.0;Cubo de la Solana;Total;Total habitantes;Personas.
DPOP23020;294.0;Cubo de Tierra del Vino, El;Total;Total habitantes;Personas.
DPOP19957;77.0;Cucalón;Total;Total habitantes;Personas.
DPOP15064;4867.0;Cudillero;Total;Total habitantes;Personas.
DPOP23023;77.0;Cuelgamures;Total;Total habitantes;Personas.
DPOP17839;9527.0;Cuéllar;Total;Total habitantes;Personas.
DPOP6895;53600.0;Cuenca;Total;Total habitantes;Personas.
DPOP22018;179.0;Cuenca de Campos;Total;Total habitantes;Personas.
DPOP23875;44.0;Cuerlas, Las;Total;Total habitantes;Personas.
DPOP20593;1226.0;Cuerva;Total;Total habitantes;Personas.
DPOP18613;8783.0;Cuervo de Sevilla, El;Total;Total habitantes;Personas.
DPOP19960;88.0;Cuervo, El;Total;Total habitantes;Personas.
DPOP18814;67.0;Cueva de Ágreda;Total;Total habitantes;Personas.
DPOP3823;89.0;Cueva de Roa, La;Total;Total habitantes;Personas.
DPOP6898;27.0;Cueva del Hierro;Total;Total habitantes;Personas.
DPOP13603;1341.0;Cuevas Bajas;Total;Total habitantes;Personas.
DPOP19963;119.0;Cuevas de Almudén;Total;Total habitantes;Personas.
DPOP18292;131.0;Cuevas de Provanco;Total;Total habitantes;Personas.
DPOP3826;52.0;Cuevas de San Clemente;Total;Total habitantes;Personas.
DPOP13609;3647.0;Cuevas de San Marcos;Total;Total habitantes;Personas.
DPOP952;15526.0;Cuevas del Almanzora;Total;Total habitantes;Personas.
DPOP13606;1617.0;Cuevas del Becerro;Total;Total habitantes;Personas.
DPOP8575;1841.0;Cuevas del Campo;Total;Total habitantes;Personas.
DPOP1330;506.0;Cuevas del Valle;Total;Total habitantes;Personas.
DPOP19966;126.0;Cuevas Labradas;Total;Total habitantes;Personas.
DPOP5593;503.0;Culla;Total;Total habitantes;Personas.
DPOP8218;3978.0;Cúllar;Total;Total habitantes;Personas.
DPOP8221;7947.0;Cúllar Vega;Total;Total habitantes;Personas.
DPOP21361;24702.0;Cullera;Total;Total habitantes;Personas.
DPOP6496;31254.0;Culleredo;Total;Total habitantes;Personas.
DPOP4867;815.0;Cumbre, La;Total;Total habitantes;Personas.
DPOP9796;54.0;Cumbres de Enmedio;Total;Total habitantes;Personas.
DPOP9799;354.0;Cumbres de San Bartolomé;Total;Total habitantes;Personas.
DPOP9802;1708.0;Cumbres Mayores;Total;Total habitantes;Personas.
DPOP19321;16385.0;Cunit;Total;Total habitantes;Personas.
DPOP15964;4469.0;Cuntis;Total;Total habitantes;Personas.
DPOP22021;111.0;Curiel de Duero;Total;Total habitantes;Personas.
DPOP6499;4242.0;Curtis;Total;Total habitantes;Personas.
DPOP13612;603.0;Cútar;Total;Total habitantes;Personas.
DPOP12361;565.0;Cuzcurrita de Río Tirón;Total;Total habitantes;Personas.
DPOP13081;10764.0;Daganzo de Arriba;Total;Total habitantes;Personas.
DPOP5983;17722.0;Daimiel;Total;Total habitantes;Personas.
DPOP21385;3524.0;Daimús;Total;Total habitantes;Personas.
DPOP961;4196.0;Dalías;Total;Total habitantes;Personas.
DPOP7573;563.0;Darnius;Total;Total habitantes;Personas.
DPOP23884;1899.0;Daroca;Total;Total habitantes;Personas.
DPOP12364;63.0;Daroca de Rioja;Total;Total habitantes;Personas.
DPOP8233;1700.0;Darro;Total;Total habitantes;Personas.
DPOP7576;261.0;Das;Total;Total habitantes;Personas.
DPOP607;1885.0;Daya Nueva;Total;Total habitantes;Personas.
DPOP610;698.0;Daya Vieja;Total;Total habitantes;Personas.
DPOP9535;5362.0;Deba;Total;Total habitantes;Personas.
DPOP15067;768.0;Degaña;Total;Total habitantes;Personas.
DPOP15394;130.0;Dehesa de Montejo;Total;Total habitantes;Personas.
DPOP15397;39.0;Dehesa de Romanos;Total;Total habitantes;Personas.
DPOP8236;382.0;Dehesas de Guadix;Total;Total habitantes;Personas.
DPOP37286;635.0;Dehesas Viejas;Total;Total habitantes;Personas.
DPOP2458;741.0;Deià;Total;Total habitantes;Personas.
DPOP8239;2612.0;Deifontes;Total;Total habitantes;Personas.
DPOP4870;681.0;Deleitosa;Total;Total habitantes;Personas.
DPOP19702;12041.0;Deltebre;Total;Total habitantes;Personas.
DPOP613;47261.0;Dénia;Total;Total habitantes;Personas.
DPOP22816;7294.0;Derio;Total;Total habitantes;Personas.
DPOP4873;105.0;Descargamaría;Total;Total habitantes;Personas.
DPOP14140;68.0;Desojo;Total;Total habitantes;Personas.
DPOP11044;422.0;Destriana;Total;Total habitantes;Personas.
DPOP18817;72.0;Dévanos;Total;Total habitantes;Personas.
DPOP18820;162.0;Deza;Total;Total habitantes;Personas.
DPOP14143;562.0;Dicastillo;Total;Total habitantes;Personas.
DPOP1900;107.0;Diego del Carpio;Total;Total habitantes;Personas.
DPOP8242;829.0;Diezma;Total;Total habitantes;Personas.
DPOP8245;2384.0;Dílar;Total;Total habitantes;Personas.
DPOP22600;1531.0;Dima;Total;Total habitantes;Personas.
DPOP16414;116.0;Dios le Guarde;Total;Total habitantes;Personas.
DPOP6502;2589.0;Dodro;Total;Total habitantes;Personas.
DPOP8248;600.0;Dólar;Total;Total habitantes;Personas.
DPOP616;8326.0;Dolores;Total;Total habitantes;Personas.
DPOP21388;723.0;Domeño;Total;Total habitantes;Personas.
DPOP17845;29.0;Domingo García;Total;Total habitantes;Personas.
DPOP20602;418.0;Domingo Pérez;Total;Total habitantes;Personas.
DPOP37289;822.0;Domingo Pérez de Granada;Total;Total habitantes;Personas.
DPOP2038;841.0;Don Álvaro;Total;Total habitantes;Personas.
DPOP2041;37986.0;Don Benito;Total;Total habitantes;Personas.
DPOP14146;446.0;Donamaria;Total;Total habitantes;Personas.
DPOP14563;1854.0;Doneztebe/Santesteban;Total;Total habitantes;Personas.
DPOP17848;73.0;Donhierro;Total;Total habitantes;Personas.
DPOP1336;69.0;Donjimeno;Total;Total habitantes;Personas.
DPOP9655;189866.0;Donostia/San Sebastián;Total;Total habitantes;Personas.
DPOP1339;31.0;Donvidas;Total;Total habitantes;Personas.
DPOP6241;4465.0;Doña Mencía;Total;Total habitantes;Personas.
DPOP16417;62.0;Doñinos de Ledesma;Total;Total habitantes;Personas.
DPOP16420;2273.0;Doñinos de Salamanca;Total;Total habitantes;Personas.
DPOP21391;340.0;Dos Aguas;Total;Total habitantes;Personas.
DPOP18412;142519.0;Dos Hermanas;Total;Total habitantes;Personas.
DPOP6244;2340.0;Dos Torres;Total;Total habitantes;Personas.
DPOP20605;2228.0;Dosbarrios;Total;Total habitantes;Personas.
DPOP2833;6287.0;Dosrius;Total;Total habitantes;Personas.
DPOP15967;961.0;Dozón;Total;Total habitantes;Personas.
DPOP8836;331.0;Driebes;Total;Total habitantes;Personas.
DPOP8251;382.0;Dúdar;Total;Total habitantes;Personas.
DPOP15400;2605.0;Dueñas;Total;Total habitantes;Personas.
DPOP19327;217.0;Duesaigües;Total;Total habitantes;Personas.
DPOP6505;2716.0;Dumbría;Total;Total habitantes;Personas.
DPOP22603;30192.0;Durango;Total;Total habitantes;Personas.
DPOP8254;7234.0;Dúrcal;Total;Total habitantes;Personas.
DPOP8839;108.0;Durón;Total;Total habitantes;Personas.
DPOP17851;172.0;Duruelo;Total;Total habitantes;Personas.
DPOP18823;1035.0;Duruelo de la Sierra;Total;Total habitantes;Personas.
DPOP22606;824.0;Ea;Total;Total habitantes;Personas.
DPOP14152;78.0;Echarri/Etxarri;Total;Total habitantes;Personas.
DPOP18415;39659.0;Écija;Total;Total habitantes;Personas.
DPOP9538;27484.0;Eibar;Total;Total habitantes;Personas.
DPOP2482;55337.0;Eivissa;Total;Total habitantes;Personas.
DPOP23887;17129.0;Ejea de los Caballeros;Total;Total habitantes;Personas.
DPOP16423;139.0;Éjeme;Total;Total habitantes;Personas.
DPOP1156;91440.0;Ejido, El;Total;Total habitantes;Personas.
DPOP19969;172.0;Ejulve;Total;Total habitantes;Personas.
DPOP22615;320.0;Elantxobe;Total;Total habitantes;Personas.
DPOP55;642.0;Elburgo/Burgelu;Total;Total habitantes;Personas.
DPOP250;3603.0;Elche de la Sierra;Total;Total habitantes;Personas.
DPOP619;245557.0;Elx/Elche;Total;Total habitantes;Personas.
DPOP58;971.0;Elciego;Total;Total habitantes;Personas.
DPOP622;55222.0;Elda;Total;Total habitantes;Personas.
DPOP9541;248.0;Elduain;Total;Total habitantes;Personas.
DPOP9547;1133.0;Elgeta;Total;Total habitantes;Personas.
DPOP9544;11705.0;Elgoibar;Total;Total habitantes;Personas.
DPOP14164;210.0;Elgorriaga;Total;Total habitantes;Personas.
DPOP21394;19839.0;Eliana, l';Total;Total habitantes;Personas.
DPOP4876;827.0;Eljas;Total;Total habitantes;Personas.
DPOP22618;7277.0;Elorrio;Total;Total habitantes;Personas.
DPOP61;315.0;Elvillar/Bilar;Total;Total habitantes;Personas.
DPOP8842;37.0;Embid;Total;Total habitantes;Personas.
DPOP23890;28.0;Embid de Ariza;Total;Total habitantes;Personas.
DPOP21397;700.0;Emperador;Total;Total habitantes;Personas.
DPOP16429;111.0;Encina de San Silvestre;Total;Total habitantes;Personas.
DPOP16426;95.0;Encina, La;Total;Total habitantes;Personas.
DPOP23893;176.0;Encinacorba;Total;Total habitantes;Personas.
DPOP17854;39.0;Encinas;Total;Total habitantes;Personas.
DPOP16432;615.0;Encinas de Abajo;Total;Total habitantes;Personas.
DPOP16435;223.0;Encinas de Arriba;Total;Total habitantes;Personas.
DPOP22024;214.0;Encinas de Esgueva;Total;Total habitantes;Personas.
DPOP6247;2208.0;Encinas Reales;Total;Total habitantes;Personas.
DPOP9808;1232.0;Encinasola;Total;Total habitantes;Personas.
DPOP16438;146.0;Encinasola de los Comendadores;Total;Total habitantes;Personas.
DPOP11047;621.0;Encinedo;Total;Total habitantes;Personas.
DPOP17857;358.0;Encinillas;Total;Total habitantes;Personas.
DPOP3829;37.0;Encío;Total;Total habitantes;Personas.
DPOP12367;167.0;Enciso;Total;Total habitantes;Personas.
DPOP16441;201.0;Endrinal;Total;Total habitantes;Personas.
DPOP14170;328.0;Enériz/Eneritz;Total;Total habitantes;Personas.
DPOP21400;4807.0;Enguera;Total;Total habitantes;Personas.
DPOP6904;274.0;Enguídanos;Total;Total habitantes;Personas.
DPOP967;612.0;Enix;Total;Total habitantes;Personas.
DPOP21403;952.0;Énova, l';Total;Total habitantes;Personas.
DPOP23026;133.0;Entrala;Total;Total habitantes;Personas.
DPOP17443;5693.0;Entrambasaguas;Total;Total habitantes;Personas.
DPOP12370;1660.0;Entrena;Total;Total habitantes;Personas.
DPOP14812;1093.0;Entrimo;Total;Total habitantes;Personas.
DPOP2044;548.0;Entrín Bajo;Total;Total habitantes;Personas.
DPOP23896;4704.0;Épila;Total;Total habitantes;Personas.
DPOP22819;24659.0;Erandio;Total;Total habitantes;Personas.
DPOP14173;155.0;Eratsun;Total;Total habitantes;Personas.
DPOP11050;412.0;Ercina, La;Total;Total habitantes;Personas.
DPOP22621;275.0;Ereño;Total;Total habitantes;Personas.
DPOP14176;392.0;Ergoiena;Total;Total habitantes;Personas.
DPOP23899;374.0;Erla;Total;Total habitantes;Personas.
DPOP22624;15516.0;Ermua;Total;Total habitantes;Personas.
DPOP9649;39363.0;Errenteria;Total;Total habitantes;Personas.
DPOP9646;588.0;Errezil;Total;Total habitantes;Personas.
DPOP109;1477.0;Ribera Baja/Erriberabeitia;Total;Total habitantes;Personas.
DPOP106;839.0;Erriberagoitia/Ribera Alta;Total;Total habitantes;Personas.
DPOP22759;499.0;Errigoiti;Total;Total habitantes;Personas.
DPOP14179;812.0;Erro;Total;Total habitantes;Personas.
DPOP20608;220.0;Erustes;Total;Total habitantes;Personas.
DPOP9811;2327.0;Escacena del Campo;Total;Total habitantes;Personas.
DPOP7579;10374.0;Escala, L';Total;Total habitantes;Personas.
DPOP17446;716.0;Escalante;Total;Total habitantes;Personas.
DPOP20611;3987.0;Escalona;Total;Total habitantes;Personas.
DPOP17860;475.0;Escalona del Prado;Total;Total habitantes;Personas.
DPOP20614;1545.0;Escalonilla;Total;Total habitantes;Personas.
DPOP8845;65.0;Escamilla;Total;Total habitantes;Personas.
DPOP10648;902.0;Escañuela;Total;Total habitantes;Personas.
DPOP17863;269.0;Escarabajosa de Cabezas;Total;Total habitantes;Personas.
DPOP8848;186.0;Escariche;Total;Total habitantes;Personas.
DPOP23902;1189.0;Escatrón;Total;Total habitantes;Personas.
DPOP11053;32.0;Escobar de Campos;Total;Total habitantes;Personas.
DPOP17866;172.0;Escobar de Polendos;Total;Total habitantes;Personas.
DPOP18826;19.0;Escobosa de Almazán;Total;Total habitantes;Personas.
DPOP8851;80.0;Escopete;Total;Total habitantes;Personas.
DPOP2461;199.0;Escorca;Total;Total habitantes;Personas.
DPOP13084;17171.0;Escorial, El;Total;Total habitantes;Personas.
DPOP19972;130.0;Escorihuela;Total;Total habitantes;Personas.
DPOP19975;788.0;Escucha;Total;Total habitantes;Personas.
DPOP4879;855.0;Escurial;Total;Total habitantes;Personas.
DPOP16444;233.0;Escurial de la Sierra;Total;Total habitantes;Personas.
DPOP8257;826.0;Escúzar;Total;Total habitantes;Personas.
DPOP14815;1103.0;Esgos;Total;Total habitantes;Personas.
DPOP22027;257.0;Esguevillas de Esgueva;Total;Total habitantes;Personas.
DPOP9550;4215.0;Eskoriatza;Total;Total habitantes;Personas.
DPOP14185;97.0;Eslava;Total;Total habitantes;Personas.
DPOP5608;815.0;Eslida;Total;Total habitantes;Personas.
DPOP16447;32.0;Espadaña;Total;Total habitantes;Personas.
DPOP23029;109.0;Espadañedo;Total;Total habitantes;Personas.
DPOP5611;101.0;Espadilla;Total;Total habitantes;Personas.
DPOP2047;1506.0;Esparragalejo;Total;Total habitantes;Personas.
DPOP2050;912.0;Esparragosa de la Serena;Total;Total habitantes;Personas.
DPOP2053;839.0;Esparragosa de Lares;Total;Total habitantes;Personas.
DPOP2836;22665.0;Esparreguera;Total;Total habitantes;Personas.
DPOP18418;16479.0;Espartinas;Total;Total habitantes;Personas.
DPOP14188;75.0;Esparza de Salazar/Espartza Zaraitzu;Total;Total habitantes;Personas.
DPOP16450;212.0;Espeja;Total;Total habitantes;Personas.
DPOP18829;160.0;Espeja de San Marcelino;Total;Total habitantes;Personas.
DPOP6250;3175.0;Espejo;Total;Total habitantes;Personas.
DPOP18832;122.0;Espejón;Total;Total habitantes;Personas.
DPOP10651;596.0;Espeluy;Total;Total habitantes;Personas.
DPOP5371;3755.0;Espera;Total;Total habitantes;Personas.
DPOP6253;2326.0;Espiel;Total;Total habitantes;Personas.
DPOP17869;10409.0;Espinar, El;Total;Total habitantes;Personas.
DPOP7582;261.0;Espinelves;Total;Total habitantes;Personas.
DPOP16453;238.0;Espino de la Orbada;Total;Total habitantes;Personas.
DPOP15403;119.0;Espinosa de Cerrato;Total;Total habitantes;Personas.
DPOP3832;81.0;Espinosa de Cervera;Total;Total habitantes;Personas.
DPOP8854;715.0;Espinosa de Henares;Total;Total habitantes;Personas.
DPOP1342;104.0;Espinosa de los Caballeros;Total;Total habitantes;Personas.
DPOP3838;1627.0;Espinosa de los Monteros;Total;Total habitantes;Personas.
DPOP15406;164.0;Espinosa de Villagonzalo;Total;Total habitantes;Personas.
DPOP3835;43.0;Espinosa del Camino;Total;Total habitantes;Personas.
DPOP20617;420.0;Espinoso del Rey;Total;Total habitantes;Personas.
DPOP17872;1613.0;Espirdo;Total;Total habitantes;Personas.
DPOP8857;30.0;Esplegares;Total;Total habitantes;Personas.
DPOP11719;324.0;Espluga Calba, L';Total;Total habitantes;Personas.
DPOP19330;3863.0;Espluga de Francolí, L';Total;Total habitantes;Personas.
DPOP2839;48221.0;Esplugues de Llobregat;Total;Total habitantes;Personas.
DPOP10198;676.0;Esplús;Total;Total habitantes;Personas.
DPOP7585;398.0;Espolla;Total;Total habitantes;Personas.
DPOP7588;446.0;Esponellà;Total;Total habitantes;Personas.
DPOP2464;5264.0;Esporles;Total;Total habitantes;Personas.
DPOP11722;377.0;Espot;Total;Total habitantes;Personas.
DPOP14191;102.0;Espronceda;Total;Total habitantes;Personas.
DPOP2842;260.0;Espunyola, L';Total;Total habitantes;Personas.
DPOP3364;2301.0;Esquirol, L';Total;Total habitantes;Personas.
DPOP20620;5833.0;Esquivias;Total;Total habitantes;Personas.
DPOP8860;35.0;Establés;Total;Total habitantes;Personas.
DPOP10201;215.0;Estada;Total;Total habitantes;Personas.
DPOP10204;810.0;Estadilla;Total;Total habitantes;Personas.
DPOP11734;135.0;Estamariu;Total;Total habitantes;Personas.
DPOP2845;390.0;Estany, L';Total;Total habitantes;Personas.
DPOP11725;161.0;Estaràs;Total;Total habitantes;Personas.
DPOP14194;14317.0;Estella-Lizarra;Total;Total habitantes;Personas.
DPOP2467;369.0;Estellencs;Total;Total habitantes;Personas.
DPOP18421;12430.0;Estepa;Total;Total habitantes;Personas.
DPOP18835;13.0;Estepa de San Juan;Total;Total habitantes;Personas.
DPOP3841;646.0;Estépar;Total;Total habitantes;Personas.
DPOP13615;79621.0;Estepona;Total;Total habitantes;Personas.
DPOP19978;198.0;Estercuel;Total;Total habitantes;Personas.
DPOP14197;2918.0;Esteribar;Total;Total habitantes;Personas.
DPOP11728;917.0;Esterri d'Àneu;Total;Total habitantes;Personas.
DPOP11731;63.0;Esterri de Cardós;Total;Total habitantes;Personas.
DPOP21406;1710.0;Estivella;Total;Total habitantes;Personas.
DPOP12373;90.0;Estollo;Total;Total habitantes;Personas.
DPOP10207;147.0;Estopiñán del Castillo;Total;Total habitantes;Personas.
DPOP15970;20112.0;Estrada, A;Total;Total habitantes;Personas.
DPOP20623;251.0;Estrella, La;Total;Total habitantes;Personas.
DPOP13087;1473.0;Estremera;Total;Total habitantes;Personas.
DPOP8863;13.0;Estriégana;Total;Total habitantes;Personas.
DPOP21409;110.0;Estubeny;Total;Total habitantes;Personas.
DPOP14200;72.0;Etayo;Total;Total habitantes;Personas.
DPOP14149;807.0;Etxalar;Total;Total habitantes;Personas.
DPOP14155;2551.0;Etxarri Aranatz;Total;Total habitantes;Personas.
DPOP14158;671.0;Etxauri;Total;Total habitantes;Personas.
DPOP22609;12038.0;Etxebarri;Total;Total habitantes;Personas.
DPOP22612;791.0;Etxebarria;Total;Total habitantes;Personas.
DPOP14203;278.0;Eulate;Total;Total habitantes;Personas.
DPOP14206;1901.0;Ezcabarte;Total;Total habitantes;Personas.
DPOP12376;2067.0;Ezcaray;Total;Total habitantes;Personas.
DPOP14182;298.0;Ezcároz/Ezkaroze;Total;Total habitantes;Personas.
DPOP9553;604.0;Ezkio-Itsaso;Total;Total habitantes;Personas.
DPOP14209;125.0;Ezkurra;Total;Total habitantes;Personas.
DPOP14212;48.0;Ezprogui;Total;Total habitantes;Personas.
DPOP23905;1063.0;Fabara;Total;Total habitantes;Personas.
DPOP11056;3998.0;Fabero;Total;Total habitantes;Personas.
DPOP625;100.0;Fageca;Total;Total habitantes;Personas.
DPOP10210;24.0;Fago;Total;Total habitantes;Personas.
DPOP14215;2389.0;Falces;Total;Total habitantes;Personas.
DPOP19333;2890.0;Falset;Total;Total habitantes;Personas.
DPOP628;44.0;Famorca;Total;Total habitantes;Personas.
DPOP10213;114.0;Fanlo;Total;Total habitantes;Personas.
DPOP5614;295.0;Fanzara;Total;Total habitantes;Personas.
DPOP7420;628.0;Far d'Empordà, El;Total;Total habitantes;Personas.
DPOP13618;285.0;Faraján;Total;Total habitantes;Personas.
DPOP23032;318.0;Faramontanos de Tábara;Total;Total habitantes;Personas.
DPOP23035;487.0;Fariza;Total;Total habitantes;Personas.
DPOP23908;372.0;Farlete;Total;Total habitantes;Personas.
DPOP11737;118.0;Farrera;Total;Total habitantes;Personas.
DPOP17233;3145.0;Fasnia;Total;Total habitantes;Personas.
DPOP19336;840.0;Fatarella, La;Total;Total habitantes;Personas.
DPOP21412;3753.0;Faura;Total;Total habitantes;Personas.
DPOP21415;2776.0;Favara;Total;Total habitantes;Personas.
DPOP23911;448.0;Fayón;Total;Total habitantes;Personas.
DPOP23914;135.0;Fayos, Los;Total;Total habitantes;Personas.
DPOP19339;35.0;Febró, La;Total;Total habitantes;Personas.
DPOP2470;19146.0;Felanitx;Total;Total habitantes;Personas.
DPOP970;771.0;Felix;Total;Total habitantes;Personas.
DPOP6508;12467.0;Fene;Total;Total habitantes;Personas.
DPOP253;604.0;Férez;Total;Total habitantes;Personas.
DPOP2056;1054.0;Feria;Total;Total habitantes;Personas.
DPOP23038;1131.0;Fermoselle;Total;Total habitantes;Personas.
DPOP5986;965.0;Fernán Caballero;Total;Total habitantes;Personas.
DPOP6256;9670.0;Fernán-Núñez;Total;Total habitantes;Personas.
DPOP8260;297.0;Ferreira;Total;Total habitantes;Personas.
DPOP23041;461.0;Ferreras de Abajo;Total;Total habitantes;Personas.
DPOP23044;350.0;Ferreras de Arriba;Total;Total habitantes;Personas.
DPOP2473;5170.0;Ferreries;Total;Total habitantes;Personas.
DPOP23047;409.0;Ferreruela;Total;Total habitantes;Personas.
DPOP19981;81.0;Ferreruela de Huerva;Total;Total habitantes;Personas.
DPOP6511;64367.0;Ferrol;Total;Total habitantes;Personas.
DPOP3010;1195.0;Figaró-Montmany;Total;Total habitantes;Personas.
DPOP2848;40.0;Fígols;Total;Total habitantes;Personas.
DPOP12175;234.0;Fígols i Alinyà;Total;Total habitantes;Personas.
DPOP19342;115.0;Figuera, La;Total;Total habitantes;Personas.
DPOP7591;49689.0;Figueres;Total;Total habitantes;Personas.
DPOP19345;342.0;Figuerola del Camp;Total;Total habitantes;Personas.
DPOP5617;525.0;Figueroles;Total;Total habitantes;Personas.
DPOP23050;310.0;Figueruela de Arriba;Total;Total habitantes;Personas.
DPOP23917;1303.0;Figueruelas;Total;Total habitantes;Personas.
DPOP973;2404.0;Fines;Total;Total habitantes;Personas.
DPOP631;9919.0;Finestrat;Total;Total habitantes;Personas.
DPOP976;1956.0;Fiñana;Total;Total habitantes;Personas.
DPOP15838;7728.0;Firgas;Total;Total habitantes;Personas.
DPOP10216;358.0;Fiscal;Total;Total habitantes;Personas.
DPOP6514;4666.0;Fisterra;Total;Total habitantes;Personas.
DPOP14218;2370.0;Fitero;Total;Total habitantes;Personas.
DPOP7594;1175.0;Flaçà;Total;Total habitantes;Personas.
DPOP19348;3340.0;Flix;Total;Total habitantes;Personas.
DPOP1345;262.0;Flores de Ávila;Total;Total habitantes;Personas.
DPOP11740;159.0;Floresta, La;Total;Total habitantes;Personas.
DPOP16456;248.0;Florida de Liébana;Total;Total habitantes;Personas.
DPOP2854;1704.0;Fogars de la Selva;Total;Total habitantes;Personas.
DPOP2851;494.0;Fogars de Montclús;Total;Total habitantes;Personas.
DPOP21424;7995.0;Foios;Total;Total habitantes;Personas.
DPOP7597;298.0;Foixà;Total;Total habitantes;Personas.
DPOP11059;973.0;Folgoso de la Ribera;Total;Total habitantes;Personas.
DPOP12769;921.0;Folgoso do Courel;Total;Total habitantes;Personas.
DPOP2857;2262.0;Folgueroles;Total;Total habitantes;Personas.
DPOP22030;169.0;Fombellida;Total;Total habitantes;Personas.
DPOP23920;59.0;Fombuena;Total;Total habitantes;Personas.
DPOP22033;113.0;Fompedraza;Total;Total habitantes;Personas.
DPOP12379;86.0;Foncea;Total;Total habitantes;Personas.
DPOP11743;823.0;Fondarella;Total;Total habitantes;Personas.
DPOP655;2738.0;Fondó de les Neus, el/Hondón de las Nieves;Total;Total habitantes;Personas.
DPOP979;1152.0;Fondón;Total;Total habitantes;Personas.
DPOP8263;965.0;Fonelas;Total;Total habitantes;Personas.
DPOP23053;794.0;Fonfría;Total;Total habitantes;Personas.
DPOP19984;35.0;Fonfría;Total;Total habitantes;Personas.
DPOP2860;1570.0;Fonollosa;Total;Total habitantes;Personas.
DPOP12772;3073.0;Fonsagrada, A;Total;Total habitantes;Personas.
DPOP21430;2022.0;Font de la Figuera, la;Total;Total habitantes;Personas.
DPOP21427;4020.0;Font d'en Carròs, la;Total;Total habitantes;Personas.
DPOP7600;516.0;Fontanals de Cerdanya;Total;Total habitantes;Personas.
DPOP8866;2630.0;Fontanar;Total;Total habitantes;Personas.
DPOP5989;223.0;Fontanarejo;Total;Total habitantes;Personas.
DPOP21418;936.0;Fontanars dels Alforins;Total;Total habitantes;Personas.
DPOP7603;171.0;Fontanilles;Total;Total habitantes;Personas.
DPOP7606;1483.0;Fontcoberta;Total;Total habitantes;Personas.
DPOP14221;1050.0;Fontellas;Total;Total habitantes;Personas.
DPOP22036;29.0;Fontihoyuelo;Total;Total habitantes;Personas.
DPOP3844;52.0;Fontioso;Total;Total habitantes;Personas.
DPOP1348;715.0;Fontiveros;Total;Total habitantes;Personas.
DPOP2863;1441.0;Font-rubí;Total;Total habitantes;Personas.
DPOP10219;886.0;Fonz;Total;Total habitantes;Personas.
DPOP12382;138.0;Fonzaleche;Total;Total habitantes;Personas.
DPOP11746;193.0;Foradada;Total;Total habitantes;Personas.
DPOP10222;163.0;Foradada del Toscar;Total;Total habitantes;Personas.
DPOP8068;1790.0;Forallac;Total;Total habitantes;Personas.
DPOP5620;475.0;Forcall;Total;Total habitantes;Personas.
DPOP15973;3067.0;Forcarei;Total;Total habitantes;Personas.
DPOP19351;38.0;Forès;Total;Total habitantes;Personas.
DPOP16459;207.0;Forfoleda;Total;Total habitantes;Personas.
DPOP2476;11661.0;Formentera;Total;Total habitantes;Personas.
DPOP634;4868.0;Formentera del Segura;Total;Total habitantes;Personas.
DPOP19987;156.0;Formiche Alto;Total;Total habitantes;Personas.
DPOP2479;743.0;Fornalutx;Total;Total habitantes;Personas.
DPOP7609;2818.0;Fornells de la Selva;Total;Total habitantes;Personas.
DPOP15976;1614.0;Fornelos de Montes;Total;Total habitantes;Personas.
DPOP61928;526.0;Fornes;Total;Total habitantes;Personas.
DPOP19990;71.0;Fórnoles;Total;Total habitantes;Personas.
DPOP21421;1024.0;Fortaleny;Total;Total habitantes;Personas.
DPOP19993;195.0;Fortanete;Total;Total habitantes;Personas.
DPOP7612;793.0;Fortià;Total;Total habitantes;Personas.
DPOP13825;11437.0;Fortuna;Total;Total habitantes;Personas.
DPOP22831;928.0;Forua;Total;Total habitantes;Personas.
DPOP12775;10329.0;Foz;Total;Total habitantes;Personas.
DPOP19996;272.0;Foz-Calanda;Total;Total habitantes;Personas.
DPOP6517;2117.0;Frades;Total;Total habitantes;Personas.
DPOP16462;163.0;Frades de la Sierra;Total;Total habitantes;Personas.
DPOP10225;15576.0;Fraga;Total;Total habitantes;Personas.
DPOP23923;129.0;Frago, El;Total;Total habitantes;Personas.
DPOP10654;1565.0;Frailes;Total;Total habitantes;Personas.
DPOP15070;3728.0;Franco, El;Total;Total habitantes;Personas.
DPOP3847;95.0;Frandovínez;Total;Total habitantes;Personas.
DPOP2866;20881.0;Franqueses del Vallès, Les;Total;Total habitantes;Personas.
DPOP23926;370.0;Frasno, El;Total;Total habitantes;Personas.
DPOP15409;138.0;Frechilla;Total;Total habitantes;Personas.
DPOP18838;20.0;Frechilla de Almazán;Total;Total habitantes;Personas.
DPOP2059;4715.0;Fregenal de la Sierra;Total;Total habitantes;Personas.
DPOP16465;296.0;Fregeneda, La;Total;Total habitantes;Personas.
DPOP19354;443.0;Freginals;Total;Total habitantes;Personas.
DPOP8266;960.0;Freila;Total;Total habitantes;Personas.
DPOP23929;196.0;Fréscano;Total;Total habitantes;Personas.
DPOP6907;35.0;Fresneda de Altarejos;Total;Total habitantes;Personas.
DPOP17875;162.0;Fresneda de Cuéllar;Total;Total habitantes;Personas.
DPOP6910;42.0;Fresneda de la Sierra;Total;Total habitantes;Personas.
DPOP3850;98.0;Fresneda de la Sierra Tirón;Total;Total habitantes;Personas.
DPOP19999;459.0;Fresneda, La;Total;Total habitantes;Personas.
DPOP1351;92.0;Fresnedilla;Total;Total habitantes;Personas.
DPOP13090;1883.0;Fresnedillas de la Oliva;Total;Total habitantes;Personas.
DPOP16468;94.0;Fresnedoso;Total;Total habitantes;Personas.
DPOP4882;236.0;Fresnedoso de Ibor;Total;Total habitantes;Personas.
DPOP3853;68.0;Fresneña;Total;Total habitantes;Personas.
DPOP3856;703.0;Fresnillo de las Dueñas;Total;Total habitantes;Personas.
DPOP16471;194.0;Fresno Alhándiga;Total;Total habitantes;Personas.
DPOP17878;290.0;Fresno de Cantespino;Total;Total habitantes;Personas.
DPOP18841;16.0;Fresno de Caracena;Total;Total habitantes;Personas.
DPOP17881;75.0;Fresno de la Fuente;Total;Total habitantes;Personas.
DPOP23056;117.0;Fresno de la Polvorosa;Total;Total habitantes;Personas.
DPOP23059;326.0;Fresno de la Ribera;Total;Total habitantes;Personas.
DPOP11062;483.0;Fresno de la Vega;Total;Total habitantes;Personas.
DPOP3859;156.0;Fresno de Río Tirón;Total;Total habitantes;Personas.
DPOP3862;49.0;Fresno de Rodilla;Total;Total habitantes;Personas.
DPOP23062;137.0;Fresno de Sayago;Total;Total habitantes;Personas.
DPOP13093;2561.0;Fresno de Torote;Total;Total habitantes;Personas.
DPOP15412;169.0;Fresno del Río;Total;Total habitantes;Personas.
DPOP22039;825.0;Fresno el Viejo;Total;Total habitantes;Personas.
DPOP1354;579.0;Fresno, El;Total;Total habitantes;Personas.
DPOP3865;258.0;Frías;Total;Total habitantes;Personas.
DPOP20002;109.0;Frías de Albarracín;Total;Total habitantes;Personas.
DPOP23065;121.0;Friera de Valverde;Total;Total habitantes;Personas.
DPOP13621;3383.0;Frigiliana;Total;Total habitantes;Personas.
DPOP12778;3608.0;Friol;Total;Total habitantes;Personas.
DPOP15415;727.0;Frómista;Total;Total habitantes;Personas.
DPOP17236;4660.0;Frontera;Total;Total habitantes;Personas.
DPOP6913;155.0;Frontera, La;Total;Total habitantes;Personas.
DPOP22627;591.0;Fruiz;Total;Total habitantes;Personas.
DPOP17884;120.0;Frumales;Total;Total habitantes;Personas.
DPOP8869;13.0;Fuembellida;Total;Total habitantes;Personas.
DPOP5992;1007.0;Fuencaliente;Total;Total habitantes;Personas.
DPOP17239;1965.0;Fuencaliente de la Palma;Total;Total habitantes;Personas.
DPOP8872;81.0;Fuencemillán;Total;Total habitantes;Personas.
DPOP23932;774.0;Fuendejalón;Total;Total habitantes;Personas.
DPOP23935;130.0;Fuendetodos;Total;Total habitantes;Personas.
DPOP20005;38.0;Fuenferrada;Total;Total habitantes;Personas.
DPOP13624;85211.0;Fuengirola;Total;Total habitantes;Personas.
DPOP13096;190076.0;Fuenlabrada;Total;Total habitantes;Personas.
DPOP2062;1693.0;Fuenlabrada de los Montes;Total;Total habitantes;Personas.
DPOP5995;189.0;Fuenllana;Total;Total habitantes;Personas.
DPOP12385;3281.0;Fuenmayor;Total;Total habitantes;Personas.
DPOP22042;2146.0;Fuensaldaña;Total;Total habitantes;Personas.
DPOP20626;12669.0;Fuensalida;Total;Total habitantes;Personas.
DPOP256;282.0;Fuensanta;Total;Total habitantes;Personas.
DPOP10657;3030.0;Fuensanta de Martos;Total;Total habitantes;Personas.
DPOP13828;19171.0;Fuente Álamo de Murcia;Total;Total habitantes;Personas.
DPOP61922;1073.0;Fuente Carreteros;Total;Total habitantes;Personas.
DPOP2065;4583.0;Fuente de Cantos;Total;Total habitantes;Personas.
DPOP6916;1290.0;Fuente de Pedro Naharro;Total;Total habitantes;Personas.
DPOP13627;3045.0;Fuente de Piedra;Total;Total habitantes;Personas.
DPOP16474;1293.0;Fuente de San Esteban, La;Total;Total habitantes;Personas.
DPOP17887;105.0;Fuente de Santa Cruz;Total;Total habitantes;Personas.
DPOP2068;648.0;Fuente del Arco;Total;Total habitantes;Personas.
DPOP2071;6499.0;Fuente del Maestre;Total;Total habitantes;Personas.
DPOP5998;3011.0;Fuente el Fresno;Total;Total habitantes;Personas.
DPOP17890;396.0;Fuente el Olmo de Fuentidueña;Total;Total habitantes;Personas.
DPOP17893;51.0;Fuente el Olmo de Íscar;Total;Total habitantes;Personas.
DPOP1357;146.0;Fuente el Saúz;Total;Total habitantes;Personas.
DPOP13099;7413.0;Fuente el Saz de Jarama;Total;Total habitantes;Personas.
DPOP22045;150.0;Fuente el Sol;Total;Total habitantes;Personas.
DPOP23068;92.0;Fuente Encalada;Total;Total habitantes;Personas.
DPOP6259;330.0;Fuente la Lancha;Total;Total habitantes;Personas.
DPOP5623;55.0;Fuente la Reina;Total;Total habitantes;Personas.
DPOP6262;4309.0;Fuente Obejuna;Total;Total habitantes;Personas.
DPOP6265;9883.0;Fuente Palmera;Total;Total habitantes;Personas.
DPOP8269;4743.0;Fuente Vaqueros;Total;Total habitantes;Personas.
DPOP259;2422.0;Fuente-Álamo;Total;Total habitantes;Personas.
DPOP262;1804.0;Fuentealbilla;Total;Total habitantes;Personas.
DPOP18844;148.0;Fuentearmegil;Total;Total habitantes;Personas.
DPOP3868;58.0;Fuentebureba;Total;Total habitantes;Personas.
DPOP18847;29.0;Fuentecambrón;Total;Total habitantes;Personas.
DPOP18850;65.0;Fuentecantos;Total;Total habitantes;Personas.
DPOP3871;246.0;Fuentecén;Total;Total habitantes;Personas.
DPOP16477;635.0;Fuenteguinaldo;Total;Total habitantes;Personas.
DPOP9814;804.0;Fuenteheridos;Total;Total habitantes;Personas.
DPOP8875;121.0;Fuentelahiguera de Albatages;Total;Total habitantes;Personas.
DPOP23071;589.0;Fuentelapeña;Total;Total habitantes;Personas.
DPOP3874;290.0;Fuentelcésped;Total;Total habitantes;Personas.
DPOP8878;324.0;Fuentelencina;Total;Total habitantes;Personas.
DPOP6919;230.0;Fuentelespino de Haro;Total;Total habitantes;Personas.
DPOP6922;101.0;Fuentelespino de Moya;Total;Total habitantes;Personas.
DPOP16480;80.0;Fuenteliante;Total;Total habitantes;Personas.
DPOP3877;96.0;Fuentelisendo;Total;Total habitantes;Personas.
DPOP18853;58.0;Fuentelmonge;Total;Total habitantes;Personas.
DPOP8881;82.0;Fuentelsaz;Total;Total habitantes;Personas.
DPOP18856;65.0;Fuentelsaz de Soria;Total;Total habitantes;Personas.
DPOP8884;61.0;Fuentelviejo;Total;Total habitantes;Personas.
DPOP3880;89.0;Fuentemolinos;Total;Total habitantes;Personas.
DPOP7387;634.0;Fuentenava de Jábaga;Total;Total habitantes;Personas.
DPOP3883;137.0;Fuentenebro;Total;Total habitantes;Personas.
DPOP8887;621.0;Fuentenovilla;Total;Total habitantes;Personas.
DPOP22048;42.0;Fuente-Olmedo;Total;Total habitantes;Personas.
DPOP17896;764.0;Fuentepelayo;Total;Total habitantes;Personas.
DPOP18859;73.0;Fuentepinilla;Total;Total habitantes;Personas.
DPOP17899;63.0;Fuentepiñel;Total;Total habitantes;Personas.
DPOP17902;313.0;Fuenterrebollo;Total;Total habitantes;Personas.
DPOP16483;260.0;Fuenterroble de Salvatierra;Total;Total habitantes;Personas.
DPOP21433;678.0;Fuenterrobles;Total;Total habitantes;Personas.
DPOP6925;462.0;Fuentes;Total;Total habitantes;Personas.
DPOP20008;89.0;Fuentes Calientes;Total;Total habitantes;Personas.
DPOP20011;428.0;Fuentes Claras;Total;Total habitantes;Personas.
DPOP18424;7247.0;Fuentes de Andalucía;Total;Total habitantes;Personas.
DPOP1360;90.0;Fuentes de Año;Total;Total habitantes;Personas.
DPOP5626;98.0;Fuentes de Ayódar;Total;Total habitantes;Personas.
DPOP16486;239.0;Fuentes de Béjar;Total;Total habitantes;Personas.
DPOP11065;71.0;Fuentes de Carbajal;Total;Total habitantes;Personas.
DPOP23938;4659.0;Fuentes de Ebro;Total;Total habitantes;Personas.
DPOP23941;209.0;Fuentes de Jiloca;Total;Total habitantes;Personas.
DPOP2074;2118.0;Fuentes de León;Total;Total habitantes;Personas.
DPOP18862;47.0;Fuentes de Magaña;Total;Total habitantes;Personas.
DPOP15418;581.0;Fuentes de Nava;Total;Total habitantes;Personas.
DPOP16489;1012.0;Fuentes de Oñoro;Total;Total habitantes;Personas.
DPOP23077;369.0;Fuentes de Ropel;Total;Total habitantes;Personas.
DPOP20014;148.0;Fuentes de Rubielos;Total;Total habitantes;Personas.
DPOP15421;489.0;Fuentes de Valdepero;Total;Total habitantes;Personas.
DPOP23074;1593.0;Fuentesaúco;Total;Total habitantes;Personas.
DPOP17905;216.0;Fuentesaúco de Fuentidueña;Total;Total habitantes;Personas.
DPOP23080;43.0;Fuentesecas;Total;Total habitantes;Personas.
DPOP17908;96.0;Fuentesoto;Total;Total habitantes;Personas.
DPOP20017;305.0;Fuentespalda;Total;Total habitantes;Personas.
DPOP3886;833.0;Fuentespina;Total;Total habitantes;Personas.
DPOP23083;267.0;Fuentespreadas;Total;Total habitantes;Personas.
DPOP18865;55.0;Fuentestrún;Total;Total habitantes;Personas.
DPOP6268;666.0;Fuente-Tójar;Total;Total habitantes;Personas.
DPOP17911;125.0;Fuentidueña;Total;Total habitantes;Personas.
DPOP13102;2372.0;Fuentidueña de Tajo;Total;Total habitantes;Personas.
DPOP10660;1348.0;Fuerte del Rey;Total;Total habitantes;Personas.
DPOP6928;65.0;Fuertescusa;Total;Total habitantes;Personas.
DPOP10228;597.0;Fueva, La;Total;Total habitantes;Personas.
DPOP11749;1262.0;Fuliola, La;Total;Total habitantes;Personas.
DPOP11752;87.0;Fulleda;Total;Total habitantes;Personas.
DPOP14224;2537.0;Funes;Total;Total habitantes;Personas.
DPOP14227;2445.0;Fustiñana;Total;Total habitantes;Personas.
DPOP6931;146.0;Gabaldón;Total;Total habitantes;Personas.
DPOP8554;23584.0;Gabias, Las;Total;Total habitantes;Personas.
DPOP9562;519.0;Gabiria;Total;Total habitantes;Personas.
DPOP982;3130.0;Gádor;Total;Total habitantes;Personas.
DPOP2878;172.0;Gaià;Total;Total habitantes;Personas.
DPOP640;577.0;Gaianes;Total;Total habitantes;Personas.
DPOP5629;200.0;Gaibiel;Total;Total habitantes;Personas.
DPOP9559;122.0;Gaintza;Total;Total habitantes;Personas.
DPOP8890;51.0;Gajanejos;Total;Total habitantes;Personas.
DPOP16492;135.0;Gajates;Total;Total habitantes;Personas.
DPOP13105;36758.0;Galapagar;Total;Total habitantes;Personas.
DPOP8893;2802.0;Galápagos;Total;Total habitantes;Personas.
DPOP14230;2427.0;Galar;Total;Total habitantes;Personas.
DPOP9817;1366.0;Galaroza;Total;Total habitantes;Personas.
DPOP3889;28.0;Galbarros;Total;Total habitantes;Personas.
DPOP12388;70.0;Galbárruli;Total;Total habitantes;Personas.
DPOP22630;24776.0;Galdakao;Total;Total habitantes;Personas.
DPOP22633;829.0;Galdames;Total;Total habitantes;Personas.
DPOP15841;25108.0;Gáldar;Total;Total habitantes;Personas.
DPOP23086;1019.0;Galende;Total;Total habitantes;Personas.
DPOP8272;1139.0;Galera;Total;Total habitantes;Personas.
DPOP19357;726.0;Galera, La;Total;Total habitantes;Personas.
DPOP12391;419.0;Galilea;Total;Total habitantes;Personas.
DPOP16495;713.0;Galindo y Perahuy;Total;Total habitantes;Personas.
DPOP16498;401.0;Galinduste;Total;Total habitantes;Personas.
DPOP16501;320.0;Galisancho;Total;Total habitantes;Personas.
DPOP4885;849.0;Galisteo;Total;Total habitantes;Personas.
DPOP985;3110.0;Gallardos, Los;Total;Total habitantes;Personas.
DPOP3892;34.0;Gallega, La;Total;Total habitantes;Personas.
DPOP17914;96.0;Gallegos;Total;Total habitantes;Personas.
DPOP1363;61.0;Gallegos de Altamiros;Total;Total habitantes;Personas.
DPOP16504;259.0;Gallegos de Argañán;Total;Total habitantes;Personas.
DPOP22051;104.0;Gallegos de Hornija;Total;Total habitantes;Personas.
DPOP1366;42.0;Gallegos de Sobrinos;Total;Total habitantes;Personas.
DPOP16507;109.0;Gallegos de Solmirón;Total;Total habitantes;Personas.
DPOP23089;118.0;Gallegos del Pan;Total;Total habitantes;Personas.
DPOP23092;455.0;Gallegos del Río;Total;Total habitantes;Personas.
DPOP2869;171.0;Gallifa;Total;Total habitantes;Personas.
DPOP12394;16.0;Gallinero de Cameros;Total;Total habitantes;Personas.
DPOP14233;100.0;Gallipienzo/Galipentzu;Total;Total habitantes;Personas.
DPOP23944;128.0;Gallocanta;Total;Total habitantes;Personas.
DPOP14236;91.0;Gallués/Galoze;Total;Total habitantes;Personas.
DPOP23947;2642.0;Gallur;Total;Total habitantes;Personas.
DPOP20020;149.0;Galve;Total;Total habitantes;Personas.
DPOP8896;97.0;Galve de Sorbe;Total;Total habitantes;Personas.
DPOP20629;3044.0;Gálvez;Total;Total habitantes;Personas.
DPOP22636;1414.0;Gamiz-Fika;Total;Total habitantes;Personas.
DPOP23095;89.0;Gamones;Total;Total habitantes;Personas.
DPOP19360;3150.0;Gandesa;Total;Total habitantes;Personas.
DPOP21439;83135.0;Gandia;Total;Total habitantes;Personas.
DPOP6934;58.0;Garaballa;Total;Total habitantes;Personas.
DPOP17242;4940.0;Garachico;Total;Total habitantes;Personas.
DPOP17245;2015.0;Garafía;Total;Total habitantes;Personas.
DPOP22639;332.0;Garai;Total;Total habitantes;Personas.
DPOP14239;92.0;Garaioa;Total;Total habitantes;Personas.
DPOP2077;450.0;Garbayuela;Total;Total habitantes;Personas.
DPOP19363;551.0;Garcia;Total;Total habitantes;Personas.
DPOP4888;666.0;Garciaz;Total;Total habitantes;Personas.
DPOP16510;186.0;Garcibuey;Total;Total habitantes;Personas.
DPOP16513;412.0;Garcihernández;Total;Total habitantes;Personas.
DPOP17917;513.0;Garcillán;Total;Total habitantes;Personas.
DPOP20632;220.0;Garciotum;Total;Total habitantes;Personas.
DPOP16516;52.0;Garcirrey;Total;Total habitantes;Personas.
DPOP14242;132.0;Garde;Total;Total habitantes;Personas.
DPOP20023;88.0;Gargallo;Total;Total habitantes;Personas.
DPOP13108;441.0;Garganta de los Montes;Total;Total habitantes;Personas.
DPOP1369;37.0;Garganta del Villar;Total;Total habitantes;Personas.
DPOP4894;874.0;Garganta la Olla;Total;Total habitantes;Personas.
DPOP4891;353.0;Garganta, La;Total;Total habitantes;Personas.
DPOP4897;346.0;Gargantilla;Total;Total habitantes;Personas.
DPOP13111;396.0;Gargantilla del Lozoya y Pinilla de Buitrago;Total;Total habitantes;Personas.
DPOP4900;187.0;Gargüera;Total;Total habitantes;Personas.
DPOP19366;211.0;Garidells, Els;Total;Total habitantes;Personas.
DPOP14245;527.0;Garínoain;Total;Total habitantes;Personas.
DPOP2080;510.0;Garlitos;Total;Total habitantes;Personas.
DPOP11068;1649.0;Garrafe de Torío;Total;Total habitantes;Personas.
DPOP14248;183.0;Garralda;Total;Total habitantes;Personas.
DPOP18868;794.0;Garray;Total;Total habitantes;Personas.
DPOP2872;17426.0;Garriga, La;Total;Total habitantes;Personas.
DPOP7615;480.0;Garrigàs;Total;Total habitantes;Personas.
DPOP7618;182.0;Garrigoles;Total;Total habitantes;Personas.
DPOP7621;989.0;Garriguella;Total;Total habitantes;Personas.
DPOP18427;800.0;Garrobo, El;Total;Total habitantes;Personas.
DPOP2083;2310.0;Garrovilla, La;Total;Total habitantes;Personas.
DPOP4903;1941.0;Garrovillas de Alconétar;Total;Total habitantes;Personas.
DPOP988;10845.0;Garrucha;Total;Total habitantes;Personas.
DPOP4906;101.0;Garvín;Total;Total habitantes;Personas.
DPOP13114;252.0;Gascones;Total;Total habitantes;Personas.
DPOP6937;132.0;Gascueña;Total;Total habitantes;Personas.
DPOP8899;22.0;Gascueña de Bornova;Total;Total habitantes;Personas.
DPOP5374;1675.0;Gastor, El;Total;Total habitantes;Personas.
DPOP4909;1335.0;Gata;Total;Total habitantes;Personas.
DPOP637;6773.0;Gata de Gorgos;Total;Total habitantes;Personas.
DPOP22642;1633.0;Gatika;Total;Total habitantes;Personas.
DPOP22054;46.0;Gatón de Campos;Total;Total habitantes;Personas.
DPOP21838;452.0;Gátova;Total;Total habitantes;Personas.
DPOP13630;1620.0;Gaucín;Total;Total habitantes;Personas.
DPOP22645;866.0;Gautegiz Arteaga;Total;Total habitantes;Personas.
DPOP2875;48243.0;Gavà;Total;Total habitantes;Personas.
DPOP21436;1023.0;Gavarda;Total;Total habitantes;Personas.
DPOP11755;252.0;Gavet de la Conca;Total;Total habitantes;Personas.
DPOP1372;523.0;Gavilanes;Total;Total habitantes;Personas.
DPOP9712;171.0;Gaztelu;Total;Total habitantes;Personas.
DPOP20026;459.0;Gea de Albarracín;Total;Total habitantes;Personas.
DPOP16519;31.0;Gejuelo del Barro;Total;Total habitantes;Personas.
DPOP5635;665.0;Geldo;Total;Total habitantes;Personas.
DPOP2881;8198.0;Gelida;Total;Total habitantes;Personas.
DPOP23950;996.0;Gelsa;Total;Total habitantes;Personas.
DPOP18430;10548.0;Gelves;Total;Total habitantes;Personas.
DPOP23098;201.0;Gema;Total;Total habitantes;Personas.
DPOP1375;147.0;Gemuño;Total;Total habitantes;Personas.
DPOP13633;352.0;Genalguacil;Total;Total habitantes;Personas.
DPOP10663;548.0;Génave;Total;Total habitantes;Personas.
DPOP14251;69.0;Genevilla;Total;Total habitantes;Personas.
DPOP21442;2822.0;Genovés, el;Total;Total habitantes;Personas.
DPOP7624;501.0;Ger;Total;Total habitantes;Personas.
DPOP18433;7971.0;Gerena;Total;Total habitantes;Personas.
DPOP991;1211.0;Gérgal;Total;Total habitantes;Personas.
DPOP22057;492.0;Geria;Total;Total habitantes;Personas.
DPOP20635;2828.0;Gerindote;Total;Total habitantes;Personas.
DPOP22660;17129.0;Gernika-Lumo;Total;Total habitantes;Personas.
DPOP21445;587.0;Gestalgar;Total;Total habitantes;Personas.
DPOP13117;193238.0;Getafe;Total;Total habitantes;Personas.
DPOP9565;2887.0;Getaria;Total;Total habitantes;Personas.
DPOP22654;75752.0;Getxo;Total;Total habitantes;Personas.
DPOP9820;13261.0;Gibraleón;Total;Total habitantes;Personas.
DPOP15073;269894.0;Gijón;Total;Total habitantes;Personas.
DPOP1381;45.0;Gil García;Total;Total habitantes;Personas.
DPOP1378;45.0;Gilbuena;Total;Total habitantes;Personas.
DPOP18436;3647.0;Gilena;Total;Total habitantes;Personas.
DPOP21448;4011.0;Gilet;Total;Total habitantes;Personas.
DPOP12187;1069.0;Gimenells i el Pla de la Font;Total;Total habitantes;Personas.
DPOP1384;73.0;Gimialcón;Total;Total habitantes;Personas.
DPOP12397;122.0;Gimileo;Total;Total habitantes;Personas.
DPOP20029;188.0;Ginebrosa, La;Total;Total habitantes;Personas.
DPOP18439;13634.0;Gines;Total;Total habitantes;Personas.
DPOP19369;800.0;Ginestar;Total;Total habitantes;Personas.
DPOP265;2656.0;Gineta, La;Total;Total habitantes;Personas.
DPOP7627;108666.0;Girona;Total;Total habitantes;Personas.
DPOP2884;5083.0;Gironella;Total;Total habitantes;Personas.
DPOP2887;28.0;Gisclareny;Total;Total habitantes;Personas.
DPOP10231;114.0;Gistaín;Total;Total habitantes;Personas.
DPOP22663;196.0;Gizaburuaga;Total;Total habitantes;Personas.
DPOP8275;231.0;Gobernador;Total;Total habitantes;Personas.
DPOP19372;591.0;Godall;Total;Total habitantes;Personas.
DPOP21451;13533.0;Godella;Total;Total habitantes;Personas.
DPOP21454;4266.0;Godelleta;Total;Total habitantes;Personas.
DPOP23953;55.0;Godojos;Total;Total habitantes;Personas.
DPOP14254;681.0;Goizueta;Total;Total habitantes;Personas.
DPOP8278;6371.0;Gójar;Total;Total habitantes;Personas.
DPOP18871;3085.0;Golmayo;Total;Total habitantes;Personas.
DPOP11758;1909.0;Golmés;Total;Total habitantes;Personas.
DPOP268;79.0;Golosalvo;Total;Total habitantes;Personas.
DPOP16522;139.0;Golpejas;Total;Total habitantes;Personas.
DPOP18874;286.0;Gómara;Total;Total habitantes;Personas.
DPOP7630;206.0;Gombrèn;Total;Total habitantes;Personas.
DPOP16525;411.0;Gomecello;Total;Total habitantes;Personas.
DPOP14821;646.0;Gomesende;Total;Total habitantes;Personas.
DPOP17920;614.0;Gomezserracín;Total;Total habitantes;Personas.
DPOP15982;15066.0;Gondomar;Total;Total habitantes;Personas.
DPOP14257;166.0;Val de Goñi/Goñerri;Total;Total habitantes;Personas.
DPOP8281;766.0;Gor;Total;Total habitantes;Personas.
DPOP8284;368.0;Gorafe;Total;Total habitantes;Personas.
DPOP11071;238.0;Gordaliza del Pino;Total;Total habitantes;Personas.
DPOP22648;1720.0;Gordexola;Total;Total habitantes;Personas.
DPOP4912;363.0;Gordo, El;Total;Total habitantes;Personas.
DPOP11074;312.0;Gordoncillo;Total;Total habitantes;Personas.
DPOP643;286.0;Gorga;Total;Total habitantes;Personas.
DPOP22651;6034.0;Gorliz;Total;Total habitantes;Personas.
DPOP18877;18.0;Gormaz;Total;Total habitantes;Personas.
DPOP11761;205.0;Gósol;Total;Total habitantes;Personas.
DPOP1387;173.0;Gotarrendura;Total;Total habitantes;Personas.
DPOP23956;309.0;Gotor;Total;Total habitantes;Personas.
DPOP15076;10407.0;Gozón;Total;Total habitantes;Personas.
DPOP11077;882.0;Gradefes;Total;Total habitantes;Personas.
DPOP15079;9681.0;Grado;Total;Total habitantes;Personas.
DPOP10234;383.0;Grado, El;Total;Total habitantes;Personas.
DPOP6940;85.0;Graja de Campalbo;Total;Total habitantes;Personas.
DPOP6943;343.0;Graja de Iniesta;Total;Total habitantes;Personas.
DPOP11080;200.0;Grajal de Campos;Total;Total habitantes;Personas.
DPOP17923;252.0;Grajera;Total;Total habitantes;Personas.
DPOP8287;233975.0;Granada;Total;Total habitantes;Personas.
DPOP9823;235.0;Granada de Río-Tinto, La;Total;Total habitantes;Personas.
DPOP2890;2287.0;Granada, La;Total;Total habitantes;Personas.
DPOP11764;748.0;Granadella, La;Total;Total habitantes;Personas.
DPOP17248;58752.0;Granadilla de Abona;Total;Total habitantes;Personas.
DPOP9826;480.0;Granado, El;Total;Total habitantes;Personas.
DPOP6001;683.0;Granátula de Calatrava;Total;Total habitantes;Personas.
DPOP15082;767.0;Grandas de Salime;Total;Total habitantes;Personas.
DPOP1390;34.0;Grandes y San Martín;Total;Total habitantes;Personas.
DPOP2893;84.0;Granera;Total;Total habitantes;Personas.
DPOP21457;306.0;Granja de la Costera, la;Total;Total habitantes;Personas.
DPOP23101;228.0;Granja de Moreruela;Total;Total habitantes;Personas.
DPOP646;2728.0;Granja de Rocamora;Total;Total habitantes;Personas.
DPOP2086;1913.0;Granja de Torrehermosa;Total;Total habitantes;Personas.
DPOP11767;994.0;Granja d'Escarp, La;Total;Total habitantes;Personas.
DPOP4915;313.0;Granja, La;Total;Total habitantes;Personas.
DPOP6271;412.0;Granjuela, La;Total;Total habitantes;Personas.
DPOP2896;65341.0;Granollers;Total;Total habitantes;Personas.
DPOP23104;105.0;Granucillo;Total;Total habitantes;Personas.
DPOP11770;154.0;Granyanella;Total;Total habitantes;Personas.
DPOP11776;174.0;Granyena de les Garrigues;Total;Total habitantes;Personas.
DPOP11773;149.0;Granyena de Segarra;Total;Total habitantes;Personas.
DPOP10237;1718.0;Grañén;Total;Total habitantes;Personas.
DPOP12400;209.0;Grañón;Total;Total habitantes;Personas.
DPOP19375;226.0;Gratallops;Total;Total habitantes;Personas.
DPOP10240;3400.0;Graus;Total;Total habitantes;Personas.
DPOP12403;196.0;Grávalos;Total;Total habitantes;Personas.
DPOP5377;1977.0;Grazalema;Total;Total habitantes;Personas.
DPOP20032;154.0;Griegos;Total;Total habitantes;Personas.
DPOP3895;114.0;Grijalba;Total;Total habitantes;Personas.
DPOP15424;2839.0;Grijota;Total;Total habitantes;Personas.
DPOP13120;10799.0;Griñón;Total;Total habitantes;Personas.
DPOP3898;58.0;Grisaleña;Total;Total habitantes;Personas.
DPOP23959;101.0;Grisel;Total;Total habitantes;Personas.
DPOP23962;630.0;Grisén;Total;Total habitantes;Personas.
DPOP15985;10833.0;Grove, O;Total;Total habitantes;Personas.
DPOP8290;1829.0;Guadahortuna;Total;Total habitantes;Personas.
DPOP8902;92834.0;Guadalajara;Total;Total habitantes;Personas.
DPOP20035;238.0;Guadalaviar;Total;Total habitantes;Personas.
DPOP18442;2544.0;Guadalcanal;Total;Total habitantes;Personas.
DPOP6274;1589.0;Guadalcázar;Total;Total habitantes;Personas.
DPOP13123;6993.0;Guadalix de la Sierra;Total;Total habitantes;Personas.
DPOP6004;709.0;Guadalmez;Total;Total habitantes;Personas.
DPOP4918;1722.0;Guadalupe;Total;Total habitantes;Personas.
DPOP20638;1796.0;Guadamur;Total;Total habitantes;Personas.
DPOP13126;17547.0;Guadarrama;Total;Total habitantes;Personas.
DPOP21460;478.0;Guadasséquies;Total;Total habitantes;Personas.
DPOP21463;6039.0;Guadassuar;Total;Total habitantes;Personas.
DPOP36917;2444.0;Guadiana;Total;Total habitantes;Personas.
DPOP8293;18881.0;Guadix;Total;Total habitantes;Personas.
DPOP16528;120.0;Guadramiro;Total;Total habitantes;Personas.
DPOP8557;1081.0;Guájares, Los;Total;Total habitantes;Personas.
DPOP2899;1766.0;Gualba;Total;Total habitantes;Personas.
DPOP8296;5284.0;Gualchos;Total;Total habitantes;Personas.
DPOP7633;438.0;Gualta;Total;Total habitantes;Personas.
DPOP17251;5667.0;Guancha, La;Total;Total habitantes;Personas.
DPOP15988;9970.0;Guarda, A;Total;Total habitantes;Personas.
DPOP21466;622.0;Guardamar de la Safor;Total;Total habitantes;Personas.
DPOP652;18564.0;Guardamar del Segura;Total;Total habitantes;Personas.
DPOP10666;5212.0;Guardia de Jaén, La;Total;Total habitantes;Personas.
DPOP20641;2200.0;Guardia, La;Total;Total habitantes;Personas.
DPOP2905;964.0;Guardiola de Berguedà;Total;Total habitantes;Personas.
DPOP15427;5502.0;Guardo;Total;Total habitantes;Personas.
DPOP2089;6665.0;Guareña;Total;Total habitantes;Personas.
DPOP13636;2638.0;Guaro;Total;Total habitantes;Personas.
DPOP23107;313.0;Guarrate;Total;Total habitantes;Personas.
DPOP10669;2703.0;Guarromán;Total;Total habitantes;Personas.
DPOP15430;57.0;Guaza de Campos;Total;Total habitantes;Personas.
DPOP20038;73.0;Gúdar;Total;Total habitantes;Personas.
DPOP14824;1197.0;Gudiña, A;Total;Total habitantes;Personas.
DPOP8299;2915.0;Güéjar Sierra;Total;Total habitantes;Personas.
DPOP22657;6817.0;Güeñes;Total;Total habitantes;Personas.
DPOP14260;36.0;Güesa/Gorza;Total;Total habitantes;Personas.
DPOP14263;462.0;Guesálaz/Gesalatz;Total;Total habitantes;Personas.
DPOP8302;2723.0;Güevéjar;Total;Total habitantes;Personas.
DPOP17254;22654.0;Guía de Isora;Total;Total habitantes;Personas.
DPOP19378;254.0;Guiamets, Els;Total;Total habitantes;Personas.
DPOP61919;1358.0;Guijarrosa, La;Total;Total habitantes;Personas.
DPOP16531;81.0;Guijo de Ávila;Total;Total habitantes;Personas.
DPOP4921;180.0;Guijo de Coria;Total;Total habitantes;Personas.
DPOP4924;1460.0;Guijo de Galisteo;Total;Total habitantes;Personas.
DPOP4927;497.0;Guijo de Granadilla;Total;Total habitantes;Personas.
DPOP4930;386.0;Guijo de Santa Bárbara;Total;Total habitantes;Personas.
DPOP6277;342.0;Guijo, El;Total;Total habitantes;Personas.
DPOP16534;5427.0;Guijuelo;Total;Total habitantes;Personas.
DPOP18445;14260.0;Guillena;Total;Total habitantes;Personas.
DPOP7636;557.0;Guils de Cerdanya;Total;Total habitantes;Personas.
DPOP17257;22009.0;Güímar;Total;Total habitantes;Personas.
DPOP11779;250.0;Guimerà;Total;Total habitantes;Personas.
DPOP12160;278.0;Guingueta d'Àneu, La;Total;Total habitantes;Personas.
DPOP14266;75.0;Guirguillano;Total;Total habitantes;Personas.
DPOP1393;458.0;Guisando;Total;Total habitantes;Personas.
DPOP11782;7774.0;Guissona;Total;Total habitantes;Personas.
DPOP12784;5180.0;Guitiriz;Total;Total habitantes;Personas.
DPOP11785;125.0;Guixers;Total;Total habitantes;Personas.
DPOP3901;587.0;Gumiel de Izán;Total;Total habitantes;Personas.
DPOP3904;376.0;Gumiel de Mercado;Total;Total habitantes;Personas.
DPOP12787;2501.0;Guntín;Total;Total habitantes;Personas.
DPOP2908;2741.0;Gurb;Total;Total habitantes;Personas.
DPOP17449;2496.0;Guriezo;Total;Total habitantes;Personas.
DPOP10243;1430.0;Gurrea de Gállego;Total;Total habitantes;Personas.
DPOP11083;123.0;Gusendos de los Oteros;Total;Total habitantes;Personas.
DPOP1396;63.0;Gutierre-Muñoz;Total;Total habitantes;Personas.
DPOP2092;1184.0;Haba, La;Total;Total habitantes;Personas.
DPOP3907;145.0;Hacinas;Total;Total habitantes;Personas.
DPOP130;212.0;Harana/Valle de Arana;Total;Total habitantes;Personas.
DPOP15844;5623.0;Haría;Total;Total habitantes;Personas.
DPOP12406;12167.0;Haro;Total;Total habitantes;Personas.
DPOP3910;33.0;Haza;Total;Total habitantes;Personas.
DPOP17452;1957.0;Hazas de Cesto;Total;Total habitantes;Personas.
DPOP2095;556.0;Helechosa de los Montes;Total;Total habitantes;Personas.
DPOP271;30836.0;Hellín;Total;Total habitantes;Personas.
DPOP6946;134.0;Henarejos;Total;Total habitantes;Personas.
DPOP8905;73.0;Henche;Total;Total habitantes;Personas.
DPOP8908;248.0;Heras de Ayuso;Total;Total habitantes;Personas.
DPOP5638;68.0;Herbers;Total;Total habitantes;Personas.
DPOP12409;340.0;Herce;Total;Total habitantes;Personas.
DPOP6007;8661.0;Herencia;Total;Total habitantes;Personas.
DPOP20644;821.0;Herencias, Las;Total;Total habitantes;Personas.
DPOP4933;264.0;Herguijuela;Total;Total habitantes;Personas.
DPOP16537;65.0;Herguijuela de Ciudad Rodrigo;Total;Total habitantes;Personas.
DPOP16540;222.0;Herguijuela de la Sierra;Total;Total habitantes;Personas.
DPOP16543;60.0;Herguijuela del Campo;Total;Total habitantes;Personas.
DPOP17455;1619.0;Hermandad de Campoo de Suso;Total;Total habitantes;Personas.
DPOP15433;72.0;Hérmedes de Cerrato;Total;Total habitantes;Personas.
DPOP17260;1961.0;Hermigua;Total;Total habitantes;Personas.
DPOP23110;207.0;Hermisende;Total;Total habitantes;Personas.
DPOP9568;20375.0;Hernani;Total;Total habitantes;Personas.
DPOP4936;401.0;Hernán-Pérez;Total;Total habitantes;Personas.
DPOP1399;140.0;Hernansancho;Total;Total habitantes;Personas.
DPOP9571;326.0;Hernialde;Total;Total habitantes;Personas.
DPOP1402;526.0;Herradón de Pinares;Total;Total habitantes;Personas.
DPOP12412;111.0;Herramélluri;Total;Total habitantes;Personas.
DPOP18448;6575.0;Herrera;Total;Total habitantes;Personas.
DPOP4939;225.0;Herrera de Alcántara;Total;Total habitantes;Personas.
DPOP23965;495.0;Herrera de los Navarros;Total;Total habitantes;Personas.
DPOP15436;1875.0;Herrera de Pisuerga;Total;Total habitantes;Personas.
DPOP18880;12.0;Herrera de Soria;Total;Total habitantes;Personas.
DPOP15439;148.0;Herrera de Valdecañas;Total;Total habitantes;Personas.
DPOP2098;3385.0;Herrera del Duque;Total;Total habitantes;Personas.
DPOP274;308.0;Herrera, La;Total;Total habitantes;Personas.
DPOP8911;13.0;Herrería;Total;Total habitantes;Personas.
DPOP17458;570.0;Herrerías;Total;Total habitantes;Personas.
DPOP1405;141.0;Herreros de Suso;Total;Total habitantes;Personas.
DPOP4942;322.0;Herreruela;Total;Total habitantes;Personas.
DPOP20647;323.0;Herreruela de Oropesa;Total;Total habitantes;Personas.
DPOP22060;111.0;Herrín de Campos;Total;Total habitantes;Personas.
DPOP6949;800.0;Herrumblar, El;Total;Total habitantes;Personas.
DPOP4945;3898.0;Hervás;Total;Total habitantes;Personas.
DPOP12415;138.0;Hervías;Total;Total habitantes;Personas.
DPOP8914;107.0;Hiendelaencina;Total;Total habitantes;Personas.
DPOP4948;102.0;Higuera de Albalat;Total;Total habitantes;Personas.
DPOP10675;590.0;Higuera de Calatrava;Total;Total habitantes;Personas.
DPOP2101;881.0;Higuera de la Serena;Total;Total habitantes;Personas.
DPOP9829;1292.0;Higuera de la Sierra;Total;Total habitantes;Personas.
DPOP1408;250.0;Higuera de las Dueñas;Total;Total habitantes;Personas.
DPOP2104;343.0;Higuera de Llerena;Total;Total habitantes;Personas.
DPOP2107;1830.0;Higuera de Vargas;Total;Total habitantes;Personas.
DPOP2110;2186.0;Higuera la Real;Total;Total habitantes;Personas.
DPOP5641;54.0;Higueras;Total;Total habitantes;Personas.
DPOP277;1133.0;Higueruela;Total;Total habitantes;Personas.
DPOP21469;567.0;Higueruelas;Total;Total habitantes;Personas.
DPOP1411;79.0;Hija de Dios, La;Total;Total habitantes;Personas.
DPOP20041;1766.0;Híjar;Total;Total habitantes;Personas.
DPOP8917;24.0;Hijes;Total;Total habitantes;Personas.
DPOP23113;293.0;Hiniesta, La;Total;Total habitantes;Personas.
DPOP4951;391.0;Hinojal;Total;Total habitantes;Personas.
DPOP9832;314.0;Hinojales;Total;Total habitantes;Personas.
DPOP10678;335.0;Hinojares;Total;Total habitantes;Personas.
DPOP9835;4097.0;Hinojos;Total;Total habitantes;Personas.
DPOP16546;562.0;Hinojosa de Duero;Total;Total habitantes;Personas.
DPOP20044;104.0;Hinojosa de Jarque;Total;Total habitantes;Personas.
DPOP20650;363.0;Hinojosa de San Vicente;Total;Total habitantes;Personas.
DPOP18883;24.0;Hinojosa del Campo;Total;Total habitantes;Personas.
DPOP6280;6534.0;Hinojosa del Duque;Total;Total habitantes;Personas.
DPOP2113;472.0;Hinojosa del Valle;Total;Total habitantes;Personas.
DPOP6952;184.0;Hinojosa, La;Total;Total habitantes;Personas.
DPOP6010;506.0;Hinojosas de Calatrava;Total;Total habitantes;Personas.
DPOP6955;702.0;Hinojosos, Los;Total;Total habitantes;Personas.
DPOP14668;96.0;Hiriberri/Villanueva de Aezkoa;Total;Total habitantes;Personas.
DPOP13129;88.0;Hiruela, La;Total;Total habitantes;Personas.
DPOP8920;336.0;Hita;Total;Total habitantes;Personas.
DPOP6958;118.0;Hito, El;Total;Total habitantes;Personas.
DPOP4954;588.0;Holguera;Total;Total habitantes;Personas.
DPOP8923;44.0;Hombrados;Total;Total habitantes;Personas.
DPOP9556;16788.0;Hondarribia;Total;Total habitantes;Personas.
DPOP658;1334.0;Hondón de los Frailes;Total;Total habitantes;Personas.
DPOP6961;1529.0;Honrubia;Total;Total habitantes;Personas.
DPOP17926;49.0;Honrubia de la Cuesta;Total;Total habitantes;Personas.
DPOP17929;277.0;Hontalbilla;Total;Total habitantes;Personas.
DPOP20653;139.0;Hontanar;Total;Total habitantes;Personas.
DPOP17932;1680.0;Hontanares de Eresma;Total;Total habitantes;Personas.
DPOP3913;69.0;Hontanas;Total;Total habitantes;Personas.
DPOP6964;255.0;Hontanaya;Total;Total habitantes;Personas.
DPOP3916;92.0;Hontangas;Total;Total habitantes;Personas.
DPOP6967;54.0;Hontecillas;Total;Total habitantes;Personas.
DPOP8926;475.0;Hontoba;Total;Total habitantes;Personas.
DPOP15442;108.0;Hontoria de Cerrato;Total;Total habitantes;Personas.
DPOP3919;172.0;Hontoria de la Cantera;Total;Total habitantes;Personas.
DPOP3925;152.0;Hontoria de Valdearados;Total;Total habitantes;Personas.
DPOP3922;613.0;Hontoria del Pinar;Total;Total habitantes;Personas.
DPOP1414;434.0;Horcajada, La;Total;Total habitantes;Personas.
DPOP13132;219.0;Horcajo de la Sierra-Aoslos;Total;Total habitantes;Personas.
DPOP1417;425.0;Horcajo de las Torres;Total;Total habitantes;Personas.
DPOP6013;798.0;Horcajo de los Montes;Total;Total habitantes;Personas.
DPOP16549;107.0;Horcajo de Montemayor;Total;Total habitantes;Personas.
DPOP6970;3894.0;Horcajo de Santiago;Total;Total habitantes;Personas.
DPOP16552;199.0;Horcajo Medianero;Total;Total habitantes;Personas.
DPOP13135;104.0;Horcajuelo de la Sierra;Total;Total habitantes;Personas.
DPOP8929;3119.0;Horche;Total;Total habitantes;Personas.
DPOP3928;93.0;Hormazas, Las;Total;Total habitantes;Personas.
DPOP20656;1035.0;Hormigos;Total;Total habitantes;Personas.
DPOP12418;442.0;Hormilla;Total;Total habitantes;Personas.
DPOP12421;153.0;Hormilleja;Total;Total habitantes;Personas.
DPOP2116;3375.0;Hornachos;Total;Total habitantes;Personas.
DPOP6283;4383.0;Hornachuelos;Total;Total habitantes;Personas.
DPOP1420;263.0;Hornillo, El;Total;Total habitantes;Personas.
DPOP12424;14.0;Hornillos de Cameros;Total;Total habitantes;Personas.
DPOP15445;171.0;Hornillos de Cerrato;Total;Total habitantes;Personas.
DPOP22063;182.0;Hornillos de Eresma;Total;Total habitantes;Personas.
DPOP3931;44.0;Hornillos del Camino;Total;Total habitantes;Personas.
DPOP10681;561.0;Hornos;Total;Total habitantes;Personas.
DPOP12427;92.0;Hornos de Moncalvillo;Total;Total habitantes;Personas.
DPOP3934;295.0;Horra, La;Total;Total habitantes;Personas.
DPOP19381;1150.0;Horta de Sant Joan;Total;Total habitantes;Personas.
DPOP8932;32.0;Hortezuela de Océn;Total;Total habitantes;Personas.
DPOP3937;103.0;Hortigüela;Total;Total habitantes;Personas.
DPOP11086;948.0;Hospital de Órbigo;Total;Total habitantes;Personas.
DPOP2911;289510.0;Hospitalet de Llobregat, L';Total;Total habitantes;Personas.
DPOP3094;3258.0;Hostalets de Pierola, Els;Total;Total habitantes;Personas.
DPOP7639;4493.0;Hostalric;Total;Total habitantes;Personas.
DPOP16555;32.0;Hoya, La;Total;Total habitantes;Personas.
DPOP280;582.0;Hoya-Gonzalo;Total;Total habitantes;Personas.
DPOP3940;208.0;Hoyales de Roa;Total;Total habitantes;Personas.
DPOP13138;9310.0;Hoyo de Manzanares;Total;Total habitantes;Personas.
DPOP1426;2179.0;Hoyo de Pinares, El;Total;Total habitantes;Personas.
DPOP1423;294.0;Hoyocasero;Total;Total habitantes;Personas.
DPOP1429;57.0;Hoyorredondo;Total;Total habitantes;Personas.
DPOP4957;848.0;Hoyos;Total;Total habitantes;Personas.
DPOP1438;24.0;Hoyos de Miguel Muñoz;Total;Total habitantes;Personas.
DPOP1432;28.0;Hoyos del Collado;Total;Total habitantes;Personas.
DPOP1435;350.0;Hoyos del Espino;Total;Total habitantes;Personas.
DPOP10246;81.0;Hoz de Jaca;Total;Total habitantes;Personas.
DPOP20047;85.0;Hoz de la Vieja, La;Total;Total habitantes;Personas.
DPOP10558;225.0;Hoz y Costean;Total;Total habitantes;Personas.
DPOP14269;7900.0;Huarte/Uharte;Total;Total habitantes;Personas.
DPOP20659;890.0;Huecas;Total;Total habitantes;Personas.
DPOP994;526.0;Huécija;Total;Total habitantes;Personas.
DPOP4960;203.0;Huélaga;Total;Total habitantes;Personas.
DPOP8305;343.0;Huélago;Total;Total habitantes;Personas.
DPOP6973;68.0;Huélamo;Total;Total habitantes;Personas.
DPOP10684;5485.0;Huelma;Total;Total habitantes;Personas.
DPOP9838;143215.0;Huelva;Total;Total habitantes;Personas.
DPOP6976;105.0;Huelves;Total;Total habitantes;Personas.
DPOP8308;1180.0;Huéneja;Total;Total habitantes;Personas.
DPOP997;18660.0;Huércal de Almería;Total;Total habitantes;Personas.
DPOP1000;20860.0;Huércal-Overa;Total;Total habitantes;Personas.
DPOP12430;856.0;Huércanos;Total;Total habitantes;Personas.
DPOP8935;52.0;Huerce, La;Total;Total habitantes;Personas.
DPOP6979;41.0;Huérguina;Total;Total habitantes;Personas.
DPOP3943;159.0;Huérmeces;Total;Total habitantes;Personas.
DPOP8938;43.0;Huérmeces del Cerro;Total;Total habitantes;Personas.
DPOP16558;282.0;Huerta;Total;Total habitantes;Personas.
DPOP3946;121.0;Huerta de Arriba;Total;Total habitantes;Personas.
DPOP6982;126.0;Huerta de la Obispalía;Total;Total habitantes;Personas.
DPOP3949;889.0;Huerta de Rey;Total;Total habitantes;Personas.
DPOP20662;1836.0;Huerta de Valdecarábanos;Total;Total habitantes;Personas.
DPOP6985;155.0;Huerta del Marquesado;Total;Total habitantes;Personas.
DPOP8941;51.0;Huertahernando;Total;Total habitantes;Personas.
DPOP10249;216.0;Huerto;Total;Total habitantes;Personas.
DPOP17935;173.0;Huertos, Los;Total;Total habitantes;Personas.
DPOP10687;2411.0;Huesa;Total;Total habitantes;Personas.
DPOP20050;55.0;Huesa del Común;Total;Total habitantes;Personas.
DPOP10252;55454.0;Huesca;Total;Total habitantes;Personas.
DPOP8311;7241.0;Huéscar;Total;Total habitantes;Personas.
DPOP6988;1814.0;Huete;Total;Total habitantes;Personas.
DPOP8314;1964.0;Huétor de Santillán;Total;Total habitantes;Personas.
DPOP8317;10749.0;Huétor Tájar;Total;Total habitantes;Personas.
DPOP8320;12285.0;Huétor Vega;Total;Total habitantes;Personas.
DPOP8944;113.0;Hueva;Total;Total habitantes;Personas.
DPOP18451;3388.0;Huévar del Aljarafe;Total;Total habitantes;Personas.
DPOP3952;114.0;Humada;Total;Total habitantes;Personas.
DPOP8947;1841.0;Humanes;Total;Total habitantes;Personas.
DPOP13141;20500.0;Humanes de Madrid;Total;Total habitantes;Personas.
DPOP13639;3373.0;Humilladero;Total;Total habitantes;Personas.
DPOP3955;59.0;Hurones;Total;Total habitantes;Personas.
DPOP1441;41.0;Hurtumpascual;Total;Total habitantes;Personas.
DPOP15448;413.0;Husillos;Total;Total habitantes;Personas.
DPOP4963;538.0;Ibahernando;Total;Total habitantes;Personas.
DPOP14275;279.0;Ibargoiti;Total;Total habitantes;Personas.
DPOP9574;4114.0;Ibarra;Total;Total habitantes;Personas.
DPOP22666;669.0;Ibarrangelu;Total;Total habitantes;Personas.
DPOP23968;351.0;Ibdes;Total;Total habitantes;Personas.
DPOP3958;1492.0;Ibeas de Juarros;Total;Total habitantes;Personas.
DPOP661;24500.0;Ibi;Total;Total habitantes;Personas.
DPOP15085;1084.0;Ibias;Total;Total habitantes;Personas.
DPOP10255;110.0;Ibieca;Total;Total habitantes;Personas.
DPOP3961;30.0;Ibrillos;Total;Total habitantes;Personas.
DPOP10690;2773.0;Ibros;Total;Total habitantes;Personas.
DPOP17263;24616.0;Icod de los Vinos;Total;Total habitantes;Personas.
DPOP9577;2217.0;Idiazabal;Total;Total habitantes;Personas.
DPOP14677;578.0;Igantzi;Total;Total habitantes;Personas.
DPOP12433;638.0;Igea;Total;Total habitantes;Personas.
DPOP3964;45.0;Iglesiarrubia;Total;Total habitantes;Personas.
DPOP3967;136.0;Iglesias;Total;Total habitantes;Personas.
DPOP20053;357.0;Iglesuela del Cid, La;Total;Total habitantes;Personas.
DPOP20665;448.0;Iglesuela del Tiétar, La;Total;Total habitantes;Personas.
DPOP22804;4344.0;Igorre;Total;Total habitantes;Personas.
DPOP10258;727.0;Igriés;Total;Total habitantes;Personas.
DPOP2914;42085.0;Igualada;Total;Total habitantes;Personas.
DPOP13642;733.0;Igualeja;Total;Total habitantes;Personas.
DPOP11089;1012.0;Igüeña;Total;Total habitantes;Personas.
DPOP14278;307.0;Igúzquiza;Total;Total habitantes;Personas.
DPOP9580;498.0;Ikaztegieta;Total;Total habitantes;Personas.
DPOP10261;183.0;Ilche;Total;Total habitantes;Personas.
DPOP16105;4809.0;Illa de Arousa, A;Total;Total habitantes;Personas.
DPOP20668;8.0;Illán de Vacas;Total;Total habitantes;Personas.
DPOP8950;938.0;Illana;Total;Total habitantes;Personas.
DPOP15088;277.0;Illano;Total;Total habitantes;Personas.
DPOP1003;492.0;Íllar;Total;Total habitantes;Personas.
DPOP15091;1048.0;Illas;Total;Total habitantes;Personas.
DPOP20671;33301.0;Illescas;Total;Total habitantes;Personas.
DPOP8323;9923.0;Íllora;Total;Total habitantes;Personas.
DPOP23971;2782.0;Illueca;Total;Total habitantes;Personas.
DPOP14281;433.0;Imotz;Total;Total habitantes;Personas.
DPOP2485;36262.0;Inca;Total;Total habitantes;Personas.
DPOP12790;1513.0;Incio, O;Total;Total habitantes;Personas.
DPOP15847;32905.0;Ingenio;Total;Total habitantes;Personas.
DPOP6991;4567.0;Iniesta;Total;Total habitantes;Personas.
DPOP8953;19.0;Iniéstola;Total;Total habitantes;Personas.
DPOP1006;507.0;Instinción;Total;Total habitantes;Personas.
DPOP8956;60.0;Inviernas, Las;Total;Total habitantes;Personas.
DPOP14284;172.0;Irañeta;Total;Total habitantes;Personas.
DPOP14827;1340.0;Irixo, O;Total;Total habitantes;Personas.
DPOP6520;1343.0;Irixoa;Total;Total habitantes;Personas.
DPOP10693;1819.0;Iruela, La;Total;Total habitantes;Personas.
DPOP16561;29.0;Iruelos;Total;Total habitantes;Personas.
DPOP8959;93.0;Irueste;Total;Total habitantes;Personas.
DPOP9583;63835.0;Irun;Total;Total habitantes;Personas.
DPOP154;3704.0;Iruña Oka/Iruña de Oca;Total;Total habitantes;Personas.
DPOP9586;1885.0;Irura;Total;Total habitantes;Personas.
DPOP64;559.0;Iruraiz-Gauna;Total;Total habitantes;Personas.
DPOP14707;2296.0;Irurtzun;Total;Total habitantes;Personas.
DPOP14287;384.0;Isaba/Izaba;Total;Total habitantes;Personas.
DPOP10264;234.0;Isábena;Total;Total habitantes;Personas.
DPOP3970;279.0;Isar;Total;Total habitantes;Personas.
DPOP22066;6493.0;Íscar;Total;Total habitantes;Personas.
DPOP9841;21525.0;Isla Cristina;Total;Total habitantes;Personas.
DPOP18610;5748.0;Isla Mayor;Total;Total habitantes;Personas.
DPOP11797;1038.0;Isona i Conca Dellà;Total;Total habitantes;Personas.
DPOP7642;314.0;Isòvol;Total;Total habitantes;Personas.
DPOP22669;721.0;Ispaster;Total;Total habitantes;Personas.
DPOP13645;1707.0;Istán;Total;Total habitantes;Personas.
DPOP23974;32.0;Isuerre;Total;Total habitantes;Personas.
DPOP15451;147.0;Itero de la Vega;Total;Total habitantes;Personas.
DPOP3973;74.0;Itero del Castillo;Total;Total habitantes;Personas.
DPOP8326;1022.0;Ítrabo;Total;Total habitantes;Personas.
DPOP9589;687.0;Itsasondo;Total;Total habitantes;Personas.
DPOP16564;189.0;Ituero de Azaba;Total;Total habitantes;Personas.
DPOP17938;492.0;Ituero y Lama;Total;Total habitantes;Personas.
DPOP14290;543.0;Ituren;Total;Total habitantes;Personas.
DPOP14293;428.0;Iturmendi;Total;Total habitantes;Personas.
DPOP22843;3897.0;Iurreta;Total;Total habitantes;Personas.
DPOP11788;317.0;Ivars de Noguera;Total;Total habitantes;Personas.
DPOP11791;1578.0;Ivars d'Urgell;Total;Total habitantes;Personas.
DPOP11794;100.0;Ivorra;Total;Total habitantes;Personas.
DPOP14296;1459.0;Iza/Itza;Total;Total habitantes;Personas.
DPOP14299;153.0;Izagaondoa;Total;Total habitantes;Personas.
DPOP11092;133.0;Izagre;Total;Total habitantes;Personas.
DPOP14302;36.0;Izalzu/Itzaltzu;Total;Total habitantes;Personas.
DPOP6286;3676.0;Iznájar;Total;Total habitantes;Personas.
DPOP8329;5179.0;Iznalloz;Total;Total habitantes;Personas.
DPOP13648;940.0;Iznate;Total;Total habitantes;Personas.
DPOP10696;874.0;Iznatoraf;Total;Total habitantes;Personas.
DPOP22672;224.0;Izurtza;Total;Total habitantes;Personas.
DPOP20056;66.0;Jabaloyas;Total;Total habitantes;Personas.
DPOP10699;1939.0;Jabalquinto;Total;Total habitantes;Personas.
DPOP9844;2183.0;Jabugo;Total;Total habitantes;Personas.
DPOP10267;14024.0;Jaca;Total;Total habitantes;Personas.
DPOP664;2176.0;Jacarilla;Total;Total habitantes;Personas.
DPOP8962;1522.0;Jadraque;Total;Total habitantes;Personas.
DPOP10702;112235.0;Jaén;Total;Total habitantes;Personas.
DPOP7645;386.0;Jafre;Total;Total habitantes;Personas.
DPOP21472;808.0;Jalance;Total;Total habitantes;Personas.
DPOP12436;23.0;Jalón de Cameros;Total;Total habitantes;Personas.
DPOP23116;149.0;Jambrina;Total;Total habitantes;Personas.
DPOP10705;3319.0;Jamilena;Total;Total habitantes;Personas.
DPOP5644;679.0;Jana, la;Total;Total habitantes;Personas.
DPOP23977;294.0;Jaraba;Total;Total habitantes;Personas.
DPOP21478;788.0;Jarafuel;Total;Total habitantes;Personas.
DPOP4966;418.0;Jaraicejo;Total;Total habitantes;Personas.
DPOP4969;6831.0;Jaraíz de la Vera;Total;Total habitantes;Personas.
DPOP3976;45.0;Jaramillo de la Fuente;Total;Total habitantes;Personas.
DPOP3979;12.0;Jaramillo Quemado;Total;Total habitantes;Personas.
DPOP4972;2894.0;Jarandilla de la Vera;Total;Total habitantes;Personas.
DPOP4975;127.0;Jarilla;Total;Total habitantes;Personas.
DPOP20059;66.0;Jarque de la Val;Total;Total habitantes;Personas.
DPOP23980;373.0;Jarque de Moncayo;Total;Total habitantes;Personas.
DPOP10270;90.0;Jasa;Total;Total habitantes;Personas.
DPOP37283;631.0;Játar;Total;Total habitantes;Personas.
DPOP20062;48.0;Jatiel;Total;Total habitantes;Personas.
DPOP23983;305.0;Jaulín;Total;Total habitantes;Personas.
DPOP14305;179.0;Jaurrieta;Total;Total habitantes;Personas.
DPOP670;30642.0;Xàbia/Jávea;Total;Total habitantes;Personas.
DPOP14308;106.0;Javier;Total;Total habitantes;Personas.
DPOP8332;979.0;Jayena;Total;Total habitantes;Personas.
DPOP5380;213634.0;Jerez de la Frontera;Total;Total habitantes;Personas.
DPOP2119;9095.0;Jerez de los Caballeros;Total;Total habitantes;Personas.
DPOP8335;955.0;Jérez del Marquesado;Total;Total habitantes;Personas.
DPOP5647;1764.0;Jérica;Total;Total habitantes;Personas.
DPOP4978;1189.0;Jerte;Total;Total habitantes;Personas.
DPOP8338;990.0;Jete;Total;Total habitantes;Personas.
DPOP673;7669.0;Xixona/Jijona;Total;Total habitantes;Personas.
DPOP10708;1219.0;Jimena;Total;Total habitantes;Personas.
DPOP5383;6719.0;Jimena de la Frontera;Total;Total habitantes;Personas.
DPOP13651;399.0;Jimera de Líbar;Total;Total habitantes;Personas.
DPOP8965;44.0;Jirueque;Total;Total habitantes;Personas.
DPOP11095;241.0;Joarilla de las Matas;Total;Total habitantes;Personas.
DPOP10711;11285.0;Jódar;Total;Total habitantes;Personas.
DPOP7648;3420.0;Jonquera, La;Total;Total habitantes;Personas.
DPOP2917;850.0;Jorba;Total;Total habitantes;Personas.
DPOP20065;42.0;Jorcas;Total;Total habitantes;Personas.
DPOP283;356.0;Jorquera;Total;Total habitantes;Personas.
DPOP20068;34.0;Josa;Total;Total habitantes;Personas.
DPOP12181;110.0;Josa i Tuixén;Total;Total habitantes;Personas.
DPOP23986;1156.0;Joyosa, La;Total;Total habitantes;Personas.
DPOP17941;53.0;Juarros de Riomoros;Total;Total habitantes;Personas.
DPOP17944;185.0;Juarros de Voltoya;Total;Total habitantes;Personas.
DPOP13654;585.0;Jubrique;Total;Total habitantes;Personas.
DPOP7651;319.0;Juià;Total;Total habitantes;Personas.
DPOP13831;27574.0;Jumilla;Total;Total habitantes;Personas.
DPOP8341;4103.0;Jun;Total;Total habitantes;Personas.
DPOP1444;40.0;Junciana;Total;Total habitantes;Personas.
DPOP11800;377.0;Juncosa;Total;Total habitantes;Personas.
DPOP11803;3453.0;Juneda;Total;Total habitantes;Personas.
DPOP3982;118.0;Junta de Traslaloma;Total;Total habitantes;Personas.
DPOP3985;79.0;Junta de Villalba de Losa;Total;Total habitantes;Personas.
DPOP3988;39.0;Jurisdicción de Lara;Total;Total habitantes;Personas.
DPOP3991;62.0;Jurisdicción de San Zadornil;Total;Total habitantes;Personas.
DPOP14311;562.0;Juslapeña/Txulapain;Total;Total habitantes;Personas.
DPOP23119;75.0;Justel;Total;Total habitantes;Personas.
DPOP8344;140.0;Juviles;Total;Total habitantes;Personas.
DPOP16567;176.0;Juzbado;Total;Total habitantes;Personas.
DPOP13657;208.0;Júzcar;Total;Total habitantes;Personas.
DPOP22588;2715.0;Karrantza Harana/Valle de Carranza;Total;Total habitantes;Personas.
DPOP22834;447.0;Kortezubi;Total;Total habitantes;Personas.
DPOP49;174.0;Kripan;Total;Total habitantes;Personas.
DPOP52;402.0;Kuartango;Total;Total habitantes;Personas.
DPOP17947;105.0;Labajos;Total;Total habitantes;Personas.
DPOP67;1558.0;Labastida/Bastida;Total;Total habitantes;Personas.
DPOP6016;550.0;Labores, Las;Total;Total habitantes;Personas.
DPOP10273;179.0;Labuerda;Total;Total habitantes;Personas.
DPOP8350;3892.0;Láchar;Total;Total habitantes;Personas.
DPOP4981;177.0;Ladrillar;Total;Total habitantes;Personas.
DPOP20674;1294.0;Lagartera;Total;Total habitantes;Personas.
DPOP15454;117.0;Lagartos;Total;Total habitantes;Personas.
DPOP23989;113.0;Lagata;Total;Total habitantes;Personas.
DPOP70;177.0;Lagrán;Total;Total habitantes;Personas.
DPOP73;1459.0;Laguardia;Total;Total habitantes;Personas.
DPOP20071;73.0;Lagueruela;Total;Total habitantes;Personas.
DPOP11098;608.0;Laguna Dalga;Total;Total habitantes;Personas.
DPOP12439;109.0;Laguna de Cameros;Total;Total habitantes;Personas.
DPOP17950;111.0;Laguna de Contreras;Total;Total habitantes;Personas.
DPOP22069;22965.0;Laguna de Duero;Total;Total habitantes;Personas.
DPOP11101;1056.0;Laguna de Negrillos;Total;Total habitantes;Personas.
DPOP6994;54.0;Laguna del Marquesado;Total;Total habitantes;Personas.
DPOP6997;50.0;Lagunaseca;Total;Total habitantes;Personas.
DPOP16570;414.0;Lagunilla;Total;Total habitantes;Personas.
DPOP12442;385.0;Lagunilla del Jubera;Total;Total habitantes;Personas.
DPOP10672;1560.0;Lahiguera;Total;Total habitantes;Personas.
DPOP14317;1338.0;Lakuntza;Total;Total habitantes;Personas.
DPOP15991;20292.0;Lalín;Total;Total habitantes;Personas.
DPOP10276;198.0;Laluenga;Total;Total habitantes;Personas.
DPOP10279;849.0;Lalueza;Total;Total habitantes;Personas.
DPOP15994;2437.0;Lama, A;Total;Total habitantes;Personas.
DPOP17461;237.0;Lamasón;Total;Total habitantes;Personas.
DPOP14320;149.0;Lana;Total;Total habitantes;Personas.
DPOP10282;1140.0;Lanaja;Total;Total habitantes;Personas.
DPOP12796;2489.0;Láncara;Total;Total habitantes;Personas.
DPOP76;700.0;Lanciego/Lantziego;Total;Total habitantes;Personas.
DPOP7000;1175.0;Landete;Total;Total habitantes;Personas.
DPOP22675;244.0;Lanestosa;Total;Total habitantes;Personas.
DPOP1447;441.0;Langa;Total;Total habitantes;Personas.
DPOP18886;696.0;Langa de Duero;Total;Total habitantes;Personas.
DPOP23992;110.0;Langa del Castillo;Total;Total habitantes;Personas.
DPOP22072;246.0;Langayo;Total;Total habitantes;Personas.
DPOP15094;38612.0;Langreo;Total;Total habitantes;Personas.
DPOP17953;79.0;Languilla;Total;Total habitantes;Personas.
DPOP8353;3708.0;Lanjarón;Total;Total habitantes;Personas.
DPOP15457;277.0;Lantadilla;Total;Total habitantes;Personas.
DPOP157;929.0;Lantarón;Total;Total habitantes;Personas.
DPOP8356;533.0;Lanteira;Total;Total habitantes;Personas.
DPOP18454;3857.0;Lantejuela;Total;Total habitantes;Personas.
DPOP14323;150.0;Lantz;Total;Total habitantes;Personas.
DPOP1450;771.0;Lanzahíta;Total;Total habitantes;Personas.
DPOP20074;24.0;Lanzuela;Total;Total habitantes;Personas.
DPOP2122;298.0;Lapa, La;Total;Total habitantes;Personas.
DPOP10285;87.0;Laperdiguera;Total;Total habitantes;Personas.
DPOP14326;123.0;Lapoblación;Total;Total habitantes;Personas.
DPOP79;895.0;Lapuebla de Labarca;Total;Total habitantes;Personas.
DPOP6526;11781.0;Laracha, A;Total;Total habitantes;Personas.
DPOP12445;12060.0;Lardero;Total;Total habitantes;Personas.
DPOP17464;10698.0;Laredo;Total;Total habitantes;Personas.
DPOP14836;484.0;Larouco;Total;Total habitantes;Personas.
DPOP1009;197.0;Laroya;Total;Total habitantes;Personas.
DPOP22678;2039.0;Larrabetzu;Total;Total habitantes;Personas.
DPOP14329;2158.0;Larraga;Total;Total habitantes;Personas.
DPOP14332;100.0;Larraona;Total;Total habitantes;Personas.
DPOP9592;263.0;Larraul;Total;Total habitantes;Personas.
DPOP14335;918.0;Larraun;Total;Total habitantes;Personas.
DPOP16573;178.0;Larrodrigo;Total;Total habitantes;Personas.
DPOP10714;435.0;Larva;Total;Total habitantes;Personas.
DPOP9697;19435.0;Lasarte-Oria;Total;Total habitantes;Personas.
DPOP10288;138.0;Lascellas-Ponzano;Total;Total habitantes;Personas.
DPOP10291;139.0;Lascuarre;Total;Total habitantes;Personas.
DPOP10294;255.0;Laspaúles;Total;Total habitantes;Personas.
DPOP10297;277.0;Laspuña;Total;Total habitantes;Personas.
DPOP17956;295.0;Lastras de Cuéllar;Total;Total habitantes;Personas.
DPOP17959;55.0;Lastras del Pozo;Total;Total habitantes;Personas.
DPOP17962;4781.0;Lastrilla, La;Total;Total habitantes;Personas.
DPOP85;18077.0;Laudio/Llodio;Total;Total habitantes;Personas.
DPOP1012;1674.0;Laujar de Andarax;Total;Total habitantes;Personas.
DPOP22681;1239.0;Laukiz;Total;Total habitantes;Personas.
DPOP15097;12352.0;Laviana;Total;Total habitantes;Personas.
DPOP6523;2883.0;Laxe;Total;Total habitantes;Personas.
DPOP23995;95.0;Layana;Total;Total habitantes;Personas.
DPOP20677;931.0;Layos;Total;Total habitantes;Personas.
DPOP14839;1156.0;Laza;Total;Total habitantes;Personas.
DPOP14338;170.0;Lazagurría;Total;Total habitantes;Personas.
DPOP9595;6087.0;Lazkao;Total;Total habitantes;Personas.
DPOP9598;390.0;Leaburu;Total;Total habitantes;Personas.
DPOP14341;38.0;Leache/Leatxe;Total;Total habitantes;Personas.
DPOP18457;27788.0;Lebrija;Total;Total habitantes;Personas.
DPOP23998;578.0;Lécera;Total;Total habitantes;Personas.
DPOP24004;39.0;Lechón;Total;Total habitantes;Personas.
DPOP24001;1087.0;Leciñena;Total;Total habitantes;Personas.
DPOP8359;2244.0;Lecrín;Total;Total habitantes;Personas.
DPOP8968;98.0;Ledanca;Total;Total habitantes;Personas.
DPOP7003;1552.0;Ledaña;Total;Total habitantes;Personas.
DPOP16576;1480.0;Ledesma;Total;Total habitantes;Personas.
DPOP12448;16.0;Ledesma de la Cogolla;Total;Total habitantes;Personas.
DPOP15463;59.0;Ledigos;Total;Total habitantes;Personas.
DPOP16579;476.0;Ledrada;Total;Total habitantes;Personas.
DPOP13144;195734.0;Leganés;Total;Total habitantes;Personas.
DPOP7006;223.0;Leganiel;Total;Total habitantes;Personas.
DPOP14344;143.0;Legarda;Total;Total habitantes;Personas.
DPOP14347;111.0;Legaria;Total;Total habitantes;Personas.
DPOP9601;8384.0;Legazpi;Total;Total habitantes;Personas.
DPOP9604;1457.0;Legorreta;Total;Total habitantes;Personas.
DPOP136;2094.0;Legutio;Total;Total habitantes;Personas.
DPOP9652;205.0;Leintz-Gatzaga;Total;Total habitantes;Personas.
DPOP22684;32748.0;Leioa;Total;Total habitantes;Personas.
DPOP14842;1517.0;Leiro;Total;Total habitantes;Personas.
DPOP14350;3011.0;Leitza;Total;Total habitantes;Personas.
DPOP12451;235.0;Leiva;Total;Total habitantes;Personas.
DPOP22693;7211.0;Lekeitio;Total;Total habitantes;Personas.
DPOP14719;1746.0;Lekunberri;Total;Total habitantes;Personas.
DPOP22687;3614.0;Lemoa;Total;Total habitantes;Personas.
DPOP22690;1347.0;Lemoiz;Total;Total habitantes;Personas.
DPOP15100;10382.0;Lena;Total;Total habitantes;Personas.
DPOP8362;368.0;Lentegí;Total;Total habitantes;Personas.
DPOP11104;123446.0;León;Total;Total habitantes;Personas.
DPOP14353;202.0;Leoz/Leotz;Total;Total habitantes;Personas.
DPOP9847;29677.0;Lepe;Total;Total habitantes;Personas.
DPOP14356;44.0;Lerga;Total;Total habitantes;Personas.
DPOP14359;1821.0;Lerín;Total;Total habitantes;Personas.
DPOP3994;2629.0;Lerma;Total;Total habitantes;Personas.
DPOP11809;1036.0;Les;Total;Total habitantes;Personas.
DPOP14362;2721.0;Lesaka;Total;Total habitantes;Personas.
DPOP286;911.0;Letur;Total;Total habitantes;Personas.
DPOP24007;349.0;Letux;Total;Total habitantes;Personas.
DPOP82;205.0;Leza;Total;Total habitantes;Personas.
DPOP12454;40.0;Leza de Río Leza;Total;Total habitantes;Personas.
DPOP22765;2430.0;Lezama;Total;Total habitantes;Personas.
DPOP14365;248.0;Lezaun;Total;Total habitantes;Personas.
DPOP9607;6184.0;Lezo;Total;Total habitantes;Personas.
DPOP289;1281.0;Lezuza;Total;Total habitantes;Personas.
DPOP13834;5854.0;Librilla;Total;Total habitantes;Personas.
DPOP20077;102.0;Libros;Total;Total habitantes;Personas.
DPOP18889;49.0;Liceras;Total;Total habitantes;Personas.
DPOP20080;56.0;Lidón;Total;Total habitantes;Personas.
DPOP14368;354.0;Liédena;Total;Total habitantes;Personas.
DPOP17467;1218.0;Liendo;Total;Total habitantes;Personas.
DPOP17470;2365.0;Liérganes;Total;Total habitantes;Personas.
DPOP292;1052.0;Liétor;Total;Total habitantes;Personas.
DPOP1015;378.0;Líjar;Total;Total habitantes;Personas.
DPOP20680;2519.0;Lillo;Total;Total habitantes;Personas.
DPOP17473;1983.0;Limpias;Total;Total habitantes;Personas.
DPOP10717;55633.0;Linares;Total;Total habitantes;Personas.
DPOP9850;279.0;Linares de la Sierra;Total;Total habitantes;Personas.
DPOP20083;242.0;Linares de Mora;Total;Total habitantes;Personas.
DPOP16582;924.0;Linares de Riofrío;Total;Total habitantes;Personas.
DPOP5386;64499.0;Línea de la Concepción, La;Total;Total habitantes;Personas.
DPOP11812;2762.0;Linyola;Total;Total habitantes;Personas.
DPOP24010;173.0;Litago;Total;Total habitantes;Personas.
DPOP24013;123.0;Lituénigo;Total;Total habitantes;Personas.
DPOP9610;672.0;Lizartza;Total;Total habitantes;Personas.
DPOP14371;287.0;Lizoain-Arriasgoiti/Lizoainibar-Arriasgoiti;Total;Total habitantes;Personas.
DPOP2920;959.0;Llacuna, La;Total;Total habitantes;Personas.
DPOP7654;822.0;Lladó;Total;Total habitantes;Personas.
DPOP11815;246.0;Lladorre;Total;Total habitantes;Personas.
DPOP11818;186.0;Lladurs;Total;Total habitantes;Personas.
DPOP2923;13280.0;Llagosta, La;Total;Total habitantes;Personas.
DPOP7657;9585.0;Llagostera;Total;Total habitantes;Personas.
DPOP11113;783.0;Llamas de la Ribera;Total;Total habitantes;Personas.
DPOP7660;737.0;Llambilles;Total;Total habitantes;Personas.
DPOP7663;516.0;Llanars;Total;Total habitantes;Personas.
DPOP7666;4892.0;Llançà;Total;Total habitantes;Personas.
DPOP15106;14020.0;Llanera;Total;Total habitantes;Personas.
DPOP21508;1062.0;Llanera de Ranes;Total;Total habitantes;Personas.
DPOP15109;13486.0;Llanes;Total;Total habitantes;Personas.
DPOP3997;45.0;Llano de Bureba;Total;Total habitantes;Personas.
DPOP22078;49.0;Llano de Olmedo;Total;Total habitantes;Personas.
DPOP17269;20582.0;Llanos de Aridane, Los;Total;Total habitantes;Personas.
DPOP1456;57.0;Llanos de Tormes, Los;Total;Total habitantes;Personas.
DPOP6172;651.0;Llanos del Caudillo;Total;Total habitantes;Personas.
DPOP11821;444.0;Llardecans;Total;Total habitantes;Personas.
DPOP21511;1226.0;Llaurí;Total;Total habitantes;Personas.
DPOP11824;342.0;Llavorsí;Total;Total habitantes;Personas.
DPOP20089;150.0;Lledó;Total;Total habitantes;Personas.
DPOP11806;146266.0;Lleida;Total;Total habitantes;Personas.
DPOP2128;781.0;Llera;Total;Total habitantes;Personas.
DPOP2131;5642.0;Llerena;Total;Total habitantes;Personas.
DPOP7669;1269.0;Llers;Total;Total habitantes;Personas.
DPOP11827;290.0;Lles de Cerdanya;Total;Total habitantes;Personas.
DPOP679;882.0;Llíber;Total;Total habitantes;Personas.
DPOP2929;16540.0;Lliçà d'Amunt;Total;Total habitantes;Personas.
DPOP2932;6903.0;Lliçà de Vall;Total;Total habitantes;Personas.
DPOP11830;130.0;Llimiana;Total;Total habitantes;Personas.
DPOP2926;10956.0;Llinars del Vallès;Total;Total habitantes;Personas.
DPOP21487;25333.0;Llíria;Total;Total habitantes;Personas.
DPOP7672;1562.0;Llívia;Total;Total habitantes;Personas.
DPOP19384;99.0;Lloar, El;Total;Total habitantes;Personas.
DPOP11833;201.0;Llobera;Total;Total habitantes;Personas.
DPOP21502;132.0;Llocnou de la Corona;Total;Total habitantes;Personas.
DPOP21505;594.0;Llocnou de Sant Jeroni;Total;Total habitantes;Personas.
DPOP21499;944.0;Llocnou d'En Fenollet;Total;Total habitantes;Personas.
DPOP21514;2791.0;Llombai;Total;Total habitantes;Personas.
DPOP19387;105.0;Llorac;Total;Total habitantes;Personas.
DPOP19390;2425.0;Llorenç del Penedès;Total;Total habitantes;Personas.
DPOP7675;43000.0;Lloret de Mar;Total;Total habitantes;Personas.
DPOP2488;1691.0;Lloret de Vistalegre;Total;Total habitantes;Personas.
DPOP21517;3765.0;Llosa de Ranes, la;Total;Total habitantes;Personas.
DPOP5656;1033.0;Llosa, la;Total;Total habitantes;Personas.
DPOP2491;6463.0;Lloseta;Total;Total habitantes;Personas.
DPOP7678;197.0;Llosses, Les;Total;Total habitantes;Personas.
DPOP2494;2589.0;Llubí;Total;Total habitantes;Personas.
DPOP2935;281.0;Lluçà;Total;Total habitantes;Personas.
DPOP5650;1421.0;Llucena/Lucena del Cid;Total;Total habitantes;Personas.
DPOP2497;40502.0;Llucmajor;Total;Total habitantes;Personas.
DPOP21496;2314.0;Llutxent;Total;Total habitantes;Personas.
DPOP10300;358.0;Loarre;Total;Total habitantes;Personas.
DPOP14845;703.0;Lobeira;Total;Total habitantes;Personas.
DPOP24016;28.0;Lobera de Onsella;Total;Total habitantes;Personas.
DPOP14848;1776.0;Lobios;Total;Total habitantes;Personas.
DPOP2125;2756.0;Lobón;Total;Total habitantes;Personas.
DPOP8365;139.0;Lobras;Total;Total habitantes;Personas.
DPOP14374;4964.0;Lodosa;Total;Total habitantes;Personas.
DPOP13147;9261.0;Loeches;Total;Total habitantes;Personas.
DPOP12457;152150.0;Logroño;Total;Total habitantes;Personas.
DPOP4984;1852.0;Logrosán;Total;Total habitantes;Personas.
DPOP22822;2364.0;Loiu;Total;Total habitantes;Personas.
DPOP8368;20951.0;Loja;Total;Total habitantes;Personas.
DPOP15808;186.0;Loma de Ucieza;Total;Total habitantes;Personas.
DPOP15466;40.0;Lomas;Total;Total habitantes;Personas.
DPOP20683;2989.0;Lominchar;Total;Total habitantes;Personas.
DPOP22075;155.0;Lomoviejo;Total;Total habitantes;Personas.
DPOP24019;802.0;Longares;Total;Total habitantes;Personas.
DPOP24022;45.0;Longás;Total;Total habitantes;Personas.
DPOP14377;308.0;Lónguida/Longida;Total;Total habitantes;Personas.
DPOP10720;3502.0;Lopera;Total;Total habitantes;Personas.
DPOP10303;576.0;Loporzano;Total;Total habitantes;Personas.
DPOP18460;890.0;Lora de Estepa;Total;Total habitantes;Personas.
DPOP18463;18122.0;Lora del Río;Total;Total habitantes;Personas.
DPOP8971;1624.0;Loranca de Tajuña;Total;Total habitantes;Personas.
DPOP13837;98969.0;Lorca;Total;Total habitantes;Personas.
DPOP676;589.0;Orxa, l'/Lorcha;Total;Total habitantes;Personas.
DPOP21490;2188.0;Loriguilla;Total;Total habitantes;Personas.
DPOP13840;7946.0;Lorquí;Total;Total habitantes;Personas.
DPOP21493;531.0;Losa del Obispo;Total;Total habitantes;Personas.
DPOP17965;543.0;Losa, La;Total;Total habitantes;Personas.
DPOP23122;189.0;Losacino;Total;Total habitantes;Personas.
DPOP23125;90.0;Losacio;Total;Total habitantes;Personas.
DPOP4987;2799.0;Losar de la Vera;Total;Total habitantes;Personas.
DPOP1453;99.0;Losar del Barco, El;Total;Total habitantes;Personas.
DPOP10306;98.0;Loscorrales;Total;Total habitantes;Personas.
DPOP20086;121.0;Loscos;Total;Total habitantes;Personas.
DPOP18892;12.0;Losilla, La;Total;Total habitantes;Personas.
DPOP12799;2083.0;Lourenzá;Total;Total habitantes;Personas.
DPOP6529;3056.0;Lousame;Total;Total habitantes;Personas.
DPOP13150;598.0;Lozoya;Total;Total habitantes;Personas.
DPOP13453;1468.0;Lozoyuela-Navas-Sieteiglesias;Total;Total habitantes;Personas.
DPOP23128;296.0;Lubián;Total;Total habitantes;Personas.
DPOP1018;1434.0;Lubrín;Total;Total habitantes;Personas.
DPOP1021;722.0;Lucainena de las Torres;Total;Total habitantes;Personas.
DPOP1024;829.0;Lúcar;Total;Total habitantes;Personas.
DPOP6289;43408.0;Lucena;Total;Total habitantes;Personas.
DPOP24025;223.0;Lucena de Jalón;Total;Total habitantes;Personas.
DPOP9853;3390.0;Lucena del Puerto;Total;Total habitantes;Personas.
DPOP24028;1003.0;Luceni;Total;Total habitantes;Personas.
DPOP6019;350.0;Luciana;Total;Total habitantes;Personas.
DPOP11107;360.0;Lucillo;Total;Total habitantes;Personas.
DPOP20686;666.0;Lucillos;Total;Total habitantes;Personas.
DPOP5653;162.0;Ludiente;Total;Total habitantes;Personas.
DPOP23131;148.0;Luelmo;Total;Total habitantes;Personas.
DPOP17476;600.0;Luena;Total;Total habitantes;Personas.
DPOP24031;332.0;Luesia;Total;Total habitantes;Personas.
DPOP24034;42.0;Luesma;Total;Total habitantes;Personas.
DPOP12802;100143.0;Lugo;Total;Total habitantes;Personas.
DPOP8371;306.0;Lugros;Total;Total habitantes;Personas.
DPOP18466;4618.0;Luisiana, La;Total;Total habitantes;Personas.
DPOP8374;491.0;Lújar;Total;Total habitantes;Personas.
DPOP14380;1330.0;Lumbier;Total;Total habitantes;Personas.
DPOP16585;1507.0;Lumbrales;Total;Total habitantes;Personas.
DPOP12460;144.0;Lumbreras de Cameros;Total;Total habitantes;Personas.
DPOP24037;889.0;Lumpiaque;Total;Total habitantes;Personas.
DPOP24040;674.0;Luna;Total;Total habitantes;Personas.
DPOP8974;344.0;Lupiana;Total;Total habitantes;Personas.
DPOP10549;359.0;Lupiñén-Ortilla;Total;Total habitantes;Personas.
DPOP10723;801.0;Lupión;Total;Total habitantes;Personas.
DPOP6292;2796.0;Luque;Total;Total habitantes;Personas.
DPOP14383;135.0;Luquin;Total;Total habitantes;Personas.
DPOP11110;537.0;Luyego;Total;Total habitantes;Personas.
DPOP8977;65.0;Luzaga;Total;Total habitantes;Personas.
DPOP14644;336.0;Luzaide/Valcarlos;Total;Total habitantes;Personas.
DPOP8980;50.0;Luzón;Total;Total habitantes;Personas.
DPOP1027;5436.0;Macael;Total;Total habitantes;Personas.
DPOP7696;761.0;Maçanet de Cabrenys;Total;Total habitantes;Personas.
DPOP7699;8071.0;Maçanet de la Selva;Total;Total habitantes;Personas.
DPOP21520;1461.0;Macastre;Total;Total habitantes;Personas.
DPOP14851;2874.0;Maceda;Total;Total habitantes;Personas.
DPOP16591;442.0;Machacón;Total;Total habitantes;Personas.
DPOP13660;518.0;Macharaviaya;Total;Total habitantes;Personas.
DPOP16588;1006.0;Macotera;Total;Total habitantes;Personas.
DPOP13153;69.0;Madarcos;Total;Total habitantes;Personas.
DPOP23134;172.0;Maderal, El;Total;Total habitantes;Personas.
DPOP17968;100.0;Maderuelo;Total;Total habitantes;Personas.
DPOP7681;280.0;Madremanya;Total;Total habitantes;Personas.
DPOP13156;3506730.0;Madrid;Total;Total habitantes;Personas.
DPOP23137;461.0;Madridanos;Total;Total habitantes;Personas.
DPOP20689;10088.0;Madridejos;Total;Total habitantes;Personas.
DPOP4990;1536.0;Madrigal de la Vera;Total;Total habitantes;Personas.
DPOP1459;1281.0;Madrigal de las Altas Torres;Total;Total habitantes;Personas.
DPOP4000;141.0;Madrigal del Monte;Total;Total habitantes;Personas.
DPOP4993;1710.0;Madrigalejo;Total;Total habitantes;Personas.
DPOP4003;160.0;Madrigalejo del Monte;Total;Total habitantes;Personas.
DPOP295;4670.0;Madrigueras;Total;Total habitantes;Personas.
DPOP16594;128.0;Madroñal;Total;Total habitantes;Personas.
DPOP4996;2349.0;Madroñera;Total;Total habitantes;Personas.
DPOP18469;286.0;Madroño, El;Total;Total habitantes;Personas.
DPOP24043;2158.0;Maella;Total;Total habitantes;Personas.
DPOP1462;713.0;Maello;Total;Total habitantes;Personas.
DPOP2134;502.0;Magacela;Total;Total habitantes;Personas.
DPOP24046;1108.0;Magallón;Total;Total habitantes;Personas.
DPOP20692;4384.0;Magán;Total;Total habitantes;Personas.
DPOP18895;61.0;Magaña;Total;Total habitantes;Personas.
DPOP11116;345.0;Magaz de Cepeda;Total;Total habitantes;Personas.
DPOP15469;1065.0;Magaz de Pisuerga;Total;Total habitantes;Personas.
DPOP2137;919.0;Maguilla;Total;Total habitantes;Personas.
DPOP4006;107.0;Mahamud;Total;Total habitantes;Personas.
DPOP23140;299.0;Mahide;Total;Total habitantes;Personas.
DPOP298;1465.0;Mahora;Total;Total habitantes;Personas.
DPOP7684;498.0;Maià de Montcal;Total;Total habitantes;Personas.
DPOP11845;951.0;Maials;Total;Total habitantes;Personas.
DPOP20092;35.0;Maicas;Total;Total habitantes;Personas.
DPOP16597;282.0;Maíllo, El;Total;Total habitantes;Personas.
DPOP24049;162.0;Mainar;Total;Total habitantes;Personas.
DPOP23143;138.0;Maire de Castroponce;Total;Total habitantes;Personas.
DPOP18472;24339.0;Mairena del Alcor;Total;Total habitantes;Personas.
DPOP18475;48017.0;Mairena del Aljarafe;Total;Total habitantes;Personas.
DPOP13159;73625.0;Majadahonda;Total;Total habitantes;Personas.
DPOP4999;1281.0;Majadas;Total;Total habitantes;Personas.
DPOP7009;214.0;Majadas, Las;Total;Total habitantes;Personas.
DPOP8983;60.0;Majaelrayo;Total;Total habitantes;Personas.
DPOP18898;10.0;Maján;Total;Total habitantes;Personas.
DPOP13663;599063.0;Málaga;Total;Total habitantes;Personas.
DPOP8986;187.0;Málaga del Fresno;Total;Total habitantes;Personas.
DPOP6022;7827.0;Malagón;Total;Total habitantes;Personas.
DPOP8989;218.0;Malaguilla;Total;Total habitantes;Personas.
DPOP8377;1928.0;Malahá, La;Total;Total habitantes;Personas.
DPOP24052;71.0;Malanquilla;Total;Total habitantes;Personas.
DPOP2140;343.0;Malcocinado;Total;Total habitantes;Personas.
DPOP11836;239.0;Maldà;Total;Total habitantes;Personas.
DPOP24055;282.0;Maleján;Total;Total habitantes;Personas.
DPOP2938;19714.0;Malgrat de Mar;Total;Total habitantes;Personas.
DPOP2941;285.0;Malla;Total;Total habitantes;Personas.
DPOP22696;1106.0;Mallabia;Total;Total habitantes;Personas.
DPOP24064;2951.0;Mallén;Total;Total habitantes;Personas.
DPOP24058;474.0;Malón;Total;Total habitantes;Personas.
DPOP16600;74.0;Malpartida;Total;Total habitantes;Personas.
DPOP5002;4027.0;Malpartida de Cáceres;Total;Total habitantes;Personas.
DPOP1465;89.0;Malpartida de Corneja;Total;Total habitantes;Personas.
DPOP2143;508.0;Malpartida de la Serena;Total;Total habitantes;Personas.
DPOP5005;4666.0;Malpartida de Plasencia;Total;Total habitantes;Personas.
DPOP6532;5232.0;Malpica de Bergantiños;Total;Total habitantes;Personas.
DPOP20695;1655.0;Malpica de Tajo;Total;Total habitantes;Personas.
DPOP24061;895.0;Maluenda;Total;Total habitantes;Personas.
DPOP23146;92.0;Malva;Total;Total habitantes;Personas.
DPOP1468;191.0;Mamblas;Total;Total habitantes;Personas.
DPOP4009;105.0;Mambrilla de Castrejón;Total;Total habitantes;Personas.
DPOP4012;54.0;Mambrillas de Lara;Total;Total habitantes;Personas.
DPOP4015;27.0;Mamolar;Total;Total habitantes;Personas.
DPOP2503;49153.0;Manacor;Total;Total habitantes;Personas.
DPOP16603;192.0;Mancera de Abajo;Total;Total habitantes;Personas.
DPOP1471;66.0;Mancera de Arriba;Total;Total habitantes;Personas.
DPOP10726;11481.0;Mancha Real;Total;Total habitantes;Personas.
DPOP2146;741.0;Manchita;Total;Total habitantes;Personas.
DPOP24067;91.0;Manchones;Total;Total habitantes;Personas.
DPOP4018;21.0;Manciles;Total;Total habitantes;Personas.
DPOP2506;1692.0;Mancor de la Vall;Total;Total habitantes;Personas.
DPOP8992;285.0;Mandayona;Total;Total habitantes;Personas.
DPOP23149;438.0;Manganeses de la Lampreana;Total;Total habitantes;Personas.
DPOP23152;637.0;Manganeses de la Polvorosa;Total;Total habitantes;Personas.
DPOP13666;18165.0;Manilva;Total;Total habitantes;Personas.
DPOP21523;32609.0;Manises;Total;Total habitantes;Personas.
DPOP1474;22.0;Manjabálago y Ortigosa de Rioalmar;Total;Total habitantes;Personas.
DPOP12463;97.0;Manjarrés;Total;Total habitantes;Personas.
DPOP2944;21425.0;Manlleu;Total;Total habitantes;Personas.
DPOP15472;62.0;Manquillos;Total;Total habitantes;Personas.
DPOP2947;80974.0;Manresa;Total;Total habitantes;Personas.
DPOP12466;57.0;Mansilla de la Sierra;Total;Total habitantes;Personas.
DPOP11119;1706.0;Mansilla de las Mulas;Total;Total habitantes;Personas.
DPOP11122;316.0;Mansilla Mayor;Total;Total habitantes;Personas.
DPOP8995;28.0;Mantiel;Total;Total habitantes;Personas.
DPOP15475;142.0;Mantinos;Total;Total habitantes;Personas.
DPOP21526;2560.0;Manuel;Total;Total habitantes;Personas.
DPOP23155;332.0;Manzanal de Arriba;Total;Total habitantes;Personas.
DPOP23161;133.0;Manzanal de los Infantes;Total;Total habitantes;Personas.
DPOP23158;118.0;Manzanal del Barco;Total;Total habitantes;Personas.
DPOP6025;17728.0;Manzanares;Total;Total habitantes;Personas.
DPOP12469;68.0;Manzanares de Rioja;Total;Total habitantes;Personas.
DPOP13162;9648.0;Manzanares el Real;Total;Total habitantes;Personas.
DPOP14854;767.0;Manzaneda;Total;Total habitantes;Personas.
DPOP20698;407.0;Manzaneque;Total;Total habitantes;Personas.
DPOP20095;530.0;Manzanera;Total;Total habitantes;Personas.
DPOP9856;2214.0;Manzanilla;Total;Total habitantes;Personas.
DPOP22081;48.0;Manzanillo;Total;Total habitantes;Personas.
DPOP16606;54.0;Manzano, El;Total;Total habitantes;Personas.
DPOP22699;539.0;Mañaria;Total;Total habitantes;Personas.
DPOP14386;452.0;Mañeru;Total;Total habitantes;Personas.
DPOP6535;1218.0;Mañón;Total;Total habitantes;Personas.
DPOP2500;30666.0;Maó;Total;Total habitantes;Personas.
DPOP20701;548.0;Maqueda;Total;Total habitantes;Personas.
DPOP24070;161.0;Mara;Total;Total habitantes;Personas.
DPOP8380;22294.0;Maracena;Total;Total habitantes;Personas.
DPOP8998;225.0;Maranchón;Total;Total habitantes;Personas.
DPOP11125;103.0;Maraña;Total;Total habitantes;Personas.
DPOP14389;50.0;Marañón;Total;Total habitantes;Personas.
DPOP18286;98.0;Marazoleja;Total;Total habitantes;Personas.
DPOP17971;58.0;Marazuela;Total;Total habitantes;Personas.
DPOP13669;159786.0;Marbella;Total;Total habitantes;Personas.
DPOP19396;623.0;Marçà;Total;Total habitantes;Personas.
DPOP5008;231.0;Marchagaz;Total;Total habitantes;Personas.
DPOP8383;437.0;Marchal;Total;Total habitantes;Personas.
DPOP9001;8714.0;Marchamalo;Total;Total habitantes;Personas.
DPOP18478;19405.0;Marchena;Total;Total habitantes;Personas.
DPOP14392;2938.0;Marcilla;Total;Total habitantes;Personas.
DPOP15478;60.0;Marcilla de Campos;Total;Total habitantes;Personas.
DPOP19393;106.0;Margalef;Total;Total habitantes;Personas.
DPOP3328;309.0;Marganell;Total;Total habitantes;Personas.
DPOP1030;1202.0;María;Total;Total habitantes;Personas.
DPOP24073;6558.0;María de Huerva;Total;Total habitantes;Personas.
DPOP2509;2461.0;Maria de la Salut;Total;Total habitantes;Personas.
DPOP7012;332.0;Mariana;Total;Total habitantes;Personas.
DPOP15997;23991.0;Marín;Total;Total habitantes;Personas.
DPOP17479;5221.0;Marina de Cudeyo;Total;Total habitantes;Personas.
DPOP18481;2562.0;Marinaleda;Total;Total habitantes;Personas.
DPOP21529;1967.0;Marines;Total;Total habitantes;Personas.
DPOP9859;436.0;Marines, Los;Total;Total habitantes;Personas.
DPOP20704;258.0;Marjaliza;Total;Total habitantes;Personas.
DPOP22702;5089.0;Markina-Xemein;Total;Total habitantes;Personas.
DPOP1477;29.0;Marlín;Total;Total habitantes;Personas.
DPOP10729;6412.0;Marmolejo;Total;Total habitantes;Personas.
DPOP24481;82.0;Marracos;Total;Total habitantes;Personas.
DPOP2512;40422.0;Marratxí;Total;Total habitantes;Personas.
DPOP20707;166.0;Marrupe;Total;Total habitantes;Personas.
DPOP16609;252.0;Martiago;Total;Total habitantes;Personas.
DPOP1480;372.0;Martiherrero;Total;Total habitantes;Personas.
DPOP18484;2627.0;Martín de la Jara;Total;Total habitantes;Personas.
DPOP16615;383.0;Martín de Yeltes;Total;Total habitantes;Personas.
DPOP20098;367.0;Martín del Río;Total;Total habitantes;Personas.
DPOP17974;276.0;Martín Miguel;Total;Total habitantes;Personas.
DPOP17977;309.0;Martín Muñoz de la Dehesa;Total;Total habitantes;Personas.
DPOP17980;251.0;Martín Muñoz de las Posadas;Total;Total habitantes;Personas.
DPOP16612;91.0;Martinamor;Total;Total habitantes;Personas.
DPOP1483;109.0;Martínez;Total;Total habitantes;Personas.
DPOP2950;29175.0;Martorell;Total;Total habitantes;Personas.
DPOP2953;4992.0;Martorelles;Total;Total habitantes;Personas.
DPOP10732;24462.0;Martos;Total;Total habitantes;Personas.
DPOP17983;775.0;Marugán;Total;Total habitantes;Personas.
DPOP22705;1129.0;Maruri-Jatabe;Total;Total habitantes;Personas.
DPOP22084;45.0;Marzales;Total;Total habitantes;Personas.
DPOP19399;535.0;Mas de Barberans;Total;Total habitantes;Personas.
DPOP20101;1230.0;Mas de las Matas;Total;Total habitantes;Personas.
DPOP7690;287.0;Masarac i Vilarnadal;Total;Total habitantes;Personas.
DPOP20710;441.0;Mascaraque;Total;Total habitantes;Personas.
DPOP19402;1138.0;Masdenverge;Total;Total habitantes;Personas.
DPOP7015;58.0;Masegosa;Total;Total habitantes;Personas.
DPOP301;117.0;Masegoso;Total;Total habitantes;Personas.
DPOP9004;84.0;Masegoso de Tajuña;Total;Total habitantes;Personas.
DPOP14857;2768.0;Maside;Total;Total habitantes;Personas.
DPOP2956;758.0;Masies de Roda, Les;Total;Total habitantes;Personas.
DPOP2959;3345.0;Masies de Voltregà, Les;Total;Total habitantes;Personas.
DPOP19405;573.0;Masllorenç;Total;Total habitantes;Personas.
DPOP2962;24761.0;Masnou, El;Total;Total habitantes;Personas.
DPOP19408;307.0;Masó, La;Total;Total habitantes;Personas.
DPOP19411;915.0;Maspujols;Total;Total habitantes;Personas.
DPOP2965;10120.0;Masquefa;Total;Total habitantes;Personas.
DPOP19414;473.0;Masroig, El;Total;Total habitantes;Personas.
DPOP21532;1905.0;Massalavés;Total;Total habitantes;Personas.
DPOP11839;592.0;Massalcoreig;Total;Total habitantes;Personas.
DPOP21535;2716.0;Massalfassar;Total;Total habitantes;Personas.
DPOP21538;17566.0;Massamagrell;Total;Total habitantes;Personas.
DPOP21541;10607.0;Massanassa;Total;Total habitantes;Personas.
DPOP7693;882.0;Massanes;Total;Total habitantes;Personas.
DPOP11842;227.0;Massoteres;Total;Total habitantes;Personas.
DPOP16618;240.0;Masueco;Total;Total habitantes;Personas.
DPOP5011;300.0;Mata de Alcántara;Total;Total habitantes;Personas.
DPOP17989;261.0;Mata de Cuéllar;Total;Total habitantes;Personas.
DPOP16624;98.0;Mata de Ledesma, La;Total;Total habitantes;Personas.
DPOP20104;255.0;Mata de los Olmos, La;Total;Total habitantes;Personas.
DPOP5659;196.0;Mata de Morella, la;Total;Total habitantes;Personas.
DPOP20713;910.0;Mata, La;Total;Total habitantes;Personas.
DPOP17986;204.0;Matabuena;Total;Total habitantes;Personas.
DPOP11128;212.0;Matadeón de los Oteros;Total;Total habitantes;Personas.
DPOP2968;9776.0;Matadepera;Total;Total habitantes;Personas.
DPOP18901;81.0;Matalebreras;Total;Total habitantes;Personas.
DPOP11131;1214.0;Matallana de Torío;Total;Total habitantes;Personas.
DPOP18904;251.0;Matamala de Almazán;Total;Total habitantes;Personas.
DPOP11134;157.0;Matanza;Total;Total habitantes;Personas.
DPOP17272;9089.0;Matanza de Acentejo, La;Total;Total habitantes;Personas.
DPOP22087;977.0;Matapozuelos;Total;Total habitantes;Personas.
DPOP2971;131683.0;Mataró;Total;Total habitantes;Personas.
DPOP9007;99.0;Matarrubia;Total;Total habitantes;Personas.
DPOP5662;94.0;Matet;Total;Total habitantes;Personas.
DPOP23164;150.0;Matilla de Arzón;Total;Total habitantes;Personas.
DPOP22090;116.0;Matilla de los Caños;Total;Total habitantes;Personas.
DPOP16627;607.0;Matilla de los Caños del Río;Total;Total habitantes;Personas.
DPOP23167;33.0;Matilla la Seca;Total;Total habitantes;Personas.
DPOP17992;72.0;Matilla, La;Total;Total habitantes;Personas.
DPOP9010;111.0;Matillas;Total;Total habitantes;Personas.
DPOP12472;88.0;Matute;Total;Total habitantes;Personas.
DPOP16630;163.0;Maya, La;Total;Total habitantes;Personas.
DPOP23170;140.0;Mayalde;Total;Total habitantes;Personas.
DPOP22093;1354.0;Mayorga;Total;Total habitantes;Personas.
DPOP20107;474.0;Mazaleón;Total;Total habitantes;Personas.
DPOP20716;1251.0;Mazarambroz;Total;Total habitantes;Personas.
DPOP9013;25.0;Mazarete;Total;Total habitantes;Personas.
DPOP6538;3721.0;Mazaricos;Total;Total habitantes;Personas.
DPOP15481;202.0;Mazariegos;Total;Total habitantes;Personas.
DPOP13843;35449.0;Mazarrón;Total;Total habitantes;Personas.
DPOP17482;2068.0;Mazcuerras;Total;Total habitantes;Personas.
DPOP9016;267.0;Mazuecos;Total;Total habitantes;Personas.
DPOP15484;78.0;Mazuecos de Valdeginate;Total;Total habitantes;Personas.
DPOP4021;55.0;Mazuela;Total;Total habitantes;Personas.
DPOP16000;5237.0;Meaño;Total;Total habitantes;Personas.
DPOP4024;176.0;Mecerreyes;Total;Total habitantes;Personas.
DPOP13165;15922.0;Meco;Total;Total habitantes;Personas.
DPOP2149;2241.0;Medellín;Total;Total habitantes;Personas.
DPOP24076;469.0;Mediana de Aragón;Total;Total habitantes;Personas.
DPOP1486;117.0;Mediana de Voltoya;Total;Total habitantes;Personas.
DPOP2152;1160.0;Medina de las Torres;Total;Total habitantes;Personas.
DPOP4027;6190.0;Medina de Pomar;Total;Total habitantes;Personas.
DPOP22099;4617.0;Medina de Rioseco;Total;Total habitantes;Personas.
DPOP22096;20215.0;Medina del Campo;Total;Total habitantes;Personas.
DPOP5389;11838.0;Medina Sidonia;Total;Total habitantes;Personas.
DPOP18907;686.0;Medinaceli;Total;Total habitantes;Personas.
DPOP1489;79.0;Medinilla;Total;Total habitantes;Personas.
DPOP17485;7775.0;Medio Cudeyo;Total;Total habitantes;Personas.
DPOP2974;2658.0;Mediona;Total;Total habitantes;Personas.
DPOP9019;83.0;Medranda;Total;Total habitantes;Personas.
DPOP12475;350.0;Medrano;Total;Total habitantes;Personas.
DPOP22102;419.0;Megeces;Total;Total habitantes;Personas.
DPOP9022;25.0;Megina;Total;Total habitantes;Personas.
DPOP12805;1773.0;Meira;Total;Total habitantes;Personas.
DPOP16003;4668.0;Meis;Total;Total habitantes;Personas.
DPOP20719;1387.0;Mejorada;Total;Total habitantes;Personas.
DPOP13168;25049.0;Mejorada del Campo;Total;Total habitantes;Personas.
DPOP22105;117.0;Melgar de Abajo;Total;Total habitantes;Personas.
DPOP22108;161.0;Melgar de Arriba;Total;Total habitantes;Personas.
DPOP4030;1496.0;Melgar de Fernamental;Total;Total habitantes;Personas.
DPOP23173;331.0;Melgar de Tera;Total;Total habitantes;Personas.
DPOP15487;269.0;Melgar de Yuso;Total;Total habitantes;Personas.
DPOP21544;11055.0;Meliana;Total;Total habitantes;Personas.
DPOP14395;739.0;Mélida;Total;Total habitantes;Personas.
DPOP6541;7817.0;Melide;Total;Total habitantes;Personas.
DPOP24493;86780.0;Melilla;Total;Total habitantes;Personas.
DPOP14860;1079.0;Melón;Total;Total habitantes;Personas.
DPOP17995;58.0;Melque de Cercos;Total;Total habitantes;Personas.
DPOP17998;42.0;Membibre de la Hoz;Total;Total habitantes;Personas.
DPOP16633;101.0;Membribe de la Sierra;Total;Total habitantes;Personas.
DPOP6028;5793.0;Membrilla;Total;Total habitantes;Personas.
DPOP9025;95.0;Membrillera;Total;Total habitantes;Personas.
DPOP5014;587.0;Membrío;Total;Total habitantes;Personas.
DPOP11848;798.0;Menàrguens;Total;Total habitantes;Personas.
DPOP20722;2465.0;Menasalbas;Total;Total habitantes;Personas.
DPOP9694;2028.0;Mendaro;Total;Total habitantes;Personas.
DPOP22708;382.0;Mendata;Total;Total habitantes;Personas.
DPOP14398;3588.0;Mendavia;Total;Total habitantes;Personas.
DPOP14401;284.0;Mendaza;Total;Total habitantes;Personas.
DPOP22711;426.0;Mendexa;Total;Total habitantes;Personas.
DPOP14404;1261.0;Mendigorria;Total;Total habitantes;Personas.
DPOP15490;109.0;Meneses de Campos;Total;Total habitantes;Personas.
DPOP2155;504.0;Mengabril;Total;Total habitantes;Personas.
DPOP1492;60.0;Mengamuñoz;Total;Total habitantes;Personas.
DPOP10735;10250.0;Mengíbar;Total;Total habitantes;Personas.
DPOP20725;6495.0;Méntrida;Total;Total habitantes;Personas.
DPOP22714;789.0;Meñaka;Total;Total habitantes;Personas.
DPOP24079;2236.0;Mequinenza;Total;Total habitantes;Personas.
DPOP7687;111.0;Meranges;Total;Total habitantes;Personas.
DPOP14863;1962.0;Merca, A;Total;Total habitantes;Personas.
DPOP2515;6459.0;Mercadal, Es;Total;Total habitantes;Personas.
DPOP2158;60225.0;Mérida;Total;Total habitantes;Personas.
DPOP4033;263.0;Merindad de Cuesta-Urria;Total;Total habitantes;Personas.
DPOP4036;723.0;Merindad de Montija;Total;Total habitantes;Personas.
DPOP4651;1400.0;Merindad de Río Ubierna;Total;Total habitantes;Personas.
DPOP4039;399.0;Merindad de Sotoscueva;Total;Total habitantes;Personas.
DPOP4042;412.0;Merindad de Valdeporres;Total;Total habitantes;Personas.
DPOP4045;384.0;Merindad de Valdivielso;Total;Total habitantes;Personas.
DPOP17488;2321.0;Meruelo;Total;Total habitantes;Personas.
DPOP5017;146.0;Mesas de Ibor;Total;Total habitantes;Personas.
DPOP7018;2234.0;Mesas, Las;Total;Total habitantes;Personas.
DPOP1495;62.0;Mesegar de Corneja;Total;Total habitantes;Personas.
DPOP20728;199.0;Mesegar de Tajo;Total;Total habitantes;Personas.
DPOP6544;2367.0;Mesía;Total;Total habitantes;Personas.
DPOP24082;270.0;Mesones de Isuela;Total;Total habitantes;Personas.
DPOP6031;634.0;Mestanza;Total;Total habitantes;Personas.
DPOP14407;263.0;Metauten;Total;Total habitantes;Personas.
DPOP24085;197.0;Mezalocha;Total;Total habitantes;Personas.
DPOP20110;83.0;Mezquita de Jarque;Total;Total habitantes;Personas.
DPOP14866;996.0;Mezquita, A;Total;Total habitantes;Personas.
DPOP5020;9396.0;Miajadas;Total;Total habitantes;Personas.
DPOP24088;25.0;Mianos;Total;Total habitantes;Personas.
DPOP23176;404.0;Micereces de Tera;Total;Total habitantes;Personas.
DPOP15493;67.0;Micieces de Ojeda;Total;Total habitantes;Personas.
DPOP24091;408.0;Miedes de Aragón;Total;Total habitantes;Personas.
DPOP9028;60.0;Miedes de Atienza;Total;Total habitantes;Personas.
DPOP17491;5265.0;Miengo;Total;Total habitantes;Personas.
DPOP17494;397.0;Miera;Total;Total habitantes;Personas.
DPOP7702;369.0;Mieres;Total;Total habitantes;Personas.
DPOP15112;36373.0;Mieres;Total;Total habitantes;Personas.
DPOP9031;44.0;Mierla, La;Total;Total habitantes;Personas.
DPOP16636;170.0;Mieza;Total;Total habitantes;Personas.
DPOP2605;1765.0;Migjorn Gran, Es;Total;Total habitantes;Personas.
DPOP20731;4751.0;Miguel Esteban;Total;Total habitantes;Personas.
DPOP18001;136.0;Migueláñez;Total;Total habitantes;Personas.
DPOP6034;15924.0;Miguelturra;Total;Total habitantes;Personas.
DPOP1498;718.0;Mijares;Total;Total habitantes;Personas.
DPOP13672;95104.0;Mijas;Total;Total habitantes;Personas.
DPOP19417;194.0;Milà, El;Total;Total habitantes;Personas.
DPOP14410;3741.0;Milagro;Total;Total habitantes;Personas.
DPOP4048;409.0;Milagros;Total;Total habitantes;Personas.
DPOP16639;88.0;Milano, El;Total;Total habitantes;Personas.
DPOP9037;126.0;Millana;Total;Total habitantes;Personas.
DPOP5023;239.0;Millanes;Total;Total habitantes;Personas.
DPOP21547;321.0;Millares;Total;Total habitantes;Personas.
DPOP682;265.0;Millena;Total;Total habitantes;Personas.
DPOP23179;206.0;Milles de la Polvorosa;Total;Total habitantes;Personas.
DPOP9034;63.0;Milmarcos;Total;Total habitantes;Personas.
DPOP9862;3698.0;Minas de Riotinto;Total;Total habitantes;Personas.
DPOP304;1381.0;Minaya;Total;Total habitantes;Personas.
DPOP7021;2388.0;Minglanilla;Total;Total habitantes;Personas.
DPOP1501;422.0;Mingorría;Total;Total habitantes;Personas.
DPOP6547;7108.0;Miño;Total;Total habitantes;Personas.
DPOP18910;73.0;Miño de Medinaceli;Total;Total habitantes;Personas.
DPOP18913;43.0;Miño de San Esteban;Total;Total habitantes;Personas.
DPOP9040;31.0;Miñosa, La;Total;Total habitantes;Personas.
DPOP7024;917.0;Mira;Total;Total habitantes;Personas.
DPOP5026;620.0;Mirabel;Total;Total habitantes;Personas.
DPOP9043;86.0;Mirabueno;Total;Total habitantes;Personas.
DPOP13171;7350.0;Miraflores de la Sierra;Total;Total habitantes;Personas.
DPOP14413;56.0;Mirafuentes;Total;Total habitantes;Personas.
DPOP11851;1369.0;Miralcamp;Total;Total habitantes;Personas.
DPOP9046;56.0;Miralrío;Total;Total habitantes;Personas.
DPOP21550;3143.0;Miramar;Total;Total habitantes;Personas.
DPOP20113;110.0;Mirambel;Total;Total habitantes;Personas.
DPOP14416;903.0;Miranda de Arga;Total;Total habitantes;Personas.
DPOP16642;451.0;Miranda de Azán;Total;Total habitantes;Personas.
DPOP4051;36622.0;Miranda de Ebro;Total;Total habitantes;Personas.
DPOP16645;361.0;Miranda del Castañar;Total;Total habitantes;Personas.
DPOP2161;1232.0;Mirandilla;Total;Total habitantes;Personas.
DPOP4054;92.0;Miraveche;Total;Total habitantes;Personas.
DPOP19420;703.0;Miravet;Total;Total habitantes;Personas.
DPOP20116;31.0;Miravete de la Sierra;Total;Total habitantes;Personas.
DPOP1504;93.0;Mirón, El;Total;Total habitantes;Personas.
DPOP1507;110.0;Mironcillo;Total;Total habitantes;Personas.
DPOP1510;86.0;Mirueña de los Infanzones;Total;Total habitantes;Personas.
DPOP21553;47079.0;Mislata;Total;Total habitantes;Personas.
DPOP16006;19320.0;Moaña;Total;Total habitantes;Personas.
DPOP20734;5188.0;Mocejón;Total;Total habitantes;Personas.
DPOP9049;36.0;Mochales;Total;Total habitantes;Personas.
DPOP8386;3503.0;Moclín;Total;Total habitantes;Personas.
DPOP13675;1222.0;Moclinejo;Total;Total habitantes;Personas.
DPOP4057;773.0;Modúbar de la Emparedada;Total;Total habitantes;Personas.
DPOP6550;1194.0;Moeche;Total;Total habitantes;Personas.
DPOP15850;21172.0;Mogán;Total;Total habitantes;Personas.
DPOP16648;236.0;Mogarraz;Total;Total habitantes;Personas.
DPOP21556;4401.0;Moixent/Mogente;Total;Total habitantes;Personas.
DPOP9865;24083.0;Moguer;Total;Total habitantes;Personas.
DPOP5029;817.0;Mohedas de Granadilla;Total;Total habitantes;Personas.
DPOP20737;384.0;Mohedas de la Jara;Total;Total habitantes;Personas.
DPOP9052;190.0;Mohernando;Total;Total habitantes;Personas.
DPOP3022;6828.0;Moià;Total;Total habitantes;Personas.
DPOP1033;7680.0;Mojácar;Total;Total habitantes;Personas.
DPOP22111;3415.0;Mojados;Total;Total habitantes;Personas.
DPOP1159;8793.0;Mojonera, La;Total;Total habitantes;Personas.
DPOP23182;223.0;Molacillos;Total;Total habitantes;Personas.
DPOP13174;9999.0;Molar, El;Total;Total habitantes;Personas.
DPOP19423;295.0;Molar, El;Total;Total habitantes;Personas.
DPOP18487;3659.0;Molares, Los;Total;Total habitantes;Personas.
DPOP23185;47.0;Molezuelas de la Carballeda;Total;Total habitantes;Personas.
DPOP9055;3281.0;Molina de Aragón;Total;Total habitantes;Personas.
DPOP13846;78458.0;Molina de Segura;Total;Total habitantes;Personas.
DPOP11137;870.0;Molinaseca;Total;Total habitantes;Personas.
DPOP307;754.0;Molinicos;Total;Total habitantes;Personas.
DPOP16651;43.0;Molinillo;Total;Total habitantes;Personas.
DPOP20119;232.0;Molinos;Total;Total habitantes;Personas.
DPOP18916;162.0;Molinos de Duero;Total;Total habitantes;Personas.
DPOP13177;4781.0;Molinos, Los;Total;Total habitantes;Personas.
DPOP2977;27300.0;Molins de Rei;Total;Total habitantes;Personas.
DPOP17497;1482.0;Molledo;Total;Total habitantes;Personas.
DPOP11857;15763.0;Mollerussa;Total;Total habitantes;Personas.
DPOP7705;202.0;Mollet de Peralada;Total;Total habitantes;Personas.
DPOP2980;52990.0;Mollet del Vallès;Total;Total habitantes;Personas.
DPOP13678;5528.0;Mollina;Total;Total habitantes;Personas.
DPOP7708;351.0;Molló;Total;Total habitantes;Personas.
DPOP11854;100.0;Molsosa, La;Total;Total habitantes;Personas.
DPOP8389;2689.0;Molvízar;Total;Total habitantes;Personas.
DPOP1513;922.0;Mombeltrán;Total;Total habitantes;Personas.
DPOP18919;19.0;Momblona;Total;Total habitantes;Personas.
DPOP23188;395.0;Mombuey;Total;Total habitantes;Personas.
DPOP8392;8664.0;Monachil;Total;Total habitantes;Personas.
DPOP9058;13.0;Monasterio;Total;Total habitantes;Personas.
DPOP4060;38.0;Monasterio de la Sierra;Total;Total habitantes;Personas.
DPOP4063;171.0;Monasterio de Rodilla;Total;Total habitantes;Personas.
DPOP22114;79.0;Monasterio de Vega;Total;Total habitantes;Personas.
DPOP21559;22213.0;Montcada/Moncada;Total;Total habitantes;Personas.
DPOP4066;77.0;Moncalvillo;Total;Total habitantes;Personas.
DPOP5665;8339.0;Moncofa;Total;Total habitantes;Personas.
DPOP13681;2984.0;Monda;Total;Total habitantes;Personas.
DPOP16009;4456.0;Mondariz;Total;Total habitantes;Personas.
DPOP16012;742.0;Mondariz-Balneario;Total;Total habitantes;Personas.
DPOP9061;2918.0;Mondéjar;Total;Total habitantes;Personas.
DPOP12808;3303.0;Mondoñedo;Total;Total habitantes;Personas.
DPOP24094;378.0;Monegrillo;Total;Total habitantes;Personas.
DPOP10309;68.0;Monesma y Cajigar;Total;Total habitantes;Personas.
DPOP2164;4245.0;Monesterio;Total;Total habitantes;Personas.
DPOP24097;107.0;Moneva;Total;Total habitantes;Personas.
DPOP23191;998.0;Monfarracinos;Total;Total habitantes;Personas.
DPOP6553;1816.0;Monfero;Total;Total habitantes;Personas.
DPOP10312;475.0;Monflorite-Lascasas;Total;Total habitantes;Personas.
DPOP16654;50.0;Monforte de la Sierra;Total;Total habitantes;Personas.
DPOP12811;18933.0;Monforte de Lemos;Total;Total habitantes;Personas.
DPOP20122;84.0;Monforte de Moyuela;Total;Total habitantes;Personas.
DPOP685;9283.0;Monforte del Cid;Total;Total habitantes;Personas.
DPOP2992;764.0;Monistrol de Calders;Total;Total habitantes;Personas.
DPOP2989;3250.0;Monistrol de Montserrat;Total;Total habitantes;Personas.
DPOP16657;88.0;Monleón;Total;Total habitantes;Personas.
DPOP16660;241.0;Monleras;Total;Total habitantes;Personas.
DPOP688;13116.0;Monòver/Monóvar;Total;Total habitantes;Personas.
DPOP24100;175.0;Monreal de Ariza;Total;Total habitantes;Personas.
DPOP20125;2578.0;Monreal del Campo;Total;Total habitantes;Personas.
DPOP7027;44.0;Monreal del Llano;Total;Total habitantes;Personas.
DPOP14419;511.0;Monreal/Elo;Total;Total habitantes;Personas.
DPOP5032;909.0;Monroy;Total;Total habitantes;Personas.
DPOP20128;324.0;Monroyo;Total;Total habitantes;Personas.
DPOP16663;129.0;Monsagro;Total;Total habitantes;Personas.
DPOP1516;64.0;Monsalupe;Total;Total habitantes;Personas.
DPOP7711;1011.0;Montagut i Oix;Total;Total habitantes;Personas.
DPOP20131;1162.0;Montalbán;Total;Total habitantes;Personas.
DPOP6295;4401.0;Montalbán de Córdoba;Total;Total habitantes;Personas.
DPOP7030;82.0;Montalbanejo;Total;Total habitantes;Personas.
DPOP7033;703.0;Montalbo;Total;Total habitantes;Personas.
DPOP310;74.0;Montalvos;Total;Total habitantes;Personas.
DPOP23194;549.0;Montamarta;Total;Total habitantes;Personas.
DPOP5668;429.0;Montán;Total;Total habitantes;Personas.
DPOP5035;1597.0;Montánchez;Total;Total habitantes;Personas.
DPOP5671;649.0;Montanejos;Total;Total habitantes;Personas.
DPOP10315;230.0;Montanuy;Total;Total habitantes;Personas.
DPOP9064;31.0;Montarrón;Total;Total habitantes;Personas.
DPOP21565;1624.0;Montaverner;Total;Total habitantes;Personas.
DPOP19426;7542.0;Montblanc;Total;Total habitantes;Personas.
DPOP19429;3157.0;Montbrió del Camp;Total;Total habitantes;Personas.
DPOP2983;37460.0;Montcada i Reixac;Total;Total habitantes;Personas.
DPOP2998;132.0;Montclar;Total;Total habitantes;Personas.
DPOP14422;1073.0;Monteagudo;Total;Total habitantes;Personas.
DPOP7036;126.0;Monteagudo de las Salinas;Total;Total habitantes;Personas.
DPOP18922;169.0;Monteagudo de las Vicarías;Total;Total habitantes;Personas.
DPOP20134;43.0;Monteagudo del Castillo;Total;Total habitantes;Personas.
DPOP22117;105.0;Montealegre de Campos;Total;Total habitantes;Personas.
DPOP313;2051.0;Montealegre del Castillo;Total;Total habitantes;Personas.
DPOP20740;598.0;Montearagón;Total;Total habitantes;Personas.
DPOP37274;585.0;Montecorto;Total;Total habitantes;Personas.
DPOP14869;660.0;Montederramo;Total;Total habitantes;Personas.
DPOP8395;5283.0;Montefrío;Total;Total habitantes;Personas.
DPOP5038;5552.0;Montehermoso;Total;Total habitantes;Personas.
DPOP13684;945.0;Montejaque;Total;Total habitantes;Personas.
DPOP8398;1989.0;Montejícar;Total;Total habitantes;Personas.
DPOP16666;186.0;Montejo;Total;Total habitantes;Personas.
DPOP18004;158.0;Montejo de Arévalo;Total;Total habitantes;Personas.
DPOP13180;404.0;Montejo de la Sierra;Total;Total habitantes;Personas.
DPOP18007;121.0;Montejo de la Vega de la Serrezuela;Total;Total habitantes;Personas.
DPOP18925;134.0;Montejo de Tiermes;Total;Total habitantes;Personas.
DPOP11863;598.0;Montellà i Martinet;Total;Total habitantes;Personas.
DPOP18490;7032.0;Montellano;Total;Total habitantes;Personas.
DPOP6298;3859.0;Montemayor;Total;Total habitantes;Personas.
DPOP22120;837.0;Montemayor de Pililla;Total;Total habitantes;Personas.
DPOP16669;245.0;Montemayor del Río;Total;Total habitantes;Personas.
DPOP2167;1231.0;Montemolín;Total;Total habitantes;Personas.
DPOP18928;43.0;Montenegro de Cameros;Total;Total habitantes;Personas.
DPOP24103;143.0;Monterde;Total;Total habitantes;Personas.
DPOP20137;62.0;Monterde de Albarracín;Total;Total habitantes;Personas.
DPOP14872;2403.0;Monterrei;Total;Total habitantes;Personas.
DPOP12814;3744.0;Monterroso;Total;Total habitantes;Personas.
DPOP18010;51.0;Monterrubio;Total;Total habitantes;Personas.
DPOP16672;1321.0;Monterrubio de Armuña;Total;Total habitantes;Personas.
DPOP4069;55.0;Monterrubio de la Demanda;Total;Total habitantes;Personas.
DPOP2170;2157.0;Monterrubio de la Serena;Total;Total habitantes;Personas.
DPOP16675;150.0;Monterrubio de la Sierra;Total;Total habitantes;Personas.
DPOP21568;1128.0;Montesa;Total;Total habitantes;Personas.
DPOP20743;377.0;Montesclaros;Total;Total habitantes;Personas.
DPOP844;5786.0;Montesinos, Los;Total;Total habitantes;Personas.
DPOP3001;1131.0;Montesquiu;Total;Total habitantes;Personas.
DPOP11866;1161.0;Montferrer i Castellbò;Total;Total habitantes;Personas.
DPOP19432;502.0;Montferri;Total;Total habitantes;Personas.
DPOP11860;640.0;Montgai;Total;Total habitantes;Personas.
DPOP2986;12879.0;Montgat;Total;Total habitantes;Personas.
DPOP6037;1167.0;Montiel;Total;Total habitantes;Personas.
DPOP2173;15198.0;Montijo;Total;Total habitantes;Personas.
DPOP6301;22305.0;Montilla;Total;Total habitantes;Personas.
DPOP8401;1054.0;Montillana;Total;Total habitantes;Personas.
DPOP21571;556.0;Montitxelvo/Montichelvo;Total;Total habitantes;Personas.
DPOP10738;1574.0;Montizón;Total;Total habitantes;Personas.
DPOP3004;473.0;Montmajor;Total;Total habitantes;Personas.
DPOP3007;181.0;Montmaneu;Total;Total habitantes;Personas.
DPOP19435;1958.0;Montmell, El;Total;Total habitantes;Personas.
DPOP3013;8886.0;Montmeló;Total;Total habitantes;Personas.
DPOP11872;488.0;Montoliu de Lleida;Total;Total habitantes;Personas.
DPOP11869;180.0;Montoliu de Segarra;Total;Total habitantes;Personas.
DPOP24106;89.0;Montón;Total;Total habitantes;Personas.
DPOP4072;138.0;Montorio;Total;Total habitantes;Personas.
DPOP11875;87.0;Montornès de Segarra;Total;Total habitantes;Personas.
DPOP3016;17102.0;Montornès del Vallès;Total;Total habitantes;Personas.
DPOP6304;9004.0;Montoro;Total;Total habitantes;Personas.
DPOP19438;174.0;Mont-ral;Total;Total habitantes;Personas.
DPOP7714;1690.0;Mont-ras;Total;Total habitantes;Personas.
DPOP21574;3792.0;Montroi/Montroy;Total;Total habitantes;Personas.
DPOP19441;14615.0;Mont-roig del Camp;Total;Total habitantes;Personas.
DPOP3019;388.0;Montseny;Total;Total habitantes;Personas.
DPOP21562;10062.0;Montserrat;Total;Total habitantes;Personas.
DPOP2518;3289.0;Montuïri;Total;Total habitantes;Personas.
DPOP6307;1929.0;Monturque;Total;Total habitantes;Personas.
DPOP10318;18525.0;Monzón;Total;Total habitantes;Personas.
DPOP15496;608.0;Monzón de Campos;Total;Total habitantes;Personas.
DPOP20746;10064.0;Mora;Total;Total habitantes;Personas.
DPOP20140;1752.0;Mora de Rubielos;Total;Total habitantes;Personas.
DPOP19444;5811.0;Móra d'Ebre;Total;Total habitantes;Personas.
DPOP19447;3350.0;Móra la Nova;Total;Total habitantes;Personas.
DPOP4075;167.0;Moradillo de Roa;Total;Total habitantes;Personas.
DPOP6040;5184.0;Moral de Calatrava;Total;Total habitantes;Personas.
DPOP18013;38.0;Moral de Hornuez;Total;Total habitantes;Personas.
DPOP22123;129.0;Moral de la Reina;Total;Total habitantes;Personas.
DPOP23197;265.0;Moral de Sayago;Total;Total habitantes;Personas.
DPOP8404;3214.0;Moraleda de Zafayona;Total;Total habitantes;Personas.
DPOP5041;6562.0;Moraleja;Total;Total habitantes;Personas.
DPOP13183;5580.0;Moraleja de Enmedio;Total;Total habitantes;Personas.
DPOP22126;42.0;Moraleja de las Panaderas;Total;Total habitantes;Personas.
DPOP1519;55.0;Moraleja de Matacabras;Total;Total habitantes;Personas.
DPOP23203;300.0;Moraleja de Sayago;Total;Total habitantes;Personas.
DPOP23200;1796.0;Moraleja del Vino;Total;Total habitantes;Personas.
DPOP22129;128.0;Morales de Campos;Total;Total habitantes;Personas.
DPOP23209;529.0;Morales de Rey;Total;Total habitantes;Personas.
DPOP23212;918.0;Morales de Toro;Total;Total habitantes;Personas.
DPOP23215;156.0;Morales de Valverde;Total;Total habitantes;Personas.
DPOP23206;3040.0;Morales del Vino;Total;Total habitantes;Personas.
DPOP23218;211.0;Moralina;Total;Total habitantes;Personas.
DPOP13186;14772.0;Moralzarzal;Total;Total habitantes;Personas.
DPOP16015;4131.0;Moraña;Total;Total habitantes;Personas.
DPOP16678;230.0;Morasverdes;Total;Total habitantes;Personas.
DPOP24109;1100.0;Morata de Jalón;Total;Total habitantes;Personas.
DPOP24112;285.0;Morata de Jiloca;Total;Total habitantes;Personas.
DPOP13189;8397.0;Morata de Tajuña;Total;Total habitantes;Personas.
DPOP13849;7518.0;Moratalla;Total;Total habitantes;Personas.
DPOP9067;106.0;Moratilla de los Meleros;Total;Total habitantes;Personas.
DPOP15499;55.0;Moratinos;Total;Total habitantes;Personas.
DPOP5044;378.0;Morcillo;Total;Total habitantes;Personas.
DPOP15115;2460.0;Morcín;Total;Total habitantes;Personas.
DPOP91;218.0;Moreda de Álava/Moreda Araba;Total;Total habitantes;Personas.
DPOP8566;588.0;Morelábor;Total;Total habitantes;Personas.
DPOP19450;3811.0;Morell, El;Total;Total habitantes;Personas.
DPOP5674;2501.0;Morella;Total;Total habitantes;Personas.
DPOP9070;53.0;Morenilla;Total;Total habitantes;Personas.
DPOP14425;110.0;Morentin;Total;Total habitantes;Personas.
DPOP19453;150.0;Morera de Montsant, La;Total;Total habitantes;Personas.
DPOP2176;698.0;Morera, La;Total;Total habitantes;Personas.
DPOP23221;318.0;Moreruela de los Infanzones;Total;Total habitantes;Personas.
DPOP23224;290.0;Moreruela de Tábara;Total;Total habitantes;Personas.
DPOP24115;303.0;Morés;Total;Total habitantes;Personas.
DPOP22720;416.0;Morga;Total;Total habitantes;Personas.
DPOP6310;3667.0;Moriles;Total;Total habitantes;Personas.
DPOP16681;221.0;Morille;Total;Total habitantes;Personas.
DPOP16684;93.0;Moríñigo;Total;Total habitantes;Personas.
DPOP16687;577.0;Moriscos;Total;Total habitantes;Personas.
DPOP18931;196.0;Morón de Almazán;Total;Total habitantes;Personas.
DPOP18493;27210.0;Morón de la Frontera;Total;Total habitantes;Personas.
DPOP16690;73.0;Moronta;Total;Total habitantes;Personas.
DPOP24118;274.0;Moros;Total;Total habitantes;Personas.
DPOP16018;15233.0;Mos;Total;Total habitantes;Personas.
DPOP20143;62.0;Moscardón;Total;Total habitantes;Personas.
DPOP20146;563.0;Mosqueruela;Total;Total habitantes;Personas.
DPOP13192;214817.0;Móstoles;Total;Total habitantes;Personas.
DPOP7039;25.0;Mota de Altarejos;Total;Total habitantes;Personas.
DPOP7042;6089.0;Mota del Cuervo;Total;Total habitantes;Personas.
DPOP22132;342.0;Mota del Marqués;Total;Total habitantes;Personas.
DPOP7045;6432.0;Motilla del Palancar;Total;Total habitantes;Personas.
DPOP316;673.0;Motilleja;Total;Total habitantes;Personas.
DPOP8407;59862.0;Motril;Total;Total habitantes;Personas.
DPOP15853;8007.0;Moya;Total;Total habitantes;Personas.
DPOP7048;133.0;Moya;Total;Total habitantes;Personas.
DPOP24121;221.0;Moyuela;Total;Total habitantes;Personas.
DPOP16693;510.0;Mozárbez;Total;Total habitantes;Personas.
DPOP18016;916.0;Mozoncillo;Total;Total habitantes;Personas.
DPOP24124;130.0;Mozota;Total;Total habitantes;Personas.
DPOP22135;690.0;Mucientes;Total;Total habitantes;Personas.
DPOP15502;81.0;Mudá;Total;Total habitantes;Personas.
DPOP22138;167.0;Mudarra, La;Total;Total habitantes;Personas.
DPOP9073;104.0;Muduex;Total;Total habitantes;Personas.
DPOP24127;1540.0;Muel;Total;Total habitantes;Personas.
DPOP24130;6737.0;Muela, La;Total;Total habitantes;Personas.
DPOP23227;184.0;Muelas de los Caballeros;Total;Total habitantes;Personas.
DPOP23230;592.0;Muelas del Pan;Total;Total habitantes;Personas.
DPOP14428;80.0;Mues;Total;Total habitantes;Personas.
DPOP23233;313.0;Muga de Sayago;Total;Total habitantes;Personas.
DPOP6556;5203.0;Mugardos;Total;Total habitantes;Personas.
DPOP14875;1385.0;Muíños;Total;Total habitantes;Personas.
DPOP13852;17937.0;Mula;Total;Total habitantes;Personas.
DPOP22726;1816.0;Mundaka;Total;Total habitantes;Personas.
DPOP24133;351.0;Munébrega;Total;Total habitantes;Personas.
DPOP319;3351.0;Munera;Total;Total habitantes;Personas.
DPOP22729;18129.0;Mungia;Total;Total habitantes;Personas.
DPOP20149;575.0;Muniesa;Total;Total habitantes;Personas.
DPOP12478;93.0;Munilla;Total;Total habitantes;Personas.
DPOP22543;467.0;Munitibar-Arbatzegi Gerrikaitz;Total;Total habitantes;Personas.
DPOP2995;697.0;Muntanyola;Total;Total habitantes;Personas.
DPOP1522;499.0;Muñana;Total;Total habitantes;Personas.
DPOP1525;77.0;Muñico;Total;Total habitantes;Personas.
DPOP1528;299.0;Muñogalindo;Total;Total habitantes;Personas.
DPOP1531;76.0;Muñogrande;Total;Total habitantes;Personas.
DPOP1534;113.0;Muñomer del Peco;Total;Total habitantes;Personas.
DPOP18019;298.0;Muñopedro;Total;Total habitantes;Personas.
DPOP1537;95.0;Muñopepe;Total;Total habitantes;Personas.
DPOP1540;87.0;Muñosancho;Total;Total habitantes;Personas.
DPOP1543;50.0;Muñotello;Total;Total habitantes;Personas.
DPOP18022;138.0;Muñoveros;Total;Total habitantes;Personas.
DPOP3025;235.0;Mura;Total;Total habitantes;Personas.
DPOP12817;577.0;Muras;Total;Total habitantes;Personas.
DPOP14431;4230.0;Murchante;Total;Total habitantes;Personas.
DPOP13855;479405.0;Murcia;Total;Total habitantes;Personas.
DPOP24136;85.0;Murero;Total;Total habitantes;Personas.
DPOP11140;337.0;Murias de Paredes;Total;Total habitantes;Personas.
DPOP22141;106.0;Muriel;Total;Total habitantes;Personas.
DPOP18934;53.0;Muriel de la Fuente;Total;Total habitantes;Personas.
DPOP18937;73.0;Muriel Viejo;Total;Total habitantes;Personas.
DPOP14434;345.0;Murieta;Total;Total habitantes;Personas.
DPOP24139;194.0;Murillo de Gállego;Total;Total habitantes;Personas.
DPOP12481;1656.0;Murillo de Río Leza;Total;Total habitantes;Personas.
DPOP14437;701.0;Murillo el Cuende;Total;Total habitantes;Personas.
DPOP14440;665.0;Murillo el Fruto;Total;Total habitantes;Personas.
DPOP694;574.0;Murla;Total;Total habitantes;Personas.
DPOP2521;8398.0;Muro;Total;Total habitantes;Personas.
DPOP12484;57.0;Muro de Aguas;Total;Total habitantes;Personas.
DPOP697;9372.0;Muro de Alcoy;Total;Total habitantes;Personas.
DPOP12487;40.0;Muro en Cameros;Total;Total habitantes;Personas.
DPOP6562;8173.0;Muros;Total;Total habitantes;Personas.
DPOP15118;1955.0;Muros de Nalón;Total;Total habitantes;Personas.
DPOP8410;431.0;Murtas;Total;Total habitantes;Personas.
DPOP22837;311.0;Murueta;Total;Total habitantes;Personas.
DPOP14443;283.0;Muruzábal;Total;Total habitantes;Personas.
DPOP21577;6871.0;Museros;Total;Total habitantes;Personas.
DPOP22735;7465.0;Muskiz;Total;Total habitantes;Personas.
DPOP9619;261.0;Mutiloa;Total;Total habitantes;Personas.
DPOP9616;5238.0;Mutriku;Total;Total habitantes;Personas.
DPOP691;28621.0;Mutxamel;Total;Total habitantes;Personas.
DPOP6559;4326.0;Muxía;Total;Total habitantes;Personas.
DPOP22723;1546.0;Muxika;Total;Total habitantes;Personas.
DPOP22840;264.0;Nabarniz;Total;Total habitantes;Personas.
DPOP1036;485.0;Nacimiento;Total;Total habitantes;Personas.
DPOP18940;35.0;Nafría de Ucero;Total;Total habitantes;Personas.
DPOP12490;8336.0;Nájera;Total;Total habitantes;Personas.
DPOP12493;1307.0;Nalda;Total;Total habitantes;Personas.
DPOP11878;91.0;Nalec;Total;Total habitantes;Personas.
DPOP20749;5263.0;Nambroca;Total;Total habitantes;Personas.
DPOP21580;8556.0;Nàquera/Náquera;Total;Total habitantes;Personas.
DPOP7051;42.0;Narboneta;Total;Total habitantes;Personas.
DPOP6565;39953.0;Narón;Total;Total habitantes;Personas.
DPOP1546;56.0;Narrillos del Álamo;Total;Total habitantes;Personas.
DPOP1549;34.0;Narrillos del Rebollar;Total;Total habitantes;Personas.
DPOP18943;68.0;Narros;Total;Total habitantes;Personas.
DPOP16696;187.0;Narros de Matalayegua;Total;Total habitantes;Personas.
DPOP1558;102.0;Narros de Saldueña;Total;Total habitantes;Personas.
DPOP1552;151.0;Narros del Castillo;Total;Total habitantes;Personas.
DPOP1555;26.0;Narros del Puerto;Total;Total habitantes;Personas.
DPOP11569;1902.0;Naut Aran;Total;Total habitantes;Personas.
DPOP15121;5244.0;Nava;Total;Total habitantes;Personas.
DPOP1564;647.0;Nava de Arévalo;Total;Total habitantes;Personas.
DPOP16702;74.0;Nava de Béjar;Total;Total habitantes;Personas.
DPOP16705;116.0;Nava de Francia;Total;Total habitantes;Personas.
DPOP18025;2806.0;Nava de la Asunción;Total;Total habitantes;Personas.
DPOP20752;514.0;Nava de Ricomalillo, La;Total;Total habitantes;Personas.
DPOP4078;202.0;Nava de Roa;Total;Total habitantes;Personas.
DPOP2179;914.0;Nava de Santiago, La;Total;Total habitantes;Personas.
DPOP16708;147.0;Nava de Sotrobal;Total;Total habitantes;Personas.
DPOP1567;81.0;Nava del Barco;Total;Total habitantes;Personas.
DPOP22144;1924.0;Nava del Rey;Total;Total habitantes;Personas.
DPOP9868;271.0;Nava, La;Total;Total habitantes;Personas.
DPOP16699;141.0;Navacarros;Total;Total habitantes;Personas.
DPOP1561;99.0;Navacepedilla de Corneja;Total;Total habitantes;Personas.
DPOP13195;3311.0;Navacerrada;Total;Total habitantes;Personas.
DPOP5047;2037.0;Navaconcejo;Total;Total habitantes;Personas.
DPOP1570;29.0;Navadijos;Total;Total habitantes;Personas.
DPOP1573;54.0;Navaescurial;Total;Total habitantes;Personas.
DPOP18028;282.0;Navafría;Total;Total habitantes;Personas.
DPOP20755;3587.0;Navahermosa;Total;Total habitantes;Personas.
DPOP1576;359.0;Navahondilla;Total;Total habitantes;Personas.
DPOP5677;906.0;Navajas;Total;Total habitantes;Personas.
DPOP12496;8.0;Navajún;Total;Total habitantes;Personas.
DPOP10321;281.0;Naval;Total;Total habitantes;Personas.
DPOP1579;192.0;Navalacruz;Total;Total habitantes;Personas.
DPOP13198;1693.0;Navalafuente;Total;Total habitantes;Personas.
DPOP13201;3169.0;Navalagamella;Total;Total habitantes;Personas.
DPOP20758;1859.0;Navalcán;Total;Total habitantes;Personas.
DPOP13204;33331.0;Navalcarnero;Total;Total habitantes;Personas.
DPOP18946;698.0;Navaleno;Total;Total habitantes;Personas.
DPOP16711;312.0;Navales;Total;Total habitantes;Personas.
DPOP18031;90.0;Navalilla;Total;Total habitantes;Personas.
DPOP18034;1041.0;Navalmanzano;Total;Total habitantes;Personas.
DPOP1582;445.0;Navalmoral;Total;Total habitantes;Personas.
DPOP16714;57.0;Navalmoral de Béjar;Total;Total habitantes;Personas.
DPOP5050;17352.0;Navalmoral de la Mata;Total;Total habitantes;Personas.
DPOP20761;56.0;Navalmoralejo;Total;Total habitantes;Personas.
DPOP20764;2074.0;Navalmorales, Los;Total;Total habitantes;Personas.
DPOP1585;182.0;Navalonguilla;Total;Total habitantes;Personas.
DPOP1588;314.0;Navalosa;Total;Total habitantes;Personas.
DPOP1591;840.0;Navalperal de Pinares;Total;Total habitantes;Personas.
DPOP1594;73.0;Navalperal de Tormes;Total;Total habitantes;Personas.
DPOP6043;193.0;Navalpino;Total;Total habitantes;Personas.
DPOP20767;1889.0;Navalucillos, Los;Total;Total habitantes;Personas.
DPOP1597;2135.0;Navaluenga;Total;Total habitantes;Personas.
DPOP5053;374.0;Navalvillar de Ibor;Total;Total habitantes;Personas.
DPOP2182;4303.0;Navalvillar de Pela;Total;Total habitantes;Personas.
DPOP16717;45.0;Navamorales;Total;Total habitantes;Personas.
DPOP20770;581.0;Navamorcuende;Total;Total habitantes;Personas.
DPOP1600;38.0;Navaquesera;Total;Total habitantes;Personas.
DPOP3028;6276.0;Navarcles;Total;Total habitantes;Personas.
DPOP24142;35.0;Navardún;Total;Total habitantes;Personas.
DPOP18037;58.0;Navares de Ayuso;Total;Total habitantes;Personas.
DPOP18040;90.0;Navares de Enmedio;Total;Total habitantes;Personas.
DPOP18043;22.0;Navares de las Cuevas;Total;Total habitantes;Personas.
DPOP94;192.0;Navaridas;Total;Total habitantes;Personas.
DPOP1603;451.0;Navarredonda de Gredos;Total;Total habitantes;Personas.
DPOP16720;153.0;Navarredonda de la Rinconada;Total;Total habitantes;Personas.
DPOP13207;163.0;Navarredonda y San Mamés;Total;Total habitantes;Personas.
DPOP1606;146.0;Navarredondilla;Total;Total habitantes;Personas.
DPOP21583;3027.0;Navarrés;Total;Total habitantes;Personas.
DPOP12499;3061.0;Navarrete;Total;Total habitantes;Personas.
DPOP1609;281.0;Navarrevisca;Total;Total habitantes;Personas.
DPOP3031;6238.0;Navàs;Total;Total habitantes;Personas.
DPOP4081;24.0;Navas de Bureba;Total;Total habitantes;Personas.
DPOP6046;269.0;Navas de Estena;Total;Total habitantes;Personas.
DPOP9076;37.0;Navas de Jadraque, Las;Total;Total habitantes;Personas.
DPOP322;521.0;Navas de Jorquera;Total;Total habitantes;Personas.
DPOP18496;1501.0;Navas de la Concepción, Las;Total;Total habitantes;Personas.
DPOP18046;1305.0;Navas de Oro;Total;Total habitantes;Personas.
DPOP18289;430.0;Navas de Riofrío;Total;Total habitantes;Personas.
DPOP18049;368.0;Navas de San Antonio;Total;Total habitantes;Personas.
DPOP10741;4345.0;Navas de San Juan;Total;Total habitantes;Personas.
DPOP5056;1254.0;Navas del Madroño;Total;Total habitantes;Personas.
DPOP1612;5670.0;Navas del Marqués, Las;Total;Total habitantes;Personas.
DPOP13210;3420.0;Navas del Rey;Total;Total habitantes;Personas.
DPOP14446;114.0;Navascués/Nabaskoze;Total;Total habitantes;Personas.
DPOP16723;365.0;Navasfrías;Total;Total habitantes;Personas.
DPOP7717;1507.0;Navata;Total;Total habitantes;Personas.
DPOP1615;230.0;Navatalgordo;Total;Total habitantes;Personas.
DPOP1618;48.0;Navatejares;Total;Total habitantes;Personas.
DPOP11881;292.0;Navès;Total;Total habitantes;Personas.
DPOP5059;668.0;Navezuelas;Total;Total habitantes;Personas.
DPOP15124;8031.0;Navia;Total;Total habitantes;Personas.
DPOP12820;971.0;Navia de Suarna;Total;Total habitantes;Personas.
DPOP23236;157.0;Navianos de Valverde;Total;Total habitantes;Personas.
DPOP14449;40.0;Nazar;Total;Total habitantes;Personas.
DPOP4084;50.0;Nebreda;Total;Total habitantes;Personas.
DPOP6568;4925.0;Neda;Total;Total habitantes;Personas.
DPOP9079;12.0;Negredo;Total;Total habitantes;Personas.
DPOP6571;6969.0;Negreira;Total;Total habitantes;Personas.
DPOP16726;78.0;Negrilla de Palencia;Total;Total habitantes;Personas.
DPOP12823;236.0;Negueira de Muñiz;Total;Total habitantes;Personas.
DPOP4087;113.0;Neila;Total;Total habitantes;Personas.
DPOP1621;66.0;Neila de San Miguel;Total;Total habitantes;Personas.
DPOP18949;49.0;Nepas;Total;Total habitantes;Personas.
DPOP13687;22132.0;Nerja;Total;Total habitantes;Personas.
DPOP325;1136.0;Nerpio;Total;Total habitantes;Personas.
DPOP9871;5087.0;Nerva;Total;Total habitantes;Personas.
DPOP12502;85.0;Nestares;Total;Total habitantes;Personas.
DPOP8548;1086.0;Nevada;Total;Total habitantes;Personas.
DPOP16021;3657.0;Neves, As;Total;Total habitantes;Personas.
DPOP9874;4268.0;Niebla;Total;Total habitantes;Personas.
DPOP18052;256.0;Nieva;Total;Total habitantes;Personas.
DPOP12505;87.0;Nieva de Cameros;Total;Total habitantes;Personas.
DPOP16024;18174.0;Nigrán;Total;Total habitantes;Personas.
DPOP8413;1229.0;Nigüelas;Total;Total habitantes;Personas.
DPOP24145;58.0;Nigüella;Total;Total habitantes;Personas.
DPOP1624;167.0;Niharra;Total;Total habitantes;Personas.
DPOP1039;33319.0;Níjar;Total;Total habitantes;Personas.
DPOP8416;1093.0;Nívar;Total;Total habitantes;Personas.
DPOP14167;8486.0;Valle de Elorz/Elortzibar;Total;Total habitantes;Personas.
DPOP10744;1721.0;Noalejo;Total;Total habitantes;Personas.
DPOP20773;3998.0;Noblejas;Total;Total habitantes;Personas.
DPOP11143;603.0;Noceda del Bierzo;Total;Total habitantes;Personas.
DPOP20776;1058.0;Noez;Total;Total habitantes;Personas.
DPOP12826;914.0;Nogais, As;Total;Total habitantes;Personas.
DPOP15505;46.0;Nogal de las Huertas;Total;Total habitantes;Personas.
DPOP2185;632.0;Nogales;Total;Total habitantes;Personas.
DPOP14878;2074.0;Nogueira de Ramuín;Total;Total habitantes;Personas.
DPOP20152;131.0;Noguera de Albarracín;Total;Total habitantes;Personas.
DPOP20155;36.0;Nogueras;Total;Total habitantes;Personas.
DPOP20158;188.0;Nogueruelas;Total;Total habitantes;Personas.
DPOP6574;14123.0;Noia;Total;Total habitantes;Personas.
DPOP17500;2661.0;Noja;Total;Total habitantes;Personas.
DPOP18952;45.0;Nolay;Total;Total habitantes;Personas.
DPOP20779;904.0;Nombela;Total;Total habitantes;Personas.
DPOP24148;40.0;Nombrevilla;Total;Total habitantes;Personas.
DPOP24151;997.0;Nonaspe;Total;Total habitantes;Personas.
DPOP15127;5131.0;Noreña;Total;Total habitantes;Personas.
DPOP3034;163.0;Nou de Berguedà, La;Total;Total habitantes;Personas.
DPOP19456;603.0;Nou de Gaià, La;Total;Total habitantes;Personas.
DPOP10324;154.0;Novales;Total;Total habitantes;Personas.
DPOP24154;859.0;Novallas;Total;Total habitantes;Personas.
DPOP700;26606.0;Novelda;Total;Total habitantes;Personas.
DPOP21586;872.0;Novetlè;Total;Total habitantes;Personas.
DPOP20782;3564.0;Novés;Total;Total habitantes;Personas.
DPOP18955;156.0;Noviercas;Total;Total habitantes;Personas.
DPOP24157;508.0;Novillas;Total;Total habitantes;Personas.
DPOP703;19121.0;Nucia, la;Total;Total habitantes;Personas.
DPOP10327;568.0;Nueno;Total;Total habitantes;Personas.
DPOP6313;5235.0;Nueva Carteya;Total;Total habitantes;Personas.
DPOP22147;265.0;Nueva Villa de las Torres;Total;Total habitantes;Personas.
DPOP24160;318.0;Nuévalos;Total;Total habitantes;Personas.
DPOP13213;7429.0;Nuevo Baztán;Total;Total habitantes;Personas.
DPOP24163;886.0;Nuez de Ebro;Total;Total habitantes;Personas.
DPOP5680;14315.0;Nules;Total;Total habitantes;Personas.
DPOP19459;551.0;Nulles;Total;Total habitantes;Personas.
DPOP20785;5674.0;Numancia de la Sagra;Total;Total habitantes;Personas.
DPOP20788;178.0;Nuño Gómez;Total;Total habitantes;Personas.
DPOP5062;1196.0;Nuñomoral;Total;Total habitantes;Personas.
DPOP14452;924.0;Obanos;Total;Total habitantes;Personas.
DPOP6316;2101.0;Obejo;Total;Total habitantes;Personas.
DPOP20161;35.0;Obón;Total;Total habitantes;Personas.
DPOP20791;15560.0;Ocaña;Total;Total habitantes;Personas.
DPOP9082;15.0;Ocentejo;Total;Total habitantes;Personas.
DPOP14458;492.0;Ochagavía/Otsagabia;Total;Total habitantes;Personas.
DPOP12511;78.0;Ochánduri;Total;Total habitantes;Personas.
DPOP14455;65.0;Oco;Total;Total habitantes;Personas.
DPOP12508;312.0;Ocón;Total;Total habitantes;Personas.
DPOP11884;231.0;Odèn;Total;Total habitantes;Personas.
DPOP3037;3760.0;Òdena;Total;Total habitantes;Personas.
DPOP14461;367.0;Odieta;Total;Total habitantes;Personas.
DPOP20164;191.0;Odón;Total;Total habitantes;Personas.
DPOP11146;267.0;Oencia;Total;Total habitantes;Personas.
DPOP7720;222.0;Ogassa;Total;Total habitantes;Personas.
DPOP8419;15239.0;Ogíjares;Total;Total habitantes;Personas.
DPOP1042;553.0;Ohanes;Total;Total habitantes;Personas.
DPOP16027;3062.0;Oia;Total;Total habitantes;Personas.
DPOP9637;10480.0;Oiartzun;Total;Total habitantes;Personas.
DPOP14881;1689.0;Oímbra;Total;Total habitantes;Personas.
DPOP14464;129.0;Oiz;Total;Total habitantes;Personas.
DPOP12514;199.0;Ojacastro;Total;Total habitantes;Personas.
DPOP13690;4755.0;Ojén;Total;Total habitantes;Personas.
DPOP13858;548.0;Ojós;Total;Total habitantes;Personas.
DPOP20167;321.0;Ojos Negros;Total;Total habitantes;Personas.
DPOP1627;89.0;Ojos-Albos;Total;Total habitantes;Personas.
DPOP97;1184.0;Okondo;Total;Total habitantes;Personas.
DPOP9622;938.0;Olaberria;Total;Total habitantes;Personas.
DPOP14467;399.0;Olaibar;Total;Total habitantes;Personas.
DPOP14470;1444.0;Olazti/Olazagutía;Total;Total habitantes;Personas.
DPOP20170;286.0;Olba;Total;Total habitantes;Personas.
DPOP15508;38.0;Olea de Boedo;Total;Total habitantes;Personas.
DPOP6577;38793.0;Oleiros;Total;Total habitantes;Personas.
DPOP14473;49.0;Olejua;Total;Total habitantes;Personas.
DPOP3043;3945.0;Olèrdola;Total;Total habitantes;Personas.
DPOP3046;2135.0;Olesa de Bonesvalls;Total;Total habitantes;Personas.
DPOP3049;24966.0;Olesa de Montserrat;Total;Total habitantes;Personas.
DPOP11887;1874.0;Oliana;Total;Total habitantes;Personas.
DPOP20794;9174.0;Olías del Rey;Total;Total habitantes;Personas.
DPOP20173;351.0;Oliete;Total;Total habitantes;Personas.
DPOP11890;192.0;Oliola;Total;Total habitantes;Personas.
DPOP14476;4069.0;Olite/Erriberri;Total;Total habitantes;Personas.
DPOP11893;990.0;Olius;Total;Total habitantes;Personas.
DPOP21589;26813.0;Oliva;Total;Total habitantes;Personas.
DPOP2188;4907.0;Oliva de la Frontera;Total;Total habitantes;Personas.
DPOP2191;1660.0;Oliva de Mérida;Total;Total habitantes;Personas.
DPOP5065;290.0;Oliva de Plasencia;Total;Total habitantes;Personas.
DPOP15856;30022.0;Oliva, La;Total;Total habitantes;Personas.
DPOP9085;68.0;Olivar, El;Total;Total habitantes;Personas.
DPOP18499;9537.0;Olivares;Total;Total habitantes;Personas.
DPOP22150;328.0;Olivares de Duero;Total;Total habitantes;Personas.
DPOP7054;290.0;Olivares de Júcar;Total;Total habitantes;Personas.
DPOP3052;4435.0;Olivella;Total;Total habitantes;Personas.
DPOP2194;11789.0;Olivenza;Total;Total habitantes;Personas.
DPOP12517;319.0;Ollauri;Total;Total habitantes;Personas.
DPOP21595;8818.0;Olleria, l';Total;Total habitantes;Personas.
DPOP9088;56.0;Olmeda de Cobeta;Total;Total habitantes;Personas.
DPOP9091;18.0;Olmeda de Jadraque, La;Total;Total habitantes;Personas.
DPOP7057;16.0;Olmeda de la Cuesta;Total;Total habitantes;Personas.
DPOP13216;429.0;Olmeda de las Fuentes;Total;Total habitantes;Personas.
DPOP7060;129.0;Olmeda del Rey;Total;Total habitantes;Personas.
DPOP7063;128.0;Olmedilla de Alarcón;Total;Total habitantes;Personas.
DPOP7066;20.0;Olmedilla de Eliz;Total;Total habitantes;Personas.
DPOP4090;188.0;Olmedillo de Roa;Total;Total habitantes;Personas.
DPOP22153;3592.0;Olmedo;Total;Total habitantes;Personas.
DPOP16729;87.0;Olmedo de Camaces;Total;Total habitantes;Personas.
DPOP23239;182.0;Olmillos de Castro;Total;Total habitantes;Personas.
DPOP4093;38.0;Olmillos de Muñó;Total;Total habitantes;Personas.
DPOP22156;187.0;Olmos de Esgueva;Total;Total habitantes;Personas.
DPOP15511;166.0;Olmos de Ojeda;Total;Total habitantes;Personas.
DPOP22159;35.0;Olmos de Peñafiel;Total;Total habitantes;Personas.
DPOP20176;111.0;Olmos, Los;Total;Total habitantes;Personas.
DPOP21592;2534.0;Olocau;Total;Total habitantes;Personas.
DPOP5683;135.0;Olocau del Rey;Total;Total habitantes;Personas.
DPOP18055;490.0;Olombrada;Total;Total habitantes;Personas.
DPOP14479;210.0;Olóriz/Oloritz;Total;Total habitantes;Personas.
DPOP3055;1209.0;Olost;Total;Total habitantes;Personas.
DPOP7723;39519.0;Olot;Total;Total habitantes;Personas.
DPOP11896;167.0;Oluges, Les;Total;Total habitantes;Personas.
DPOP1045;175.0;Olula de Castro;Total;Total habitantes;Personas.
DPOP1048;6506.0;Olula del Río;Total;Total habitantes;Personas.
DPOP3040;924.0;Olvan;Total;Total habitantes;Personas.
DPOP18958;3782.0;Ólvega;Total;Total habitantes;Personas.
DPOP10330;63.0;Olvena;Total;Total habitantes;Personas.
DPOP5392;7842.0;Olvera;Total;Total habitantes;Personas.
DPOP24166;107.0;Olvés;Total;Total habitantes;Personas.
DPOP11149;267.0;Omañas, Las;Total;Total habitantes;Personas.
DPOP11899;187.0;Omellons, Els;Total;Total habitantes;Personas.
DPOP11902;126.0;Omells de na Gaia, Els;Total;Total habitantes;Personas.
DPOP18961;61.0;Oncala;Total;Total habitantes;Personas.
DPOP5686;26190.0;Onda;Total;Total habitantes;Personas.
DPOP706;7717.0;Ondara;Total;Total habitantes;Personas.
DPOP22741;8060.0;Ondarroa;Total;Total habitantes;Personas.
DPOP709;8114.0;Onil;Total;Total habitantes;Personas.
DPOP15130;739.0;Onís;Total;Total habitantes;Personas.
DPOP20797;5101.0;Ontígola;Total;Total habitantes;Personas.
DPOP21598;37012.0;Ontinyent;Total;Total habitantes;Personas.
DPOP10333;502.0;Ontiñena;Total;Total habitantes;Personas.
DPOP328;1895.0;Ontur;Total;Total habitantes;Personas.
DPOP11152;1974.0;Onzonilla;Total;Total habitantes;Personas.
DPOP4096;938.0;Oña;Total;Total habitantes;Personas.
DPOP9625;11480.0;Oñati;Total;Total habitantes;Personas.
DPOP4099;52.0;Oquillas;Total;Total habitantes;Personas.
DPOP712;2399.0;Orba;Total;Total habitantes;Personas.
DPOP16732;177.0;Orbada, La;Total;Total habitantes;Personas.
DPOP14488;186.0;Orbaizeta;Total;Total habitantes;Personas.
DPOP4102;341.0;Orbaneja Riopico;Total;Total habitantes;Personas.
DPOP14491;28.0;Orbara;Total;Total habitantes;Personas.
DPOP1630;70.0;Orbita;Total;Total habitantes;Personas.
DPOP24169;65.0;Orcajo;Total;Total habitantes;Personas.
DPOP8422;1116.0;Orce;Total;Total habitantes;Personas.
DPOP10747;1715.0;Orcera;Total;Total habitantes;Personas.
DPOP6580;12990.0;Ordes;Total;Total habitantes;Personas.
DPOP9094;45.0;Ordial, El;Total;Total habitantes;Personas.
DPOP7726;409.0;Ordis;Total;Total habitantes;Personas.
DPOP9676;10815.0;Ordizia;Total;Total habitantes;Personas.
DPOP9097;191.0;Orea;Total;Total habitantes;Personas.
DPOP18058;61.0;Orejana;Total;Total habitantes;Personas.
DPOP2197;250.0;Orellana de la Sierra;Total;Total habitantes;Personas.
DPOP2200;2580.0;Orellana la Vieja;Total;Total habitantes;Personas.
DPOP9706;245.0;Orendain;Total;Total habitantes;Personas.
DPOP24172;103.0;Orera;Total;Total habitantes;Personas.
DPOP24175;72.0;Orés;Total;Total habitantes;Personas.
DPOP9628;103.0;Orexa;Total;Total habitantes;Personas.
DPOP11905;853.0;Organyà;Total;Total habitantes;Personas.
DPOP20800;2639.0;Orgaz;Total;Total habitantes;Personas.
DPOP8425;5728.0;Órgiva;Total;Total habitantes;Personas.
DPOP1051;2219.0;Oria;Total;Total habitantes;Personas.
DPOP718;84560.0;Orihuela;Total;Total habitantes;Personas.
DPOP20179;450.0;Orihuela del Tremedal;Total;Total habitantes;Personas.
DPOP9631;6184.0;Orio;Total;Total habitantes;Personas.
DPOP3058;355.0;Orís;Total;Total habitantes;Personas.
DPOP14494;72.0;Orísoain;Total;Total habitantes;Personas.
DPOP3061;555.0;Oristà;Total;Total habitantes;Personas.
DPOP14713;4098.0;Orkoien;Total;Total habitantes;Personas.
DPOP9634;1293.0;Ormaiztegi;Total;Total habitantes;Personas.
DPOP14497;51.0;Oronz/Orontze;Total;Total habitantes;Personas.
DPOP20803;2587.0;Oropesa;Total;Total habitantes;Personas.
DPOP5689;12640.0;Orpesa/Oropesa del Mar;Total;Total habitantes;Personas.
DPOP6583;7776.0;Oroso;Total;Total habitantes;Personas.
DPOP17275;42514.0;Orotava, La;Total;Total habitantes;Personas.
DPOP14500;143.0;Oroz-Betelu/Orotz-Betelu;Total;Total habitantes;Personas.
DPOP22747;2666.0;Orozko;Total;Total habitantes;Personas.
DPOP3064;175.0;Orpí;Total;Total habitantes;Personas.
DPOP14536;25.0;Orreaga/Roncesvalles;Total;Total habitantes;Personas.
DPOP20182;112.0;Orrios;Total;Total habitantes;Personas.
DPOP3067;812.0;Òrrius;Total;Total habitantes;Personas.
DPOP12520;214.0;Ortigosa de Cameros;Total;Total habitantes;Personas.
DPOP18061;51.0;Ortigosa de Pestaño;Total;Total habitantes;Personas.
DPOP18280;608.0;Ortigosa del Monte;Total;Total habitantes;Personas.
DPOP6586;5384.0;Ortigueira;Total;Total habitantes;Personas.
DPOP22771;8735.0;Ortuella;Total;Total habitantes;Personas.
DPOP13219;1531.0;Orusco de Tajuña;Total;Total habitantes;Personas.
DPOP715;906.0;Orxeta;Total;Total habitantes;Personas.
DPOP11908;1088.0;Os de Balaguer;Total;Total habitantes;Personas.
DPOP7069;450.0;Osa de la Vega;Total;Total habitantes;Personas.
DPOP24178;43.0;Oseja;Total;Total habitantes;Personas.
DPOP11155;214.0;Oseja de Sajambre;Total;Total habitantes;Personas.
DPOP24181;442.0;Osera de Ebro;Total;Total habitantes;Personas.
DPOP1633;125.0;Oso, El;Total;Total habitantes;Personas.
DPOP7729;430.0;Osor;Total;Total habitantes;Personas.
DPOP15514;57.0;Osornillo;Total;Total habitantes;Personas.
DPOP15802;1180.0;Osorno la Mayor;Total;Total habitantes;Personas.
DPOP331;2233.0;Ossa de Montiel;Total;Total habitantes;Personas.
DPOP10336;644.0;Osso de Cinca;Total;Total habitantes;Personas.
DPOP11911;198.0;Ossó de Sió;Total;Total habitantes;Personas.
DPOP18502;17396.0;Osuna;Total;Total habitantes;Personas.
DPOP14503;972.0;Oteiza;Total;Total habitantes;Personas.
DPOP20806;436.0;Otero;Total;Total habitantes;Personas.
DPOP23242;164.0;Otero de Bodas;Total;Total habitantes;Personas.
DPOP18064;987.0;Otero de Herreros;Total;Total habitantes;Personas.
DPOP8428;1011.0;Otívar;Total;Total habitantes;Personas.
DPOP21601;442.0;Otos;Total;Total habitantes;Personas.
DPOP22738;1322.0;Otxandio;Total;Total habitantes;Personas.
DPOP14884;105769.0;Ourense;Total;Total habitantes;Personas.
DPOP12829;965.0;Ourol;Total;Total habitantes;Personas.
DPOP12832;5420.0;Outeiro de Rei;Total;Total habitantes;Personas.
DPOP6589;5998.0;Outes;Total;Total habitantes;Personas.
DPOP15133;223968.0;Oviedo;Total;Total habitantes;Personas.
DPOP100;3476.0;Oyón-Oion;Total;Total habitantes;Personas.
DPOP37196;5159.0;Oza-Cesuras;Total;Total habitantes;Personas.
DPOP3070;932.0;Pacs del Penedès;Total;Total habitantes;Personas.
DPOP6595;2450.0;Paderne;Total;Total habitantes;Personas.
DPOP14887;1346.0;Paderne de Allariz;Total;Total habitantes;Personas.
DPOP1636;277.0;Padiernos;Total;Total habitantes;Personas.
DPOP4105;71.0;Padilla de Abajo;Total;Total habitantes;Personas.
DPOP4108;86.0;Padilla de Arriba;Total;Total habitantes;Personas.
DPOP14890;1555.0;Padrenda;Total;Total habitantes;Personas.
DPOP6598;8334.0;Padrón;Total;Total habitantes;Personas.
DPOP4111;49.0;Padrones de Bureba;Total;Total habitantes;Personas.
DPOP8434;9667.0;Padul;Total;Total habitantes;Personas.
DPOP1054;438.0;Padules;Total;Total habitantes;Personas.
DPOP21604;28136.0;Paiporta;Total;Total habitantes;Personas.
DPOP15859;21570.0;Pájara;Total;Total habitantes;Personas.
DPOP18067;22.0;Pajarejos;Total;Total habitantes;Personas.
DPOP1639;123.0;Pajares de Adaja;Total;Total habitantes;Personas.
DPOP16735;110.0;Pajares de la Laguna;Total;Total habitantes;Personas.
DPOP23245;282.0;Pajares de la Lampreana;Total;Total habitantes;Personas.
DPOP11158;245.0;Pajares de los Oteros;Total;Total habitantes;Personas.
DPOP7072;71.0;Pajarón;Total;Total habitantes;Personas.
DPOP7075;59.0;Pajaroncillo;Total;Total habitantes;Personas.
DPOP1642;396.0;Palacios de Goda;Total;Total habitantes;Personas.
DPOP4114;662.0;Palacios de la Sierra;Total;Total habitantes;Personas.
DPOP11161;341.0;Palacios de la Valduerna;Total;Total habitantes;Personas.
DPOP4117;19.0;Palacios de Riopisuerga;Total;Total habitantes;Personas.
DPOP23251;233.0;Palacios de Sanabria;Total;Total habitantes;Personas.
DPOP16738;141.0;Palacios del Arzobispo;Total;Total habitantes;Personas.
DPOP23248;249.0;Palacios del Pan;Total;Total habitantes;Personas.
DPOP11164;862.0;Palacios del Sil;Total;Total habitantes;Personas.
DPOP18505;38761.0;Palacios y Villafranca, Los;Total;Total habitantes;Personas.
DPOP16741;283.0;Palaciosrubios;Total;Total habitantes;Personas.
DPOP3073;10038.0;Palafolls;Total;Total habitantes;Personas.
DPOP7732;24543.0;Palafrugell;Total;Total habitantes;Personas.
DPOP7735;18933.0;Palamós;Total;Total habitantes;Personas.
DPOP5692;34.0;Palanques;Total;Total habitantes;Personas.
DPOP12835;3227.0;Palas de Rei;Total;Total habitantes;Personas.
DPOP11914;2232.0;Palau d'Anglesola, El;Total;Total habitantes;Personas.
DPOP7738;124.0;Palau de Santa Eulàlia;Total;Total habitantes;Personas.
DPOP7744;311.0;Palau-sator;Total;Total habitantes;Personas.
DPOP7741;1535.0;Palau-saverdera;Total;Total habitantes;Personas.
DPOP3076;15614.0;Palau-solità i Plegamans;Total;Total habitantes;Personas.
DPOP22162;164.0;Palazuelo de Vedija;Total;Total habitantes;Personas.
DPOP18070;6107.0;Palazuelos de Eresma;Total;Total habitantes;Personas.
DPOP4120;95.0;Palazuelos de la Sierra;Total;Total habitantes;Personas.
DPOP4123;52.0;Palazuelos de Muñó;Total;Total habitantes;Personas.
DPOP15517;77466.0;Palencia;Total;Total habitantes;Personas.
DPOP16744;140.0;Palencia de Negrilla;Total;Total habitantes;Personas.
DPOP6319;1431.0;Palenciana;Total;Total habitantes;Personas.
DPOP15520;212.0;Palenzuela;Total;Total habitantes;Personas.
DPOP19465;5028.0;Pallaresos, Els;Total;Total habitantes;Personas.
DPOP3079;12006.0;Pallejà;Total;Total habitantes;Personas.
DPOP2524;434786.0;Palma;Total;Total habitantes;Personas.
DPOP3541;3056.0;Palma de Cervelló, La;Total;Total habitantes;Personas.
DPOP21607;1897.0;Palma de Gandía;Total;Total habitantes;Personas.
DPOP19462;333.0;Palma d'Ebre, La;Total;Total habitantes;Personas.
DPOP9877;10841.0;Palma del Condado, La;Total;Total habitantes;Personas.
DPOP6322;20438.0;Palma del Río;Total;Total habitantes;Personas.
DPOP9100;54.0;Pálmaces de Jadraque;Total;Total habitantes;Personas.
DPOP61934;2301.0;Palmar de Troya, El;Total;Total habitantes;Personas.
DPOP15862;381868.0;Palmas de Gran Canaria, Las;Total;Total habitantes;Personas.
DPOP21610;1038.0;Palmera;Total;Total habitantes;Personas.
DPOP10339;31.0;Palo;Total;Total habitantes;Personas.
DPOP7750;459.0;Palol de Revardit;Total;Total habitantes;Personas.
DPOP20185;166.0;Palomar de Arroyos;Total;Total habitantes;Personas.
DPOP21613;593.0;Palomar, el;Total;Total habitantes;Personas.
DPOP7078;556.0;Palomares del Campo;Total;Total habitantes;Personas.
DPOP18508;9421.0;Palomares del Río;Total;Total habitantes;Personas.
DPOP2203;651.0;Palomas;Total;Total habitantes;Personas.
DPOP20809;1213.0;Palomeque;Total;Total habitantes;Personas.
DPOP7081;187.0;Palomera;Total;Total habitantes;Personas.
DPOP5068;450.0;Palomero;Total;Total habitantes;Personas.
DPOP9880;12938.0;Palos de la Frontera;Total;Total habitantes;Personas.
DPOP7753;2534.0;Pals;Total;Total habitantes;Personas.
DPOP8437;312.0;Pampaneira;Total;Total habitantes;Personas.
DPOP4126;281.0;Pampliega;Total;Total habitantes;Personas.
DPOP14506;209094.0;Pamplona/Iruña;Total;Total habitantes;Personas.
DPOP4129;431.0;Pancorbo;Total;Total habitantes;Personas.
DPOP20188;118.0;Pancrudo;Total;Total habitantes;Personas.
DPOP24184;574.0;Paniza;Total;Total habitantes;Personas.
DPOP10342;910.0;Panticosa;Total;Total habitantes;Personas.
DPOP20812;3536.0;Pantoja;Total;Total habitantes;Personas.
DPOP12838;2350.0;Pantón;Total;Total habitantes;Personas.
DPOP1645;215.0;Papatrigo;Total;Total habitantes;Personas.
DPOP3082;4404.0;Papiol, El;Total;Total habitantes;Personas.
DPOP7084;105.0;Paracuellos;Total;Total habitantes;Personas.
DPOP13222;27650.0;Paracuellos de Jarama;Total;Total habitantes;Personas.
DPOP24187;610.0;Paracuellos de Jiloca;Total;Total habitantes;Personas.
DPOP24190;111.0;Paracuellos de la Ribera;Total;Total habitantes;Personas.
DPOP16747;264.0;Parada de Arriba;Total;Total habitantes;Personas.
DPOP16750;237.0;Parada de Rubiales;Total;Total habitantes;Personas.
DPOP14893;500.0;Parada de Sil;Total;Total habitantes;Personas.
DPOP18511;6762.0;Paradas;Total;Total habitantes;Personas.
DPOP12841;1557.0;Paradela;Total;Total habitantes;Personas.
DPOP16753;380.0;Paradinas de San Juan;Total;Total habitantes;Personas.
DPOP15523;103.0;Páramo de Boedo;Total;Total habitantes;Personas.
DPOP11167;1141.0;Páramo del Sil;Total;Total habitantes;Personas.
DPOP12844;1265.0;Páramo, O;Total;Total habitantes;Personas.
DPOP13693;271.0;Parauta;Total;Total habitantes;Personas.
DPOP721;1037.0;Parcent;Total;Total habitantes;Personas.
DPOP4132;109.0;Pardilla;Total;Total habitantes;Personas.
DPOP7756;168.0;Pardines;Total;Total habitantes;Personas.
DPOP9103;33.0;Pardos;Total;Total habitantes;Personas.
DPOP7087;61.0;Paredes;Total;Total habitantes;Personas.
DPOP20815;133.0;Paredes de Escalona;Total;Total habitantes;Personas.
DPOP15526;1927.0;Paredes de Nava;Total;Total habitantes;Personas.
DPOP9106;21.0;Paredes de Sigüenza;Total;Total habitantes;Personas.
DPOP9109;493.0;Pareja;Total;Total habitantes;Personas.
DPOP3085;18885.0;Parets del Vallès;Total;Total habitantes;Personas.
DPOP13225;137471.0;Parla;Total;Total habitantes;Personas.
DPOP7759;432.0;Parlavà;Total;Total habitantes;Personas.
DPOP7090;36.0;Parra de las Vegas, La;Total;Total habitantes;Personas.
DPOP2206;1297.0;Parra, La;Total;Total habitantes;Personas.
DPOP1648;64.0;Parral, El;Total;Total habitantes;Personas.
DPOP20191;61.0;Parras de Castellote, Las;Total;Total habitantes;Personas.
DPOP15136;5150.0;Parres;Total;Total habitantes;Personas.
DPOP22165;471.0;Parrilla, La;Total;Total habitantes;Personas.
DPOP20818;323.0;Parrillas;Total;Total habitantes;Personas.
DPOP1057;836.0;Partaloa;Total;Total habitantes;Personas.
DPOP4135;75.0;Partido de la Sierra en Tobalina;Total;Total habitantes;Personas.
DPOP9640;15820.0;Pasaia;Total;Total habitantes;Personas.
DPOP5071;588.0;Pasarón de la Vera;Total;Total habitantes;Personas.
DPOP1651;38.0;Pascualcobo;Total;Total habitantes;Personas.
DPOP17278;8290.0;Paso, El;Total;Total habitantes;Personas.
DPOP19468;149.0;Passanant i Belltall;Total;Total habitantes;Personas.
DPOP16756;52.0;Pastores;Total;Total habitantes;Personas.
DPOP12847;2794.0;Pastoriza, A;Total;Total habitantes;Personas.
DPOP9112;971.0;Pastrana;Total;Total habitantes;Personas.
DPOP24193;1316.0;Pastriz;Total;Total habitantes;Personas.
DPOP21616;76019.0;Paterna;Total;Total habitantes;Personas.
DPOP5395;5539.0;Paterna de Rivera;Total;Total habitantes;Personas.
DPOP9883;3382.0;Paterna del Campo;Total;Total habitantes;Personas.
DPOP334;328.0;Paterna del Madera;Total;Total habitantes;Personas.
DPOP1060;399.0;Paterna del Río;Total;Total habitantes;Personas.
DPOP13228;617.0;Patones;Total;Total habitantes;Personas.
DPOP7762;560.0;Pau;Total;Total habitantes;Personas.
DPOP19471;558.0;Paüls;Total;Total habitantes;Personas.
DPOP5695;72.0;Pavías;Total;Total habitantes;Personas.
DPOP9886;1132.0;Paymogo;Total;Total habitantes;Personas.
DPOP15529;59.0;Payo de Ojeda;Total;Total habitantes;Personas.
DPOP16759;302.0;Payo, El;Total;Total habitantes;Personas.
DPOP16030;3046.0;Pazos de Borbén;Total;Total habitantes;Personas.
DPOP12523;24.0;Pazuengos;Total;Total habitantes;Personas.
DPOP10750;5290.0;Peal de Becerro;Total;Total habitantes;Personas.
DPOP1063;4552.0;Pechina;Total;Total habitantes;Personas.
DPOP7093;1113.0;Pedernoso, El;Total;Total habitantes;Personas.
DPOP12850;868.0;Pedrafita do Cebreiro;Total;Total habitantes;Personas.
DPOP22168;1186.0;Pedraja de Portillo, La;Total;Total habitantes;Personas.
DPOP22171;3434.0;Pedrajas de San Esteban;Total;Total habitantes;Personas.
DPOP21619;3225.0;Pedralba;Total;Total habitantes;Personas.
DPOP23254;198.0;Pedralba de la Pradería;Total;Total habitantes;Personas.
DPOP18073;335.0;Pedraza;Total;Total habitantes;Personas.
DPOP16762;214.0;Pedraza de Alba;Total;Total habitantes;Personas.
DPOP15532;73.0;Pedraza de Campos;Total;Total habitantes;Personas.
DPOP9115;60.0;Pedregal, El;Total;Total habitantes;Personas.
DPOP724;8849.0;Pedreguer;Total;Total habitantes;Personas.
DPOP18514;5057.0;Pedrera;Total;Total habitantes;Personas.
DPOP7765;208.0;Pedret i Marzà;Total;Total habitantes;Personas.
DPOP13231;6606.0;Pedrezuela;Total;Total habitantes;Personas.
DPOP6325;2794.0;Pedro Abad;Total;Total habitantes;Personas.
DPOP1654;743.0;Pedro Bernardo;Total;Total habitantes;Personas.
DPOP8440;1166.0;Pedro Martínez;Total;Total habitantes;Personas.
DPOP6049;7585.0;Pedro Muñoz;Total;Total habitantes;Personas.
DPOP6328;1441.0;Pedroche;Total;Total habitantes;Personas.
DPOP24196;3842.0;Pedrola;Total;Total habitantes;Personas.
DPOP7096;6416.0;Pedroñeras, Las;Total;Total habitantes;Personas.
DPOP1657;131.0;Pedro-Rodríguez;Total;Total habitantes;Personas.
DPOP4138;458.0;Pedrosa de Duero;Total;Total habitantes;Personas.
DPOP15535;277.0;Pedrosa de la Vega;Total;Total habitantes;Personas.
DPOP4147;262.0;Pedrosa de Río Úrbel;Total;Total habitantes;Personas.
DPOP4141;88.0;Pedrosa del Páramo;Total;Total habitantes;Personas.
DPOP4144;155.0;Pedrosa del Príncipe;Total;Total habitantes;Personas.
DPOP22174;147.0;Pedrosa del Rey;Total;Total habitantes;Personas.
DPOP24199;118.0;Pedrosas, Las;Total;Total habitantes;Personas.
DPOP16765;123.0;Pedrosillo de Alba;Total;Total habitantes;Personas.
DPOP16768;312.0;Pedrosillo de los Aires;Total;Total habitantes;Personas.
DPOP16771;147.0;Pedrosillo el Ralo;Total;Total habitantes;Personas.
DPOP12526;89.0;Pedroso;Total;Total habitantes;Personas.
DPOP5074;90.0;Pedroso de Acim;Total;Total habitantes;Personas.
DPOP16774;202.0;Pedroso de la Armuña, El;Total;Total habitantes;Personas.
DPOP18517;2062.0;Pedroso, El;Total;Total habitantes;Personas.
DPOP10753;2830.0;Pegalajar;Total;Total habitantes;Personas.
DPOP727;10791.0;Pego;Total;Total habitantes;Personas.
DPOP23257;268.0;Pego, El;Total;Total habitantes;Personas.
DPOP1660;283.0;Peguerinos;Total;Total habitantes;Personas.
DPOP16777;1427.0;Pelabravo;Total;Total habitantes;Personas.
DPOP20821;335.0;Pelahustán;Total;Total habitantes;Personas.
DPOP16780;161.0;Pelarrodríguez;Total;Total habitantes;Personas.
DPOP16783;72.0;Pelayos;Total;Total habitantes;Personas.
DPOP13234;3195.0;Pelayos de la Presa;Total;Total habitantes;Personas.
DPOP18076;45.0;Pelayos del Arroyo;Total;Total habitantes;Personas.
DPOP23260;286.0;Peleagonzalo;Total;Total habitantes;Personas.
DPOP23263;248.0;Peleas de Abajo;Total;Total habitantes;Personas.
DPOP8443;11725.0;Peligros;Total;Total habitantes;Personas.
DPOP17503;2253.0;Penagos;Total;Total habitantes;Personas.
DPOP730;305.0;Penàguila;Total;Total habitantes;Personas.
DPOP11923;431.0;Penelles;Total;Total habitantes;Personas.
DPOP5698;8774.0;Peníscola/Peñíscola;Total;Total habitantes;Personas.
DPOP16786;69.0;Peña, La;Total;Total habitantes;Personas.
DPOP16789;149.0;Peñacaballera;Total;Total habitantes;Personas.
DPOP103;332.0;Peñacerrada-Urizaharra;Total;Total habitantes;Personas.
DPOP22177;5143.0;Peñafiel;Total;Total habitantes;Personas.
DPOP18520;3628.0;Peñaflor;Total;Total habitantes;Personas.
DPOP22180;350.0;Peñaflor de Hornija;Total;Total habitantes;Personas.
DPOP10345;657.0;Peñalba;Total;Total habitantes;Personas.
DPOP1663;104.0;Peñalba de Ávila;Total;Total habitantes;Personas.
DPOP9118;72.0;Peñalén;Total;Total habitantes;Personas.
DPOP2209;805.0;Peñalsordo;Total;Total habitantes;Personas.
DPOP9121;172.0;Peñalver;Total;Total habitantes;Personas.
DPOP15139;500.0;Peñamellera Alta;Total;Total habitantes;Personas.
DPOP15142;1194.0;Peñamellera Baja;Total;Total habitantes;Personas.
DPOP16792;298.0;Peñaparda;Total;Total habitantes;Personas.
DPOP16795;6162.0;Peñaranda de Bracamonte;Total;Total habitantes;Personas.
DPOP4150;470.0;Peñaranda de Duero;Total;Total habitantes;Personas.
DPOP16798;171.0;Peñarandilla;Total;Total habitantes;Personas.
DPOP20194;467.0;Peñarroya de Tastavins;Total;Total habitantes;Personas.
DPOP6331;10244.0;Peñarroya-Pueblonuevo;Total;Total habitantes;Personas.
DPOP17506;301.0;Peñarrubia;Total;Total habitantes;Personas.
DPOP10348;263.0;Peñas de Riglos, Las;Total;Total habitantes;Personas.
DPOP340;1488.0;Peñas de San Pedro;Total;Total habitantes;Personas.
DPOP337;329.0;Peñascosa;Total;Total habitantes;Personas.
DPOP23266;386.0;Peñausende;Total;Total habitantes;Personas.
DPOP20824;3421.0;Pepino;Total;Total habitantes;Personas.
DPOP23269;111.0;Peque;Total;Total habitantes;Personas.
DPOP7768;447.0;Pera, La;Total;Total habitantes;Personas.
DPOP20197;68.0;Peracense;Total;Total habitantes;Personas.
DPOP3088;433.0;Perafita;Total;Total habitantes;Personas.
DPOP19474;1342.0;Perafort;Total;Total habitantes;Personas.
DPOP4153;169.0;Peral de Arlanza;Total;Total habitantes;Personas.
DPOP7099;660.0;Peral, El;Total;Total habitantes;Personas.
DPOP7771;2077.0;Peralada;Total;Total habitantes;Personas.
DPOP5077;1444.0;Peraleda de la Mata;Total;Total habitantes;Personas.
DPOP5080;268.0;Peraleda de San Román;Total;Total habitantes;Personas.
DPOP2212;465.0;Peraleda del Zaucejo;Total;Total habitantes;Personas.
DPOP7102;77.0;Peraleja, La;Total;Total habitantes;Personas.
DPOP20200;89.0;Peralejos;Total;Total habitantes;Personas.
DPOP16801;162.0;Peralejos de Abajo;Total;Total habitantes;Personas.
DPOP16804;38.0;Peralejos de Arriba;Total;Total habitantes;Personas.
DPOP9124;148.0;Peralejos de las Truchas;Total;Total habitantes;Personas.
DPOP15538;112.0;Perales;Total;Total habitantes;Personas.
DPOP13237;3260.0;Perales de Tajuña;Total;Total habitantes;Personas.
DPOP20203;293.0;Perales del Alfambra;Total;Total habitantes;Personas.
DPOP5083;874.0;Perales del Puerto;Total;Total habitantes;Personas.
DPOP10351;576.0;Peralta de Alcofea;Total;Total habitantes;Personas.
DPOP10354;206.0;Peralta de Calasanz;Total;Total habitantes;Personas.
DPOP14509;6071.0;Peralta/Azkoien;Total;Total habitantes;Personas.
DPOP10357;212.0;Peraltilla;Total;Total habitantes;Personas.
DPOP9127;52.0;Peralveche;Total;Total habitantes;Personas.
DPOP11926;339.0;Peramola;Total;Total habitantes;Personas.
DPOP11173;276.0;Peranzanes;Total;Total habitantes;Personas.
DPOP10360;116.0;Perarrúa;Total;Total habitantes;Personas.
DPOP23272;673.0;Perdigón, El;Total;Total habitantes;Personas.
DPOP24202;559.0;Perdiguera;Total;Total habitantes;Personas.
DPOP14896;6794.0;Pereiro de Aguiar, O;Total;Total habitantes;Personas.
DPOP19477;2948.0;Perelló, El;Total;Total habitantes;Personas.
DPOP16807;300.0;Pereña de la Ribera;Total;Total habitantes;Personas.
DPOP23275;499.0;Pereruela;Total;Total habitantes;Personas.
DPOP13696;3367.0;Periana;Total;Total habitantes;Personas.
DPOP23278;150.0;Perilla de Castro;Total;Total habitantes;Personas.
DPOP15811;297.0;Pernía, La;Total;Total habitantes;Personas.
DPOP16810;121.0;Peromingo;Total;Total habitantes;Personas.
DPOP18079;21.0;Perosillo;Total;Total habitantes;Personas.
DPOP14899;1793.0;Peroxa, A;Total;Total habitantes;Personas.
DPOP10363;129.0;Pertusa;Total;Total habitantes;Personas.
DPOP17509;275.0;Pesaguero;Total;Total habitantes;Personas.
DPOP5086;150.0;Pescueza;Total;Total habitantes;Personas.
DPOP5089;950.0;Pesga, La;Total;Total habitantes;Personas.
DPOP15145;134.0;Pesoz;Total;Total habitantes;Personas.
DPOP17512;72.0;Pesquera;Total;Total habitantes;Personas.
DPOP22183;403.0;Pesquera de Duero;Total;Total habitantes;Personas.
DPOP7105;228.0;Pesquera, La;Total;Total habitantes;Personas.
DPOP14512;29.0;Petilla de Aragón;Total;Total habitantes;Personas.
DPOP14902;856.0;Petín;Total;Total habitantes;Personas.
DPOP2527;3231.0;Petra;Total;Total habitantes;Personas.
DPOP733;34022.0;Petrer;Total;Total habitantes;Personas.
DPOP21622;1124.0;Petrés;Total;Total habitantes;Personas.
DPOP343;660.0;Pétrola;Total;Total habitantes;Personas.
DPOP8446;1104.0;Peza, La;Total;Total habitantes;Personas.
DPOP13240;1008.0;Pezuela de las Torres;Total;Total habitantes;Personas.
DPOP23281;91.0;Pías;Total;Total habitantes;Personas.
DPOP21625;11901.0;Picanya;Total;Total habitantes;Personas.
DPOP21628;23202.0;Picassent;Total;Total habitantes;Personas.
DPOP7108;693.0;Picazo, El;Total;Total habitantes;Personas.
DPOP6052;690.0;Picón;Total;Total habitantes;Personas.
DPOP6055;4305.0;Piedrabuena;Total;Total habitantes;Personas.
DPOP1666;1637.0;Piedrahíta;Total;Total habitantes;Personas.
DPOP23284;104.0;Piedrahita de Castro;Total;Total habitantes;Personas.
DPOP1669;2183.0;Piedralaves;Total;Total habitantes;Personas.
DPOP14515;46.0;Piedramillera;Total;Total habitantes;Personas.
DPOP5092;125.0;Piedras Albas;Total;Total habitantes;Personas.
DPOP24205;96.0;Piedratajada;Total;Total habitantes;Personas.
DPOP17515;26901.0;Piélagos;Total;Total habitantes;Personas.
DPOP3091;17880.0;Piera;Total;Total habitantes;Personas.
DPOP4156;43.0;Piérnigas;Total;Total habitantes;Personas.
DPOP841;24316.0;Pilar de la Horadada;Total;Total habitantes;Personas.
DPOP18523;14222.0;Pilas;Total;Total habitantes;Personas.
DPOP21631;3151.0;Piles;Total;Total habitantes;Personas.
DPOP19480;229.0;Piles, Les;Total;Total habitantes;Personas.
DPOP15148;6716.0;Piloña;Total;Total habitantes;Personas.
DPOP24208;2478.0;Pina de Ebro;Total;Total habitantes;Personas.
DPOP5701;121.0;Pina de Montalgrao;Total;Total habitantes;Personas.
DPOP33132;2042.0;Pinar de El Hierro, El;Total;Total habitantes;Personas.
DPOP8569;867.0;Pinar, El;Total;Total habitantes;Personas.
DPOP7111;172.0;Pinarejo;Total;Total habitantes;Personas.
DPOP18082;205.0;Pinarejos;Total;Total habitantes;Personas.
DPOP18085;98.0;Pinarnegrillo;Total;Total habitantes;Personas.
DPOP7114;58.0;Pineda de Gigüela;Total;Total habitantes;Personas.
DPOP4159;92.0;Pineda de la Sierra;Total;Total habitantes;Personas.
DPOP3097;30108.0;Pineda de Mar;Total;Total habitantes;Personas.
DPOP4162;95.0;Pineda Trasmonte;Total;Total habitantes;Personas.
DPOP16813;88.0;Pinedas;Total;Total habitantes;Personas.
DPOP19483;948.0;Pinell de Brai, El;Total;Total habitantes;Personas.
DPOP11929;198.0;Pinell de Solsonès;Total;Total habitantes;Personas.
DPOP21634;156.0;Pinet;Total;Total habitantes;Personas.
DPOP9130;47.0;Pinilla de Jadraque;Total;Total habitantes;Personas.
DPOP4165;100.0;Pinilla de los Barruecos;Total;Total habitantes;Personas.
DPOP4168;30.0;Pinilla de los Moros;Total;Total habitantes;Personas.
DPOP9133;13.0;Pinilla de Molina;Total;Total habitantes;Personas.
DPOP23287;186.0;Pinilla de Toro;Total;Total habitantes;Personas.
DPOP18964;17.0;Pinilla del Campo;Total;Total habitantes;Personas.
DPOP13243;200.0;Pinilla del Valle;Total;Total habitantes;Personas.
DPOP4171;152.0;Pinilla Trasmonte;Total;Total habitantes;Personas.
DPOP12529;18.0;Pinillos;Total;Total habitantes;Personas.
DPOP16816;147.0;Pino de Tormes, El;Total;Total habitantes;Personas.
DPOP23290;173.0;Pino del Oro;Total;Total habitantes;Personas.
DPOP15541;162.0;Pino del Río;Total;Total habitantes;Personas.
DPOP6601;4589.0;Pino, O;Total;Total habitantes;Personas.
DPOP5095;1783.0;Pinofranqueado;Total;Total habitantes;Personas.
DPOP11932;274.0;Pinós;Total;Total habitantes;Personas.
DPOP8449;1642.0;Pinos Genil;Total;Total habitantes;Personas.
DPOP8452;9807.0;Pinos Puente;Total;Total habitantes;Personas.
DPOP736;8523.0;Pinós, el/Pinoso;Total;Total habitantes;Personas.
DPOP24211;4601.0;Pinseque;Total;Total habitantes;Personas.
DPOP24214;37.0;Pintanos, Los;Total;Total habitantes;Personas.
DPOP13246;56651.0;Pinto;Total;Total habitantes;Personas.
DPOP15544;185.0;Piña de Campos;Total;Total habitantes;Personas.
DPOP22186;313.0;Piña de Esgueva;Total;Total habitantes;Personas.
DPOP8455;1040.0;Píñar;Total;Total habitantes;Personas.
DPOP22189;165.0;Piñel de Abajo;Total;Total habitantes;Personas.
DPOP22192;81.0;Piñel de Arriba;Total;Total habitantes;Personas.
DPOP23293;210.0;Piñero, El;Total;Total habitantes;Personas.
DPOP14905;1103.0;Piñor;Total;Total habitantes;Personas.
DPOP13249;183.0;Piñuécar-Gandullas;Total;Total habitantes;Personas.
DPOP5098;1443.0;Piornal;Total;Total habitantes;Personas.
DPOP9136;5261.0;Pioz;Total;Total habitantes;Personas.
DPOP9139;33.0;Piqueras;Total;Total habitantes;Personas.
DPOP7117;36.0;Piqueras del Castillo;Total;Total habitantes;Personas.
DPOP19486;512.0;Pira;Total;Total habitantes;Personas.
DPOP10366;92.0;Piracés;Total;Total habitantes;Personas.
DPOP20206;62.0;Pitarque;Total;Total habitantes;Personas.
DPOP16819;173.0;Pitiegua;Total;Total habitantes;Personas.
DPOP14518;520.0;Pitillas;Total;Total habitantes;Personas.
DPOP13699;10334.0;Pizarra;Total;Total habitantes;Personas.
DPOP16822;70.0;Pizarral;Total;Total habitantes;Personas.
DPOP19489;2408.0;Pla de Santa Maria, El;Total;Total habitantes;Personas.
DPOP3100;1393.0;Pla del Penedès, El;Total;Total habitantes;Personas.
DPOP10369;272.0;Plan;Total;Total habitantes;Personas.
DPOP739;697.0;Planes;Total;Total habitantes;Personas.
DPOP7774;1746.0;Planes d'Hostoles, Les;Total;Total habitantes;Personas.
DPOP7777;313.0;Planoles;Total;Total habitantes;Personas.
DPOP12184;506.0;Plans de Sió, Els;Total;Total habitantes;Personas.
DPOP5101;40132.0;Plasencia;Total;Total habitantes;Personas.
DPOP24217;378.0;Plasencia de Jalón;Total;Total habitantes;Personas.
DPOP5104;536.0;Plasenzuela;Total;Total habitantes;Personas.
DPOP24220;29.0;Pleitas;Total;Total habitantes;Personas.
DPOP24223;110.0;Plenas;Total;Total habitantes;Personas.
DPOP22753;4407.0;Plentzia;Total;Total habitantes;Personas.
DPOP13861;4003.0;Pliego;Total;Total habitantes;Personas.
DPOP20209;42.0;Plou;Total;Total habitantes;Personas.
DPOP11935;649.0;Poal, El;Total;Total habitantes;Personas.
DPOP5710;229.0;Pobla de Benifassà, la;Total;Total habitantes;Personas.
DPOP11938;208.0;Pobla de Cérvoles, La;Total;Total habitantes;Personas.
DPOP3103;2350.0;Pobla de Claramunt, La;Total;Total habitantes;Personas.
DPOP21643;9255.0;Pobla de Farnals, la;Total;Total habitantes;Personas.
DPOP3106;1105.0;Pobla de Lillet, La;Total;Total habitantes;Personas.
DPOP19492;4175.0;Pobla de Mafumet, La;Total;Total habitantes;Personas.
DPOP19495;344.0;Pobla de Massaluca, La;Total;Total habitantes;Personas.
DPOP19498;3440.0;Pobla de Montornès, La;Total;Total habitantes;Personas.
DPOP11944;3143.0;Pobla de Segur, La;Total;Total habitantes;Personas.
DPOP21652;27471.0;Pobla de Vallbona, la;Total;Total habitantes;Personas.
DPOP21646;2451.0;Pobla del Duc, la;Total;Total habitantes;Personas.
DPOP21655;4665.0;Pobla Llarga, la;Total;Total habitantes;Personas.
DPOP5713;1322.0;Pobla Tornesa, la;Total;Total habitantes;Personas.
DPOP2536;14990.0;Pobla, Sa;Total;Total habitantes;Personas.
DPOP15547;44.0;Población de Arroyo;Total;Total habitantes;Personas.
DPOP15550;119.0;Población de Campos;Total;Total habitantes;Personas.
DPOP15553;102.0;Población de Cerrato;Total;Total habitantes;Personas.
DPOP11176;364.0;Pobladura de Pelayo García;Total;Total habitantes;Personas.
DPOP23299;34.0;Pobladura de Valderaduey;Total;Total habitantes;Personas.
DPOP23296;269.0;Pobladura del Valle;Total;Total habitantes;Personas.
DPOP6058;2998.0;Poblete;Total;Total habitantes;Personas.
DPOP838;2757.0;Poblets, els;Total;Total habitantes;Personas.
DPOP9142;102.0;Pobo de Dueñas, El;Total;Total habitantes;Personas.
DPOP20212;97.0;Pobo, El;Total;Total habitantes;Personas.
DPOP19501;345.0;Poboleda;Total;Total habitantes;Personas.
DPOP14911;1929.0;Pobra de Trives, A;Total;Total habitantes;Personas.
DPOP12856;1610.0;Pobra do Brollón, A;Total;Total habitantes;Personas.
DPOP6604;9126.0;Pobra do Caramiñal, A;Total;Total habitantes;Personas.
DPOP16042;17434.0;Poio;Total;Total habitantes;Personas.
DPOP12853;1550.0;Pol;Total;Total habitantes;Personas.
DPOP11179;2833.0;Pola de Gordón, La;Total;Total habitantes;Personas.
DPOP17518;209.0;Polaciones;Total;Total habitantes;Personas.
DPOP20827;3941.0;Polán;Total;Total habitantes;Personas.
DPOP17521;6304.0;Polanco;Total;Total habitantes;Personas.
DPOP15556;41.0;Polentinos;Total;Total habitantes;Personas.
DPOP10372;184.0;Poleñino;Total;Total habitantes;Personas.
DPOP8458;252.0;Polícar;Total;Total habitantes;Personas.
DPOP3109;8581.0;Polinyà;Total;Total habitantes;Personas.
DPOP21637;2577.0;Polinyà de Xúquer;Total;Total habitantes;Personas.
DPOP2530;17807.0;Pollença;Total;Total habitantes;Personas.
DPOP22195;565.0;Pollos;Total;Total habitantes;Personas.
DPOP742;5828.0;Polop;Total;Total habitantes;Personas.
DPOP8461;1682.0;Polopos;Total;Total habitantes;Personas.
DPOP15559;488.0;Pomar de Valdivia;Total;Total habitantes;Personas.
DPOP24226;23.0;Pomer;Total;Total habitantes;Personas.
DPOP11182;63186.0;Ponferrada;Total;Total habitantes;Personas.
DPOP15151;576.0;Ponga;Total;Total habitantes;Personas.
DPOP19504;500.0;Pont d'Armentera, El;Total;Total habitantes;Personas.
DPOP11578;162.0;Pont de Bar, El;Total;Total habitantes;Personas.
DPOP7780;585.0;Pont de Molins;Total;Total habitantes;Personas.
DPOP11950;2381.0;Pont de Suert, El;Total;Total habitantes;Personas.
DPOP3151;4193.0;Pont de Vilomara i Rocafort, El;Total;Total habitantes;Personas.
DPOP16048;5609.0;Ponte Caldelas;Total;Total habitantes;Personas.
DPOP16045;23211.0;Ponteareas;Total;Total habitantes;Personas.
DPOP6607;5268.0;Ponteceso;Total;Total habitantes;Personas.
DPOP16051;3076.0;Pontecesures;Total;Total habitantes;Personas.
DPOP6610;7431.0;Pontedeume;Total;Total habitantes;Personas.
DPOP14914;458.0;Pontedeva;Total;Total habitantes;Personas.
DPOP12859;2106.0;Pontenova, A;Total;Total habitantes;Personas.
DPOP6613;9796.0;Pontes de García Rodríguez, As;Total;Total habitantes;Personas.
DPOP16033;83316.0;Pontevedra;Total;Total habitantes;Personas.
DPOP19588;124.0;Pontils;Total;Total habitantes;Personas.
DPOP3112;516.0;Pontons;Total;Total habitantes;Personas.
DPOP7783;296.0;Pontós;Total;Total habitantes;Personas.
DPOP11947;2653.0;Ponts;Total;Total habitantes;Personas.
DPOP10756;5936.0;Porcuna;Total;Total habitantes;Personas.
DPOP14908;806.0;Porqueira;Total;Total habitantes;Personas.
DPOP7786;4811.0;Porqueres;Total;Total habitantes;Personas.
DPOP19507;405.0;Porrera;Total;Total habitantes;Personas.
DPOP2533;5892.0;Porreres;Total;Total habitantes;Personas.
DPOP16036;20965.0;Porriño, O;Total;Total habitantes;Personas.
DPOP7795;1053.0;Port de la Selva, El;Total;Total habitantes;Personas.
DPOP5107;379.0;Portaje;Total;Total habitantes;Personas.
DPOP7120;35.0;Portalrubio de Guadamejud;Total;Total habitantes;Personas.
DPOP16039;2748.0;Portas;Total;Total habitantes;Personas.
DPOP7789;1131.0;Portbou;Total;Total habitantes;Personas.
DPOP5704;155.0;Portell de Morella;Total;Total habitantes;Personas.
DPOP11953;731.0;Portella, La;Total;Total habitantes;Personas.
DPOP20215;249.0;Portellada, La;Total;Total habitantes;Personas.
DPOP5110;196.0;Portezuelo;Total;Total habitantes;Personas.
DPOP7123;58.0;Portilla;Total;Total habitantes;Personas.
DPOP22198;2377.0;Portillo;Total;Total habitantes;Personas.
DPOP18967;11.0;Portillo de Soria;Total;Total habitantes;Personas.
DPOP20830;2384.0;Portillo de Toledo;Total;Total habitantes;Personas.
DPOP23302;147.0;Porto;Total;Total habitantes;Personas.
DPOP6616;9060.0;Porto do Son;Total;Total habitantes;Personas.
DPOP12862;1277.0;Portomarín;Total;Total habitantes;Personas.
DPOP22756;44843.0;Portugalete;Total;Total habitantes;Personas.
DPOP8464;372.0;Pórtugos;Total;Total habitantes;Personas.
DPOP6061;3529.0;Porzuna;Total;Total habitantes;Personas.
DPOP11185;392.0;Posada de Valdeón;Total;Total habitantes;Personas.
DPOP6334;7273.0;Posadas;Total;Total habitantes;Personas.
DPOP17524;1323.0;Potes;Total;Total habitantes;Personas.
DPOP21640;1135.0;Potries;Total;Total habitantes;Personas.
DPOP1672;30.0;Poveda;Total;Total habitantes;Personas.
DPOP9145;99.0;Poveda de la Sierra;Total;Total habitantes;Personas.
DPOP16825;197.0;Poveda de las Cintas;Total;Total habitantes;Personas.
DPOP18970;108.0;Póveda de Soria, La;Total;Total habitantes;Personas.
DPOP346;374.0;Povedilla;Total;Total habitantes;Personas.
DPOP1675;498.0;Poyales del Hoyo;Total;Total habitantes;Personas.
DPOP7126;70.0;Poyatos;Total;Total habitantes;Personas.
DPOP4174;278.0;Poza de la Sal;Total;Total habitantes;Personas.
DPOP15562;160.0;Poza de la Vega;Total;Total habitantes;Personas.
DPOP22201;556.0;Pozal de Gallinas;Total;Total habitantes;Personas.
DPOP22204;503.0;Pozaldez;Total;Total habitantes;Personas.
DPOP18973;49.0;Pozalmuro;Total;Total habitantes;Personas.
DPOP10375;228.0;Pozán de Vero;Total;Total habitantes;Personas.
DPOP1678;57.0;Pozanco;Total;Total habitantes;Personas.
DPOP10759;4514.0;Pozo Alcón;Total;Total habitantes;Personas.
DPOP421;2704.0;Pozo Cañada;Total;Total habitantes;Personas.
DPOP9148;110.0;Pozo de Almoguera;Total;Total habitantes;Personas.
DPOP9151;1739.0;Pozo de Guadalajara;Total;Total habitantes;Personas.
DPOP15565;21.0;Pozo de Urama;Total;Total habitantes;Personas.
DPOP7129;255.0;Pozoamargo;Total;Total habitantes;Personas.
DPOP23305;188.0;Pozoantiguo;Total;Total habitantes;Personas.
DPOP6337;16931.0;Pozoblanco;Total;Total habitantes;Personas.
DPOP349;1544.0;Pozohondo;Total;Total habitantes;Personas.
DPOP352;398.0;Pozo-Lorente;Total;Total habitantes;Personas.
DPOP20218;53.0;Pozondón;Total;Total habitantes;Personas.
DPOP7396;166.0;Pozorrubielos de la Mancha;Total;Total habitantes;Personas.
DPOP7132;307.0;Pozorrubio de Santiago;Total;Total habitantes;Personas.
DPOP16828;48.0;Pozos de Hinojo;Total;Total habitantes;Personas.
DPOP24229;15.0;Pozuel de Ariza;Total;Total habitantes;Personas.
DPOP20221;76.0;Pozuel del Campo;Total;Total habitantes;Personas.
DPOP355;455.0;Pozuelo;Total;Total habitantes;Personas.
DPOP13252;89770.0;Pozuelo de Alarcón;Total;Total habitantes;Personas.
DPOP24232;247.0;Pozuelo de Aragón;Total;Total habitantes;Personas.
DPOP6064;4055.0;Pozuelo de Calatrava;Total;Total habitantes;Personas.
DPOP22207;56.0;Pozuelo de la Orden;Total;Total habitantes;Personas.
DPOP23308;150.0;Pozuelo de Tábara;Total;Total habitantes;Personas.
DPOP5113;430.0;Pozuelo de Zarzón;Total;Total habitantes;Personas.
DPOP11188;374.0;Pozuelo del Páramo;Total;Total habitantes;Personas.
DPOP13255;1302.0;Pozuelo del Rey;Total;Total habitantes;Personas.
DPOP7135;47.0;Pozuelo, El;Total;Total habitantes;Personas.
DPOP6067;326.0;Pozuelos de Calatrava, Los;Total;Total habitantes;Personas.
DPOP4177;54.0;Prádanos de Bureba;Total;Total habitantes;Personas.
DPOP15568;181.0;Prádanos de Ojeda;Total;Total habitantes;Personas.
DPOP12532;3742.0;Pradejón;Total;Total habitantes;Personas.
DPOP19510;182.0;Pradell de la Teixeta;Total;Total habitantes;Personas.
DPOP18091;473.0;Prádena;Total;Total habitantes;Personas.
DPOP9154;45.0;Prádena de Atienza;Total;Total habitantes;Personas.
DPOP13258;146.0;Prádena del Rincón;Total;Total habitantes;Personas.
DPOP19513;629.0;Prades;Total;Total habitantes;Personas.
DPOP24235;553.0;Pradilla de Ebro;Total;Total habitantes;Personas.
DPOP12535;64.0;Pradillo;Total;Total habitantes;Personas.
DPOP23311;53.0;Prado;Total;Total habitantes;Personas.
DPOP11191;108.0;Prado de la Guzpeña;Total;Total habitantes;Personas.
DPOP5398;5692.0;Prado del Rey;Total;Total habitantes;Personas.
DPOP4180;1090.0;Pradoluengo;Total;Total habitantes;Personas.
DPOP9157;45.0;Prados Redondos;Total;Total habitantes;Personas.
DPOP1681;109.0;Pradosegar;Total;Total habitantes;Personas.
DPOP19516;174.0;Prat de Comte;Total;Total habitantes;Personas.
DPOP3115;66338.0;Prat de Llobregat, El;Total;Total habitantes;Personas.
DPOP19519;781.0;Pratdip;Total;Total habitantes;Personas.
DPOP3121;2761.0;Prats de Lluçanès;Total;Total habitantes;Personas.
DPOP3118;554.0;Prats de Rei, Els;Total;Total habitantes;Personas.
DPOP11956;252.0;Prats i Sansor;Total;Total habitantes;Personas.
DPOP15154;7792.0;Pravia;Total;Total habitantes;Personas.
DPOP11959;401.0;Preixana;Total;Total habitantes;Personas.
DPOP11962;399.0;Preixens;Total;Total habitantes;Personas.
DPOP12538;206.0;Préjano;Total;Total habitantes;Personas.
DPOP3292;10632.0;Premià de Dalt;Total;Total habitantes;Personas.
DPOP3124;29431.0;Premià de Mar;Total;Total habitantes;Personas.
DPOP4183;212.0;Presencio;Total;Total habitantes;Personas.
DPOP7792;1948.0;Preses, Les;Total;Total habitantes;Personas.
DPOP11194;672.0;Priaranza del Bierzo;Total;Total habitantes;Personas.
DPOP7138;912.0;Priego;Total;Total habitantes;Personas.
DPOP6340;21764.0;Priego de Córdoba;Total;Total habitantes;Personas.
DPOP11197;340.0;Prioro;Total;Total habitantes;Personas.
DPOP15157;686.0;Proaza;Total;Total habitantes;Personas.
DPOP7141;2327.0;Provencio, El;Total;Total habitantes;Personas.
DPOP11965;270.0;Prullans;Total;Total habitantes;Personas.
DPOP18526;2461.0;Pruna;Total;Total habitantes;Personas.
DPOP21661;21659.0;Puçol;Total;Total habitantes;Personas.
DPOP24238;133.0;Puebla de Albortón;Total;Total habitantes;Personas.
DPOP2215;1091.0;Puebla de Alcocer;Total;Total habitantes;Personas.
DPOP24241;6550.0;Puebla de Alfindén, La;Total;Total habitantes;Personas.
DPOP7144;294.0;Puebla de Almenara;Total;Total habitantes;Personas.
DPOP20833;4950.0;Puebla de Almoradiel, La;Total;Total habitantes;Personas.
DPOP5707;169.0;Puebla de Arenoso;Total;Total habitantes;Personas.
DPOP4186;565.0;Puebla de Arganzón, La;Total;Total habitantes;Personas.
DPOP16831;145.0;Puebla de Azaba;Total;Total habitantes;Personas.
DPOP9160;57.0;Puebla de Beleña;Total;Total habitantes;Personas.
DPOP10378;430.0;Puebla de Castro, La;Total;Total habitantes;Personas.
DPOP18529;10830.0;Puebla de Cazalla, La;Total;Total habitantes;Personas.
DPOP8467;2195.0;Puebla de Don Fadrique;Total;Total habitantes;Personas.
DPOP6070;1148.0;Puebla de Don Rodrigo;Total;Total habitantes;Personas.
DPOP9889;3071.0;Puebla de Guzmán;Total;Total habitantes;Personas.
DPOP20224;935.0;Puebla de Híjar, La;Total;Total habitantes;Personas.
DPOP2218;5815.0;Puebla de la Calzada;Total;Total habitantes;Personas.
DPOP2221;689.0;Puebla de la Reina;Total;Total habitantes;Personas.
DPOP13261;98.0;Puebla de la Sierra;Total;Total habitantes;Personas.
DPOP11200;641.0;Puebla de Lillo;Total;Total habitantes;Personas.
DPOP18532;2949.0;Puebla de los Infantes, La;Total;Total habitantes;Personas.
DPOP20836;8144.0;Puebla de Montalbán, La;Total;Total habitantes;Personas.
DPOP2230;1809.0;Puebla de Obando;Total;Total habitantes;Personas.
DPOP18094;56.0;Puebla de Pedraza;Total;Total habitantes;Personas.
DPOP16834;32.0;Puebla de San Medel;Total;Total habitantes;Personas.
DPOP21649;53.0;Puebla de San Miguel;Total;Total habitantes;Personas.
DPOP23314;1378.0;Puebla de Sanabria;Total;Total habitantes;Personas.
DPOP2233;2634.0;Puebla de Sancho Pérez;Total;Total habitantes;Personas.
DPOP15571;79.0;Puebla de Valdavia, La;Total;Total habitantes;Personas.
DPOP9163;59.0;Puebla de Valles;Total;Total habitantes;Personas.
DPOP20227;485.0;Puebla de Valverde, La;Total;Total habitantes;Personas.
DPOP16837;136.0;Puebla de Yeltes;Total;Total habitantes;Personas.
DPOP2224;653.0;Puebla del Maestre;Total;Total habitantes;Personas.
DPOP6073;648.0;Puebla del Príncipe;Total;Total habitantes;Personas.
DPOP2227;462.0;Puebla del Prior;Total;Total habitantes;Personas.
DPOP18535;11903.0;Puebla del Río, La;Total;Total habitantes;Personas.
DPOP7150;190.0;Puebla del Salvador;Total;Total habitantes;Personas.
DPOP20839;2139.0;Pueblanueva, La;Total;Total habitantes;Personas.
DPOP23317;172.0;Pueblica de Valverde;Total;Total habitantes;Personas.
DPOP37277;762.0;Pueblonuevo de Miramontes;Total;Total habitantes;Personas.
DPOP2401;1955.0;Pueblonuevo del Guadiana;Total;Total habitantes;Personas.
DPOP24244;42.0;Puendeluna;Total;Total habitantes;Personas.
DPOP11203;1348.0;Puente de Domingo Flórez;Total;Total habitantes;Personas.
DPOP10762;2191.0;Puente de Génave;Total;Total habitantes;Personas.
DPOP10381;87.0;Puente de Montañana;Total;Total habitantes;Personas.
DPOP20842;1143.0;Puente del Arzobispo, El;Total;Total habitantes;Personas.
DPOP16840;236.0;Puente del Congosto;Total;Total habitantes;Personas.
DPOP6343;29963.0;Puente Genil;Total;Total habitantes;Personas.
DPOP10540;248.0;Puente la Reina de Jaca;Total;Total habitantes;Personas.
DPOP14521;2972.0;Puente la Reina/Gares;Total;Total habitantes;Personas.
DPOP17527;2893.0;Puente Viesgo;Total;Total habitantes;Personas.
DPOP4189;117.0;Puentedura;Total;Total habitantes;Personas.
DPOP13456;759.0;Puentes Viejas;Total;Total habitantes;Personas.
DPOP10765;2223.0;Puerta de Segura, La;Total;Total habitantes;Personas.
DPOP16843;66.0;Puertas;Total;Total habitantes;Personas.
DPOP1684;99.0;Puerto Castilla;Total;Total habitantes;Personas.
DPOP16846;342.0;Puerto de Béjar;Total;Total habitantes;Personas.
DPOP17281;31137.0;Puerto de la Cruz;Total;Total habitantes;Personas.
DPOP20845;141.0;Puerto de San Vicente;Total;Total habitantes;Personas.
DPOP5116;268.0;Puerto de Santa Cruz;Total;Total habitantes;Personas.
DPOP5401;89983.0;Puerto de Santa María, El;Total;Total habitantes;Personas.
DPOP15865;46150.0;Puerto del Rosario;Total;Total habitantes;Personas.
DPOP6076;824.0;Puerto Lápice;Total;Total habitantes;Personas.
DPOP13864;18006.0;Puerto Lumbreras;Total;Total habitantes;Personas.
DPOP9892;276.0;Puerto Moral;Total;Total habitantes;Personas.
DPOP5404;42527.0;Puerto Real;Total;Total habitantes;Personas.
DPOP16849;52.0;Puerto Seguro;Total;Total habitantes;Personas.
DPOP5407;6877.0;Puerto Serrano;Total;Total habitantes;Personas.
DPOP10384;217.0;Puértolas;Total;Total habitantes;Personas.
DPOP6079;45565.0;Puertollano;Total;Total habitantes;Personas.
DPOP20230;135.0;Puertomingalvo;Total;Total habitantes;Personas.
DPOP14524;384.0;Pueyo/Puiu;Total;Total habitantes;Personas.
DPOP10387;180.0;Pueyo de Araguás, El;Total;Total habitantes;Personas.
DPOP10390;332.0;Pueyo de Santa Cruz;Total;Total habitantes;Personas.
DPOP21658;9490.0;Puig de Santa Maria, el;Total;Total habitantes;Personas.
DPOP7798;10035.0;Puigcerdà;Total;Total habitantes;Personas.
DPOP3127;621.0;Puigdàlber;Total;Total habitantes;Personas.
DPOP11968;269.0;Puiggròs;Total;Total habitantes;Personas.
DPOP19522;1222.0;Puigpelat;Total;Total habitantes;Personas.
DPOP2539;2049.0;Puigpunyent;Total;Total habitantes;Personas.
DPOP3130;4565.0;Puig-reig;Total;Total habitantes;Personas.
DPOP11971;231.0;Puigverd d'Agramunt;Total;Total habitantes;Personas.
DPOP11974;1409.0;Puigverd de Lleida;Total;Total habitantes;Personas.
DPOP3133;204.0;Pujalt;Total;Total habitantes;Personas.
DPOP13702;285.0;Pujerra;Total;Total habitantes;Personas.
DPOP20848;1608.0;Pulgar;Total;Total habitantes;Personas.
DPOP8470;5659.0;Pulianas;Total;Total habitantes;Personas.
DPOP1066;12214.0;Pulpí;Total;Total habitantes;Personas.
DPOP9895;16281.0;Punta Umbría;Total;Total habitantes;Personas.
DPOP17284;2345.0;Puntagorda;Total;Total habitantes;Personas.
DPOP17287;2790.0;Puntallana;Total;Total habitantes;Personas.
DPOP14917;748.0;Punxín;Total;Total habitantes;Personas.
DPOP22210;44.0;Puras;Total;Total habitantes;Personas.
DPOP1069;1563.0;Purchena;Total;Total habitantes;Personas.
DPOP24247;29.0;Purujosa;Total;Total habitantes;Personas.
DPOP8473;2409.0;Purullena;Total;Total habitantes;Personas.
DPOP3136;41.0;Quar, La;Total;Total habitantes;Personas.
DPOP7801;4165.0;Quart;Total;Total habitantes;Personas.
DPOP21349;1029.0;Quart de les Valls;Total;Total habitantes;Personas.
DPOP21352;26967.0;Quart de Poblet;Total;Total habitantes;Personas.
DPOP21355;1810.0;Quartell;Total;Total habitantes;Personas.
DPOP21358;2174.0;Quatretonda;Total;Total habitantes;Personas.
DPOP604;130.0;Quatretondeta;Total;Total habitantes;Personas.
DPOP12541;2128.0;Quel;Total;Total habitantes;Personas.
DPOP4192;242.0;Quemada;Total;Total habitantes;Personas.
DPOP8476;952.0;Quéntar;Total;Total habitantes;Personas.
DPOP9166;1080.0;Quer;Total;Total habitantes;Personas.
DPOP7531;202.0;Queralbs;Total;Total habitantes;Personas.
DPOP20851;1006.0;Quero;Total;Total habitantes;Personas.
DPOP19525;611.0;Querol;Total;Total habitantes;Personas.
DPOP21664;691.0;Quesa;Total;Total habitantes;Personas.
DPOP10768;4901.0;Quesada;Total;Total habitantes;Personas.
DPOP10393;391.0;Quicena;Total;Total habitantes;Personas.
DPOP13264;4044.0;Quijorna;Total;Total habitantes;Personas.
DPOP2236;4429.0;Quintana de la Serena;Total;Total habitantes;Personas.
DPOP11206;699.0;Quintana del Castillo;Total;Total habitantes;Personas.
DPOP11209;299.0;Quintana del Marco;Total;Total habitantes;Personas.
DPOP4198;150.0;Quintana del Pidio;Total;Total habitantes;Personas.
DPOP15574;248.0;Quintana del Puente;Total;Total habitantes;Personas.
DPOP18976;499.0;Quintana Redonda;Total;Total habitantes;Personas.
DPOP11212;402.0;Quintana y Congosto;Total;Total habitantes;Personas.
DPOP4195;29.0;Quintanabureba;Total;Total habitantes;Personas.
DPOP4201;44.0;Quintanaélez;Total;Total habitantes;Personas.
DPOP4204;297.0;Quintanaortuño;Total;Total habitantes;Personas.
DPOP4207;123.0;Quintanapalla;Total;Total habitantes;Personas.
DPOP20854;11355.0;Quintanar de la Orden;Total;Total habitantes;Personas.
DPOP4210;1474.0;Quintanar de la Sierra;Total;Total habitantes;Personas.
DPOP7153;7508.0;Quintanar del Rey;Total;Total habitantes;Personas.
DPOP18979;119.0;Quintanas de Gormaz;Total;Total habitantes;Personas.
DPOP4213;65.0;Quintanavides;Total;Total habitantes;Personas.
DPOP22213;161.0;Quintanilla de Arriba;Total;Total habitantes;Personas.
DPOP4216;109.0;Quintanilla de la Mata;Total;Total habitantes;Personas.
DPOP22219;1043.0;Quintanilla de Onésimo;Total;Total habitantes;Personas.
DPOP15577;167.0;Quintanilla de Onsoña;Total;Total habitantes;Personas.
DPOP22222;100.0;Quintanilla de Trigueros;Total;Total habitantes;Personas.
DPOP23326;98.0;Quintanilla de Urz;Total;Total habitantes;Personas.
DPOP4636;336.0;Quintanilla del Agua y Tordueles;Total;Total habitantes;Personas.
DPOP4219;50.0;Quintanilla del Coco;Total;Total habitantes;Personas.
DPOP22216;43.0;Quintanilla del Molar;Total;Total habitantes;Personas.
DPOP23320;93.0;Quintanilla del Monte;Total;Total habitantes;Personas.
DPOP23323;38.0;Quintanilla del Olmo;Total;Total habitantes;Personas.
DPOP4225;66.0;Quintanilla San García;Total;Total habitantes;Personas.
DPOP4228;890.0;Quintanilla Vivar;Total;Total habitantes;Personas.
DPOP4222;386.0;Quintanillas, Las;Total;Total habitantes;Personas.
DPOP14920;587.0;Quintela de Leirado;Total;Total habitantes;Personas.
DPOP24250;1882.0;Quinto;Total;Total habitantes;Personas.
DPOP18982;10.0;Quiñonería;Total;Total habitantes;Personas.
DPOP12865;3040.0;Quiroga;Total;Total habitantes;Personas.
DPOP15160;1142.0;Quirós;Total;Total habitantes;Personas.
DPOP23329;615.0;Quiruelas de Vidriales;Total;Total habitantes;Personas.
DPOP20857;1857.0;Quismondo;Total;Total habitantes;Personas.
DPOP12883;1514.0;Rábade;Total;Total habitantes;Personas.
DPOP23332;497.0;Rabanales;Total;Total habitantes;Personas.
DPOP12544;29.0;Rabanera;Total;Total habitantes;Personas.
DPOP4231;94.0;Rabanera del Pinar;Total;Total habitantes;Personas.
DPOP22225;169.0;Rábano;Total;Total habitantes;Personas.
DPOP23335;313.0;Rábano de Aliste;Total;Total habitantes;Personas.
DPOP4234;73.0;Rábanos;Total;Total habitantes;Personas.
DPOP18985;470.0;Rábanos, Los;Total;Total habitantes;Personas.
DPOP4237;259.0;Rabé de las Calzadas;Total;Total habitantes;Personas.
DPOP7804;232.0;Rabós;Total;Total habitantes;Personas.
DPOP7156;49.0;Rada de Haro;Total;Total habitantes;Personas.
DPOP745;4849.0;Rafal;Total;Total habitantes;Personas.
DPOP20233;149.0;Ráfales;Total;Total habitantes;Personas.
DPOP21667;9974.0;Rafelbunyol;Total;Total habitantes;Personas.
DPOP21670;1409.0;Rafelcofer;Total;Total habitantes;Personas.
DPOP21673;2395.0;Rafelguaraf;Total;Total habitantes;Personas.
DPOP748;734.0;Ràfol d'Almúnia, el;Total;Total habitantes;Personas.
DPOP21676;463.0;Ráfol de Salem;Total;Total habitantes;Personas.
DPOP16852;196.0;Rágama;Total;Total habitantes;Personas.
DPOP1072;297.0;Rágol;Total;Total habitantes;Personas.
DPOP14923;1154.0;Rairiz de Veiga;Total;Total habitantes;Personas.
DPOP3139;597.0;Rajadell;Total;Total habitantes;Personas.
DPOP17530;3099.0;Ramales de la Victoria;Total;Total habitantes;Personas.
DPOP6346;7412.0;Rambla, La;Total;Total habitantes;Personas.
DPOP14926;1485.0;Ramirás;Total;Total habitantes;Personas.
DPOP22228;44.0;Ramiro;Total;Total habitantes;Personas.
DPOP18097;187.0;Rapariegos;Total;Total habitantes;Personas.
DPOP13267;1704.0;Rascafría;Total;Total habitantes;Personas.
DPOP12547;149.0;Rasillo de Cameros, El;Total;Total habitantes;Personas.
DPOP17533;980.0;Rasines;Total;Total habitantes;Personas.
DPOP19528;786.0;Rasquera;Total;Total habitantes;Personas.
DPOP1687;150.0;Rasueros;Total;Total habitantes;Personas.
DPOP21682;2497.0;Real;Total;Total habitantes;Personas.
DPOP21679;2722.0;Real de Gandia, el;Total;Total habitantes;Personas.
DPOP18538;1517.0;Real de la Jara, El;Total;Total habitantes;Personas.
DPOP20860;966.0;Real de San Vicente, El;Total;Total habitantes;Personas.
DPOP18139;5217.0;Real Sitio de San Ildefonso;Total;Total habitantes;Personas.
DPOP17290;37867.0;Realejos, Los;Total;Total habitantes;Personas.
DPOP18988;36.0;Rebollar;Total;Total habitantes;Personas.
DPOP5119;203.0;Rebollar;Total;Total habitantes;Personas.
DPOP4240;100.0;Rebolledo de la Torre;Total;Total habitantes;Personas.
DPOP18100;70.0;Rebollo;Total;Total habitantes;Personas.
DPOP9169;11.0;Rebollosa de Jadraque;Total;Total habitantes;Personas.
DPOP20863;5037.0;Recas;Total;Total habitantes;Personas.
DPOP358;215.0;Recueja, La;Total;Total habitantes;Personas.
DPOP9172;80.0;Recuenco, El;Total;Total habitantes;Personas.
DPOP18991;61.0;Recuerda;Total;Total habitantes;Personas.
DPOP12550;138.0;Redal, El;Total;Total habitantes;Personas.
DPOP4243;98.0;Redecilla del Camino;Total;Total habitantes;Personas.
DPOP4246;65.0;Redecilla del Campo;Total;Total habitantes;Personas.
DPOP16855;61.0;Redonda, La;Total;Total habitantes;Personas.
DPOP16054;28874.0;Redondela;Total;Total habitantes;Personas.
DPOP751;8283.0;Redován;Total;Total habitantes;Personas.
DPOP13270;288.0;Redueña;Total;Total habitantes;Personas.
DPOP7807;275.0;Regencós;Total;Total habitantes;Personas.
DPOP11215;263.0;Regueras de Arriba;Total;Total habitantes;Personas.
DPOP15163;1892.0;Regueras, Las;Total;Total habitantes;Personas.
DPOP4249;304.0;Regumiel de la Sierra;Total;Total habitantes;Personas.
DPOP7159;106.0;Reíllo;Total;Total habitantes;Personas.
DPOP2239;144.0;Reina;Total;Total habitantes;Personas.
DPOP17536;8570.0;Reinosa;Total;Total habitantes;Personas.
DPOP4252;21.0;Reinoso;Total;Total habitantes;Personas.
DPOP15580;58.0;Reinoso de Cerrato;Total;Total habitantes;Personas.
DPOP754;1375.0;Relleu;Total;Total habitantes;Personas.
DPOP3142;926.0;Rellinars;Total;Total habitantes;Personas.
DPOP18994;21.0;Rello;Total;Total habitantes;Personas.
DPOP24253;1018.0;Remolinos;Total;Total habitantes;Personas.
DPOP18103;329.0;Remondo;Total;Total habitantes;Personas.
DPOP2242;605.0;Rena;Total;Total habitantes;Personas.
DPOP19531;165.0;Renau;Total;Total habitantes;Personas.
DPOP22231;3993.0;Renedo de Esgueva;Total;Total habitantes;Personas.
DPOP15583;193.0;Renedo de la Vega;Total;Total habitantes;Personas.
DPOP9175;100.0;Renera;Total;Total habitantes;Personas.
DPOP18997;107.0;Renieblas;Total;Total habitantes;Personas.
DPOP17539;8389.0;Reocín;Total;Total habitantes;Personas.
DPOP23338;107.0;Requejo;Total;Total habitantes;Personas.
DPOP21685;20982.0;Requena;Total;Total habitantes;Personas.
DPOP15586;27.0;Requena de Campos;Total;Total habitantes;Personas.
DPOP15589;140.0;Respenda de la Peña;Total;Total habitantes;Personas.
DPOP2245;428.0;Retamal de Llerena;Total;Total habitantes;Personas.
DPOP20866;109.0;Retamoso de la Jara;Total;Total habitantes;Personas.
DPOP24256;77.0;Retascón;Total;Total habitantes;Personas.
DPOP9178;52.0;Retiendas;Total;Total habitantes;Personas.
DPOP16858;172.0;Retortillo;Total;Total habitantes;Personas.
DPOP19000;126.0;Retortillo de Soria;Total;Total habitantes;Personas.
DPOP4255;56.0;Retuerta;Total;Total habitantes;Personas.
DPOP6082;854.0;Retuerta del Bullaque;Total;Total habitantes;Personas.
DPOP19534;111601.0;Reus;Total;Total habitantes;Personas.
DPOP23341;223.0;Revellinos;Total;Total habitantes;Personas.
DPOP15592;127.0;Revenga de Campos;Total;Total habitantes;Personas.
DPOP15595;75.0;Revilla de Collazos;Total;Total habitantes;Personas.
DPOP4261;96.0;Revilla del Campo;Total;Total habitantes;Personas.
DPOP4267;112.0;Revilla Vallejera;Total;Total habitantes;Personas.
DPOP4258;97.0;Revilla y Ahedo, La;Total;Total habitantes;Personas.
DPOP4264;621.0;Revillarruz;Total;Total habitantes;Personas.
DPOP11218;120.0;Reyero;Total;Total habitantes;Personas.
DPOP4270;18.0;Rezmondo;Total;Total habitantes;Personas.
DPOP19003;21.0;Reznos;Total;Total habitantes;Personas.
DPOP18106;28.0;Riaguas de San Bartolomé;Total;Total habitantes;Personas.
DPOP11977;654.0;Rialp;Total;Total habitantes;Personas.
DPOP6619;10758.0;Rianxo;Total;Total habitantes;Personas.
DPOP11221;476.0;Riaño;Total;Total habitantes;Personas.
DPOP18109;2128.0;Riaza;Total;Total habitantes;Personas.
DPOP19006;9.0;Riba de Escalote, La;Total;Total habitantes;Personas.
DPOP9181;113.0;Riba de Saelices;Total;Total habitantes;Personas.
DPOP19537;574.0;Riba, La;Total;Total habitantes;Personas.
DPOP14929;4895.0;Ribadavia;Total;Total habitantes;Personas.
DPOP15166;1693.0;Ribadedeva;Total;Total habitantes;Personas.
DPOP12868;10022.0;Ribadeo;Total;Total habitantes;Personas.
DPOP15169;5591.0;Ribadesella;Total;Total habitantes;Personas.
DPOP16057;5166.0;Ribadumia;Total;Total habitantes;Personas.
DPOP14527;3697.0;Ribaforada;Total;Total habitantes;Personas.
DPOP12553;1076.0;Ribafrecha;Total;Total habitantes;Personas.
DPOP17542;4605.0;Ribamontán al Mar;Total;Total habitantes;Personas.
DPOP17545;2535.0;Ribamontán al Monte;Total;Total habitantes;Personas.
DPOP21688;24616.0;Riba-roja de Túria;Total;Total habitantes;Personas.
DPOP19540;1132.0;Riba-roja d'Ebre;Total;Total habitantes;Personas.
DPOP15598;150.0;Ribas de Campos;Total;Total habitantes;Personas.
DPOP12871;894.0;Ribas de Sil;Total;Total habitantes;Personas.
DPOP13273;905.0;Ribatejada;Total;Total habitantes;Personas.
DPOP6622;27102.0;Ribeira;Total;Total habitantes;Personas.
DPOP12874;549.0;Ribeira de Piquín;Total;Total habitantes;Personas.
DPOP15172;1852.0;Ribera de Arriba;Total;Total habitantes;Personas.
DPOP2248;3130.0;Ribera del Fresno;Total;Total habitantes;Personas.
DPOP12166;437.0;Ribera d'Ondara;Total;Total habitantes;Personas.
DPOP11980;989.0;Ribera d'Urgellet;Total;Total habitantes;Personas.
DPOP15601;52.0;Riberos de la Cueza;Total;Total habitantes;Personas.
DPOP7810;1841.0;Ribes de Freser;Total;Total habitantes;Personas.
DPOP5716;1191.0;Ribesalbes;Total;Total habitantes;Personas.
DPOP18112;40.0;Ribota;Total;Total habitantes;Personas.
DPOP24259;3019.0;Ricla;Total;Total habitantes;Personas.
DPOP13867;1197.0;Ricote;Total;Total habitantes;Personas.
DPOP11224;697.0;Riego de la Vega;Total;Total habitantes;Personas.
DPOP11227;570.0;Riello;Total;Total habitantes;Personas.
DPOP7813;4635.0;Riells i Viabrea;Total;Total habitantes;Personas.
DPOP20869;900.0;Rielves;Total;Total habitantes;Personas.
DPOP19543;1834.0;Riera de Gaià, La;Total;Total habitantes;Personas.
DPOP20236;95.0;Rillo;Total;Total habitantes;Personas.
DPOP9184;37.0;Rillo de Gallo;Total;Total habitantes;Personas.
DPOP13705;52454.0;Rincón de la Victoria;Total;Total habitantes;Personas.
DPOP12556;4041.0;Rincón de Soto;Total;Total habitantes;Personas.
DPOP16861;97.0;Rinconada de la Sierra, La;Total;Total habitantes;Personas.
DPOP18541;40724.0;Rinconada, La;Total;Total habitantes;Personas.
DPOP11983;269.0;Riner;Total;Total habitantes;Personas.
DPOP1690;129.0;Riocabado;Total;Total habitantes;Personas.
DPOP4273;54.0;Riocavado de la Sierra;Total;Total habitantes;Personas.
DPOP20239;113.0;Riodeva;Total;Total habitantes;Personas.
DPOP1693;188.0;Riofrío;Total;Total habitantes;Personas.
DPOP23344;589.0;Riofrío de Aliste;Total;Total habitantes;Personas.
DPOP18115;29.0;Riofrío de Riaza;Total;Total habitantes;Personas.
DPOP9187;49.0;Riofrío del Llano;Total;Total habitantes;Personas.
DPOP13708;2839.0;Riogordo;Total;Total habitantes;Personas.
DPOP1075;1609.0;Rioja;Total;Total habitantes;Personas.
DPOP21691;1820.0;Riola;Total;Total habitantes;Personas.
DPOP5122;1173.0;Riolobos;Total;Total habitantes;Personas.
DPOP17548;1022.0;Rionansa;Total;Total habitantes;Personas.
DPOP23347;224.0;Rionegro del Puente;Total;Total habitantes;Personas.
DPOP361;1344.0;Riópar;Total;Total habitantes;Personas.
DPOP14935;1379.0;Riós;Total;Total habitantes;Personas.
DPOP15175;1686.0;Riosa;Total;Total habitantes;Personas.
DPOP19009;123.0;Rioseco de Soria;Total;Total habitantes;Personas.
DPOP11230;409.0;Rioseco de Tapia;Total;Total habitantes;Personas.
DPOP12877;1182.0;Riotorto;Total;Total habitantes;Personas.
DPOP17551;1682.0;Riotuerto;Total;Total habitantes;Personas.
DPOP7816;10665.0;Ripoll;Total;Total habitantes;Personas.
DPOP3145;39897.0;Ripollet;Total;Total habitantes;Personas.
DPOP2251;126.0;Risco;Total;Total habitantes;Personas.
DPOP12190;96.0;Riu de Cerdanya;Total;Total habitantes;Personas.
DPOP7819;2532.0;Riudarenes;Total;Total habitantes;Personas.
DPOP7822;526.0;Riudaura;Total;Total habitantes;Personas.
DPOP19546;1362.0;Riudecanyes;Total;Total habitantes;Personas.
DPOP19549;1264.0;Riudecols;Total;Total habitantes;Personas.
DPOP7825;2125.0;Riudellots de la Selva;Total;Total habitantes;Personas.
DPOP19552;6891.0;Riudoms;Total;Total habitantes;Personas.
DPOP7828;253.0;Riumors;Total;Total habitantes;Personas.
DPOP13276;103148.0;Rivas-Vaciamadrid;Total;Total habitantes;Personas.
DPOP1696;59.0;Rivilla de Barajas;Total;Total habitantes;Personas.
DPOP4276;2276.0;Roa;Total;Total habitantes;Personas.
DPOP23350;1019.0;Roales;Total;Total habitantes;Personas.
DPOP22234;155.0;Roales de Campos;Total;Total habitantes;Personas.
DPOP11233;3574.0;Robla, La;Total;Total habitantes;Personas.
DPOP22237;86.0;Robladillo;Total;Total habitantes;Personas.
DPOP16864;453.0;Robleda;Total;Total habitantes;Personas.
DPOP23353;375.0;Robleda-Cervantes;Total;Total habitantes;Personas.
DPOP5125;91.0;Robledillo de Gata;Total;Total habitantes;Personas.
DPOP13279;118.0;Robledillo de la Jara;Total;Total habitantes;Personas.
DPOP5128;252.0;Robledillo de la Vera;Total;Total habitantes;Personas.
DPOP9190;200.0;Robledillo de Mohernando;Total;Total habitantes;Personas.
DPOP5131;394.0;Robledillo de Trujillo;Total;Total habitantes;Personas.
DPOP364;382.0;Robledo;Total;Total habitantes;Personas.
DPOP13282;4818.0;Robledo de Chavela;Total;Total habitantes;Personas.
DPOP9193;39.0;Robledo de Corpes;Total;Total habitantes;Personas.
DPOP20872;249.0;Robledo del Mazo;Total;Total habitantes;Personas.
DPOP6163;1078.0;Robledo, El;Total;Total habitantes;Personas.
DPOP5134;325.0;Robledollano;Total;Total habitantes;Personas.
DPOP16867;185.0;Robliza de Cojos;Total;Total habitantes;Personas.
DPOP13285;79.0;Robregordo;Total;Total habitantes;Personas.
DPOP10396;524.0;Robres;Total;Total habitantes;Personas.
DPOP12559;21.0;Robres del Castillo;Total;Total habitantes;Personas.
DPOP2254;1454.0;Roca de la Sierra, La;Total;Total habitantes;Personas.
DPOP3148;11014.0;Roca del Vallès, La;Total;Total habitantes;Personas.
DPOP21694;7751.0;Rocafort;Total;Total habitantes;Personas.
DPOP19555;247.0;Rocafort de Queralt;Total;Total habitantes;Personas.
DPOP9898;8024.0;Rociana del Condado;Total;Total habitantes;Personas.
DPOP18544;4168.0;Roda de Andalucía, La;Total;Total habitantes;Personas.
DPOP19558;8260.0;Roda de Berà;Total;Total habitantes;Personas.
DPOP18118;260.0;Roda de Eresma;Total;Total habitantes;Personas.
DPOP3154;6937.0;Roda de Ter;Total;Total habitantes;Personas.
DPOP367;15643.0;Roda, La;Total;Total habitantes;Personas.
DPOP16060;2232.0;Rodeiro;Total;Total habitantes;Personas.
DPOP20242;57.0;Ródenas;Total;Total habitantes;Personas.
DPOP12562;230.0;Rodezno;Total;Total habitantes;Personas.
DPOP19561;519.0;Rodonyà;Total;Total habitantes;Personas.
DPOP23356;133.0;Roelos de Sayago;Total;Total habitantes;Personas.
DPOP6625;4358.0;Rois;Total;Total habitantes;Personas.
DPOP757;17652.0;Rojales;Total;Total habitantes;Personas.
DPOP4279;62.0;Rojas;Total;Total habitantes;Personas.
DPOP19012;49.0;Rollamienta;Total;Total habitantes;Personas.
DPOP16870;317.0;Rollán;Total;Total habitantes;Personas.
DPOP760;2729.0;Romana, la;Total;Total habitantes;Personas.
DPOP5137;240.0;Romangordo;Total;Total habitantes;Personas.
DPOP9196;37.0;Romanillos de Atienza;Total;Total habitantes;Personas.
DPOP9199;127.0;Romanones;Total;Total habitantes;Personas.
DPOP24262;140.0;Romanos;Total;Total habitantes;Personas.
DPOP14530;180.0;Romanzado/Erromantzatua;Total;Total habitantes;Personas.
DPOP20875;518.0;Romeral, El;Total;Total habitantes;Personas.
DPOP14533;206.0;Roncal/Erronkari;Total;Total habitantes;Personas.
DPOP13711;33671.0;Ronda;Total;Total habitantes;Personas.
DPOP18547;1453.0;Ronquillo, El;Total;Total habitantes;Personas.
DPOP11236;502.0;Roperuelos del Páramo;Total;Total habitantes;Personas.
DPOP1078;111240.0;Roquetas de Mar;Total;Total habitantes;Personas.
DPOP19564;8607.0;Roquetes;Total;Total habitantes;Personas.
DPOP9901;1676.0;Rosal de la Frontera;Total;Total habitantes;Personas.
DPOP16063;6548.0;Rosal, O;Total;Total habitantes;Personas.
DPOP5317;1268.0;Rosalejo;Total;Total habitantes;Personas.
DPOP17293;17958.0;Rosario, El;Total;Total habitantes;Personas.
DPOP7831;20365.0;Roses;Total;Total habitantes;Personas.
DPOP23359;292.0;Rosinos de la Requejada;Total;Total habitantes;Personas.
DPOP5719;910.0;Rossell;Total;Total habitantes;Personas.
DPOP11986;3416.0;Rosselló;Total;Total habitantes;Personas.
DPOP5410;29289.0;Rota;Total;Total habitantes;Personas.
DPOP21697;1171.0;Rotglà i Corberà;Total;Total habitantes;Personas.
DPOP21700;1283.0;Ròtova;Total;Total habitantes;Personas.
DPOP22240;26.0;Roturas;Total;Total habitantes;Personas.
DPOP19567;385.0;Rourell, El;Total;Total habitantes;Personas.
DPOP19015;248.0;Royo, El;Total;Total habitantes;Personas.
DPOP20245;229.0;Royuela;Total;Total habitantes;Personas.
DPOP4282;169.0;Royuela de Río Franco;Total;Total habitantes;Personas.
DPOP7162;48.0;Rozalén del Monte;Total;Total habitantes;Personas.
DPOP13288;99037.0;Rozas de Madrid, Las;Total;Total habitantes;Personas.
DPOP13291;579.0;Rozas de Puerto Real;Total;Total habitantes;Personas.
DPOP17554;258.0;Rozas de Valdearroyo, Las;Total;Total habitantes;Personas.
DPOP14938;4214.0;Rúa, A;Total;Total habitantes;Personas.
DPOP5140;82.0;Ruanes;Total;Total habitantes;Personas.
DPOP4285;207.0;Rubena;Total;Total habitantes;Personas.
DPOP3157;82823.0;Rubí;Total;Total habitantes;Personas.
DPOP22243;207.0;Rubí de Bracamonte;Total;Total habitantes;Personas.
DPOP14941;1391.0;Rubiá;Total;Total habitantes;Personas.
DPOP20248;43.0;Rubiales;Total;Total habitantes;Personas.
DPOP20251;20.0;Rubielos de la Cérida;Total;Total habitantes;Personas.
DPOP20254;600.0;Rubielos de Mora;Total;Total habitantes;Personas.
DPOP3160;225.0;Rubió;Total;Total habitantes;Personas.
DPOP18550;3287.0;Rubio, El;Total;Total habitantes;Personas.
DPOP8479;419.0;Rubite;Total;Total habitantes;Personas.
DPOP4288;37.0;Rublacedo de Abajo;Total;Total habitantes;Personas.
DPOP4291;72.0;Rucandio;Total;Total habitantes;Personas.
DPOP22246;1118.0;Rueda;Total;Total habitantes;Personas.
DPOP24265;325.0;Rueda de Jalón;Total;Total habitantes;Personas.
DPOP9202;38.0;Rueda de la Sierra;Total;Total habitantes;Personas.
DPOP17557;1083.0;Ruente;Total;Total habitantes;Personas.
DPOP24268;69.0;Ruesca;Total;Total habitantes;Personas.
DPOP17560;810.0;Ruesga;Total;Total habitantes;Personas.
DPOP21703;165.0;Rugat;Total;Total habitantes;Personas.
DPOP6166;529.0;Ruidera;Total;Total habitantes;Personas.
DPOP17563;769.0;Ruiloba;Total;Total habitantes;Personas.
DPOP7834;325.0;Rupià;Total;Total habitantes;Personas.
DPOP3529;280.0;Rupit i Pruit;Total;Total habitantes;Personas.
DPOP10771;3386.0;Rus;Total;Total habitantes;Personas.
DPOP6349;9824.0;Rute;Total;Total habitantes;Personas.
DPOP3163;225368.0;Sabadell;Total;Total habitantes;Personas.
DPOP11239;1020.0;Sabero;Total;Total habitantes;Personas.
DPOP24304;697.0;Sabiñán;Total;Total habitantes;Personas.
DPOP10399;9695.0;Sabiñánigo;Total;Total habitantes;Personas.
DPOP10774;3742.0;Sabiote;Total;Total habitantes;Personas.
DPOP5722;67.0;Sacañet;Total;Total habitantes;Personas.
DPOP9205;90.0;Sacecorbo;Total;Total habitantes;Personas.
DPOP7165;33.0;Saceda-Trasierra;Total;Total habitantes;Personas.
DPOP9208;1623.0;Sacedón;Total;Total habitantes;Personas.
DPOP6085;520.0;Saceruela;Total;Total habitantes;Personas.
DPOP18121;324.0;Sacramenia;Total;Total habitantes;Personas.
DPOP14539;130.0;Sada;Total;Total habitantes;Personas.
DPOP6628;17421.0;Sada;Total;Total habitantes;Personas.
DPOP24271;1278.0;Sádaba;Total;Total habitantes;Personas.
DPOP7168;475.0;Saelices;Total;Total habitantes;Personas.
DPOP9211;41.0;Saelices de la Sal;Total;Total habitantes;Personas.
DPOP22249;116.0;Saelices de Mayorga;Total;Total habitantes;Personas.
DPOP16873;175.0;Saelices el Chico;Total;Total habitantes;Personas.
DPOP3166;154.0;Sagàs;Total;Total habitantes;Personas.
DPOP763;441.0;Sagra;Total;Total habitantes;Personas.
DPOP16876;78.0;Sagrada, La;Total;Total habitantes;Personas.
DPOP21706;73031.0;Sagunt/Sagunto;Total;Total habitantes;Personas.
DPOP11242;2380.0;Sahagún;Total;Total habitantes;Personas.
DPOP16963;178.0;Sahugo, El;Total;Total habitantes;Personas.
DPOP10402;320.0;Sahún;Total;Total habitantes;Personas.
DPOP12565;123.0;Sajazarra;Total;Total habitantes;Personas.
DPOP16879;146110.0;Salamanca;Total;Total habitantes;Personas.
DPOP8482;2582.0;Salar;Total;Total habitantes;Personas.
DPOP13714;194.0;Salares;Total;Total habitantes;Personas.
DPOP15178;4771.0;Salas;Total;Total habitantes;Personas.
DPOP10405;301.0;Salas Altas;Total;Total habitantes;Personas.
DPOP10408;184.0;Salas Bajas;Total;Total habitantes;Personas.
DPOP4294;129.0;Salas de Bureba;Total;Total habitantes;Personas.
DPOP4297;1959.0;Salas de los Infantes;Total;Total habitantes;Personas.
DPOP11989;365.0;Salàs de Pallars;Total;Total habitantes;Personas.
DPOP23362;83.0;Salce;Total;Total habitantes;Personas.
DPOP16066;9409.0;Salceda de Caselas;Total;Total habitantes;Personas.
DPOP20257;14.0;Salcedillo;Total;Total habitantes;Personas.
DPOP15604;2844.0;Saldaña;Total;Total habitantes;Personas.
DPOP4300;203.0;Saldaña de Burgos;Total;Total habitantes;Personas.
DPOP16882;96.0;Saldeana;Total;Total habitantes;Personas.
DPOP3172;302.0;Saldes;Total;Total habitantes;Personas.
DPOP14542;125.0;Saldías;Total;Total habitantes;Personas.
DPOP20260;32.0;Saldón;Total;Total habitantes;Personas.
DPOP19018;148.0;Salduero;Total;Total habitantes;Personas.
DPOP21709;407.0;Salem;Total;Total habitantes;Personas.
DPOP7837;164.0;Sales de Llierca;Total;Total habitantes;Personas.
DPOP10411;94.0;Salillas;Total;Total habitantes;Personas.
DPOP24274;372.0;Salillas de Jalón;Total;Total habitantes;Personas.
DPOP766;1828.0;Salinas;Total;Total habitantes;Personas.
DPOP14545;110.0;Salinas de Oro/Jaitz;Total;Total habitantes;Personas.
DPOP15607;348.0;Salinas de Pisuerga;Total;Total habitantes;Personas.
DPOP7171;86.0;Salinas del Manzano;Total;Total habitantes;Personas.
DPOP2581;5248.0;Salines, Ses;Total;Total habitantes;Personas.
DPOP4303;55.0;Salinillas de Bureba;Total;Total habitantes;Personas.
DPOP3175;7030.0;Sallent;Total;Total habitantes;Personas.
DPOP10414;1505.0;Sallent de Gállego;Total;Total habitantes;Personas.
DPOP9214;147.0;Salmerón;Total;Total habitantes;Personas.
DPOP7174;106.0;Salmeroncillos;Total;Total habitantes;Personas.
DPOP16885;107.0;Salmoral;Total;Total habitantes;Personas.
DPOP1699;109.0;Salobral;Total;Total habitantes;Personas.
DPOP370;442.0;Salobre;Total;Total habitantes;Personas.
DPOP8485;12760.0;Salobreña;Total;Total habitantes;Personas.
DPOP19570;519.0;Salomó;Total;Total habitantes;Personas.
DPOP5143;522.0;Salorino;Total;Total habitantes;Personas.
DPOP19714;31491.0;Salou;Total;Total habitantes;Personas.
DPOP7840;34491.0;Salt;Total;Total habitantes;Personas.
DPOP18553;5604.0;Salteras;Total;Total habitantes;Personas.
DPOP7177;300.0;Salvacañete;Total;Total habitantes;Personas.
DPOP1702;67.0;Salvadiós;Total;Total habitantes;Personas.
DPOP22252;99.0;Salvador de Zapardiel;Total;Total habitantes;Personas.
DPOP2257;1645.0;Salvaleón;Total;Total habitantes;Personas.
DPOP16069;10617.0;Salvaterra de Miño;Total;Total habitantes;Personas.
DPOP24277;187.0;Salvatierra de Esca;Total;Total habitantes;Personas.
DPOP2260;1546.0;Salvatierra de los Barros;Total;Total habitantes;Personas.
DPOP5146;229.0;Salvatierra de Santiago;Total;Total habitantes;Personas.
DPOP16888;66.0;Salvatierra de Tormes;Total;Total habitantes;Personas.
DPOP5725;671.0;Salzadella, la;Total;Total habitantes;Personas.
DPOP118;292.0;Samaniego;Total;Total habitantes;Personas.
DPOP18124;459.0;Samboal;Total;Total habitantes;Personas.
DPOP23365;158.0;Samir de los Caños;Total;Total habitantes;Personas.
DPOP12880;1158.0;Samos;Total;Total habitantes;Personas.
DPOP20263;734.0;Samper de Calanda;Total;Total habitantes;Personas.
DPOP24280;79.0;Samper del Salz;Total;Total habitantes;Personas.
DPOP14548;6504.0;San Adrián;Total;Total habitantes;Personas.
DPOP4306;84.0;San Adrián de Juarros;Total;Total habitantes;Personas.
DPOP11245;82.0;San Adrián del Valle;Total;Total habitantes;Personas.
DPOP20266;132.0;San Agustín;Total;Total habitantes;Personas.
DPOP13294;13825.0;San Agustín del Guadalix;Total;Total habitantes;Personas.
DPOP23368;163.0;San Agustín del Pozo;Total;Total habitantes;Personas.
DPOP14944;1030.0;San Amaro;Total;Total habitantes;Personas.
DPOP9217;63.0;San Andrés del Congosto;Total;Total habitantes;Personas.
DPOP11248;29944.0;San Andrés del Rabanedo;Total;Total habitantes;Personas.
DPOP9220;35.0;San Andrés del Rey;Total;Total habitantes;Personas.
DPOP17296;4350.0;San Andrés y Sauces;Total;Total habitantes;Personas.
DPOP21841;11192.0;San Antonio de Benagéber;Total;Total habitantes;Personas.
DPOP12568;1088.0;San Asensio;Total;Total habitantes;Personas.
DPOP15868;19551.0;San Bartolomé;Total;Total habitantes;Personas.
DPOP1705;44.0;San Bartolomé de Béjar;Total;Total habitantes;Personas.
DPOP1708;32.0;San Bartolomé de Corneja;Total;Total habitantes;Personas.
DPOP9904;4072.0;San Bartolomé de la Torre;Total;Total habitantes;Personas.
DPOP20878;637.0;San Bartolomé de las Abiertas;Total;Total habitantes;Personas.
DPOP1711;479.0;San Bartolomé de Pinares;Total;Total habitantes;Personas.
DPOP15871;54291.0;San Bartolomé de Tirajana;Total;Total habitantes;Personas.
DPOP6088;1055.0;San Carlos del Valle;Total;Total habitantes;Personas.
DPOP15610;400.0;San Cebrián de Campos;Total;Total habitantes;Personas.
DPOP23371;250.0;San Cebrián de Castro;Total;Total habitantes;Personas.
DPOP22255;99.0;San Cebrián de Mazote;Total;Total habitantes;Personas.
DPOP15613;142.0;San Cebrián de Mudá;Total;Total habitantes;Personas.
DPOP14947;5751.0;San Cibrao das Viñas;Total;Total habitantes;Personas.
DPOP7180;6797.0;San Clemente;Total;Total habitantes;Personas.
DPOP15616;20.0;San Cristóbal de Boedo;Total;Total habitantes;Personas.
DPOP18127;161.0;San Cristóbal de Cuéllar;Total;Total habitantes;Personas.
DPOP23374;1328.0;San Cristóbal de Entreviñas;Total;Total habitantes;Personas.
DPOP16891;1169.0;San Cristóbal de la Cuesta;Total;Total habitantes;Personas.
DPOP17266;161108.0;San Cristóbal de La Laguna;Total;Total habitantes;Personas.
DPOP11254;611.0;San Cristóbal de la Polantera;Total;Total habitantes;Personas.
DPOP18130;81.0;San Cristóbal de la Vega;Total;Total habitantes;Personas.
DPOP18295;3161.0;San Cristóbal de Segovia;Total;Total habitantes;Personas.
DPOP14950;1963.0;San Cristovo de Cea;Total;Total habitantes;Personas.
DPOP11257;585.0;San Emiliano;Total;Total habitantes;Personas.
DPOP19021;2962.0;San Esteban de Gormaz;Total;Total habitantes;Personas.
DPOP16909;343.0;San Esteban de la Sierra;Total;Total habitantes;Personas.
DPOP10417;672.0;San Esteban de Litera;Total;Total habitantes;Personas.
DPOP1720;19.0;San Esteban de los Patos;Total;Total habitantes;Personas.
DPOP11260;239.0;San Esteban de Nogales;Total;Total habitantes;Personas.
DPOP1726;40.0;San Esteban de Zapardiel;Total;Total habitantes;Personas.
DPOP23377;117.0;San Esteban del Molar;Total;Total habitantes;Personas.
DPOP1723;735.0;San Esteban del Valle;Total;Total habitantes;Personas.
DPOP19024;55.0;San Felices;Total;Total habitantes;Personas.
DPOP17566;2379.0;San Felices de Buelna;Total;Total habitantes;Personas.
DPOP16912;355.0;San Felices de los Gallegos;Total;Total habitantes;Personas.
DPOP5413;93338.0;San Fernando;Total;Total habitantes;Personas.
DPOP13297;39059.0;San Fernando de Henares;Total;Total habitantes;Personas.
DPOP772;9769.0;San Fulgencio;Total;Total habitantes;Personas.
DPOP1729;64.0;San García de Ingelmos;Total;Total habitantes;Personas.
DPOP847;2337.0;San Isidro;Total;Total habitantes;Personas.
DPOP13870;36524.0;San Javier;Total;Total habitantes;Personas.
DPOP5452;4419.0;San José del Valle;Total;Total habitantes;Personas.
DPOP18556;23408.0;San Juan de Aznalfarache;Total;Total habitantes;Personas.
DPOP1894;219.0;San Juan de Gredos;Total;Total habitantes;Personas.
DPOP1732;70.0;San Juan de la Encinilla;Total;Total habitantes;Personas.
DPOP1735;422.0;San Juan de la Nava;Total;Total habitantes;Personas.
DPOP17299;4987.0;San Juan de la Rambla;Total;Total habitantes;Personas.
DPOP10423;145.0;San Juan de Plan;Total;Total habitantes;Personas.
DPOP1738;238.0;San Juan del Molinillo;Total;Total habitantes;Personas.
DPOP4309;163.0;San Juan del Monte;Total;Total habitantes;Personas.
DPOP1741;73.0;San Juan del Olmo;Total;Total habitantes;Personas.
DPOP9907;9969.0;San Juan del Puerto;Total;Total habitantes;Personas.
DPOP23380;207.0;San Justo;Total;Total habitantes;Personas.
DPOP11263;1750.0;San Justo de la Vega;Total;Total habitantes;Personas.
DPOP19027;1954.0;San Leonardo de Yagüe;Total;Total habitantes;Personas.
DPOP22258;93.0;San Llorente;Total;Total habitantes;Personas.
DPOP6091;189.0;San Lorenzo de Calatrava;Total;Total habitantes;Personas.
DPOP13300;18872.0;San Lorenzo de El Escorial;Total;Total habitantes;Personas.
DPOP7183;1119.0;San Lorenzo de la Parrilla;Total;Total habitantes;Personas.
DPOP1744;32.0;San Lorenzo de Tormes;Total;Total habitantes;Personas.
DPOP4312;323.0;San Mamés de Burgos;Total;Total habitantes;Personas.
DPOP15619;44.0;San Mamés de Campos;Total;Total habitantes;Personas.
DPOP7186;43.0;San Martín de Boniches;Total;Total habitantes;Personas.
DPOP13303;21010.0;San Martín de la Vega;Total;Total habitantes;Personas.
DPOP1747;163.0;San Martín de la Vega del Alberche;Total;Total habitantes;Personas.
DPOP24283;266.0;San Martín de la Virgen de Moncayo;Total;Total habitantes;Personas.
DPOP20881;778.0;San Martín de Montalbán;Total;Total habitantes;Personas.
DPOP15184;337.0;San Martín de Oscos;Total;Total habitantes;Personas.
DPOP20884;623.0;San Martín de Pusa;Total;Total habitantes;Personas.
DPOP4315;137.0;San Martín de Rubiales;Total;Total habitantes;Personas.
DPOP5149;693.0;San Martín de Trevejo;Total;Total habitantes;Personas.
DPOP14554;352.0;San Martín de Unx;Total;Total habitantes;Personas.
DPOP13306;9324.0;San Martín de Valdeiglesias;Total;Total habitantes;Personas.
DPOP23383;47.0;San Martín de Valderaduey;Total;Total habitantes;Personas.
DPOP22261;78.0;San Martín de Valvení;Total;Total habitantes;Personas.
DPOP16915;233.0;San Martín del Castañar;Total;Total habitantes;Personas.
DPOP1750;221.0;San Martín del Pimpollar;Total;Total habitantes;Personas.
DPOP15181;15531.0;San Martín del Rey Aurelio;Total;Total habitantes;Personas.
DPOP20269;135.0;San Martín del Río;Total;Total habitantes;Personas.
DPOP61916;2735.0;San Martín del Tesorillo;Total;Total habitantes;Personas.
DPOP18142;263.0;San Martín y Mudrián;Total;Total habitantes;Personas.
DPOP24286;3489.0;San Mateo de Gállego;Total;Total habitantes;Personas.
DPOP17302;23960.0;San Miguel de Abona;Total;Total habitantes;Personas.
DPOP17569;164.0;San Miguel de Aguayo;Total;Total habitantes;Personas.
DPOP18145;119.0;San Miguel de Bernuy;Total;Total habitantes;Personas.
DPOP1753;65.0;San Miguel de Corneja;Total;Total habitantes;Personas.
DPOP23386;244.0;San Miguel de la Ribera;Total;Total habitantes;Personas.
DPOP778;7177.0;San Miguel de Salinas;Total;Total habitantes;Personas.
DPOP1756;103.0;San Miguel de Serrezuela;Total;Total habitantes;Personas.
DPOP16918;308.0;San Miguel de Valero;Total;Total habitantes;Personas.
DPOP22264;641.0;San Miguel del Arroyo;Total;Total habitantes;Personas.
DPOP10543;775.0;San Miguel del Cinca;Total;Total habitantes;Personas.
DPOP22267;365.0;San Miguel del Pino;Total;Total habitantes;Personas.
DPOP16216;52.0;San Miguel del Robledo;Total;Total habitantes;Personas.
DPOP23389;123.0;San Miguel del Valle;Total;Total habitantes;Personas.
DPOP12571;214.0;San Millán de la Cogolla;Total;Total habitantes;Personas.
DPOP4318;61.0;San Millán de Lara;Total;Total habitantes;Personas.
DPOP11266;191.0;San Millán de los Caballeros;Total;Total habitantes;Personas.
DPOP12574;35.0;San Millán de Yécora;Total;Total habitantes;Personas.
DPOP121;701.0;San Millán/Donemiliaga;Total;Total habitantes;Personas.
DPOP16921;346.0;San Morales;Total;Total habitantes;Personas.
DPOP16924;192.0;San Muñoz;Total;Total habitantes;Personas.
DPOP18562;604.0;San Nicolás del Puerto;Total;Total habitantes;Personas.
DPOP22270;113.0;San Pablo de la Moraleja;Total;Total habitantes;Personas.
DPOP20887;1627.0;San Pablo de los Montes;Total;Total habitantes;Personas.
DPOP1759;44.0;San Pascual;Total;Total habitantes;Personas.
DPOP373;1155.0;San Pedro;Total;Total habitantes;Personas.
DPOP11269;218.0;San Pedro Bercianos;Total;Total habitantes;Personas.
DPOP23392;417.0;San Pedro de Ceque;Total;Total habitantes;Personas.
DPOP18148;315.0;San Pedro de Gaíllos;Total;Total habitantes;Personas.
DPOP23395;313.0;San Pedro de la Nave-Almendra;Total;Total habitantes;Personas.
DPOP22273;429.0;San Pedro de Latarce;Total;Total habitantes;Personas.
DPOP2266;859.0;San Pedro de Mérida;Total;Total habitantes;Personas.
DPOP16930;273.0;San Pedro de Rozados;Total;Total habitantes;Personas.
DPOP1762;516.0;San Pedro del Arroyo;Total;Total habitantes;Personas.
DPOP13873;29674.0;San Pedro del Pinatar;Total;Total habitantes;Personas.
DPOP17572;432.0;San Pedro del Romeral;Total;Total habitantes;Personas.
DPOP16927;143.0;San Pedro del Valle;Total;Total habitantes;Personas.
DPOP19030;626.0;San Pedro Manrique;Total;Total habitantes;Personas.
DPOP7189;54.0;San Pedro Palmiches;Total;Total habitantes;Personas.
DPOP22276;42.0;San Pelayo;Total;Total habitantes;Personas.
DPOP16933;86.0;San Pelayo de Guareña;Total;Total habitantes;Personas.
DPOP5734;532.0;San Rafael del Río;Total;Total habitantes;Personas.
DPOP12577;127.0;San Román de Cameros;Total;Total habitantes;Personas.
DPOP22279;295.0;San Román de Hornija;Total;Total habitantes;Personas.
DPOP15622;53.0;San Román de la Cuba;Total;Total habitantes;Personas.
DPOP20890;2191.0;San Román de los Montes;Total;Total habitantes;Personas.
DPOP5419;34310.0;San Roque;Total;Total habitantes;Personas.
DPOP17575;333.0;San Roque de Riomiera;Total;Total habitantes;Personas.
DPOP6631;2738.0;San Sadurniño;Total;Total habitantes;Personas.
DPOP22282;20.0;San Salvador;Total;Total habitantes;Personas.
DPOP17305;9574.0;San Sebastián de la Gomera;Total;Total habitantes;Personas.
DPOP6352;865.0;San Sebastián de los Ballesteros;Total;Total habitantes;Personas.
DPOP13309;96992.0;San Sebastián de los Reyes;Total;Total habitantes;Personas.
DPOP9913;649.0;San Silvestre de Guzmán;Total;Total habitantes;Personas.
DPOP15190;396.0;San Tirso de Abres;Total;Total habitantes;Personas.
DPOP12592;62.0;San Torcuato;Total;Total habitantes;Personas.
DPOP2278;5227.0;San Vicente de Alcántara;Total;Total habitantes;Personas.
DPOP1792;171.0;San Vicente de Arévalo;Total;Total habitantes;Personas.
DPOP17599;3995.0;San Vicente de la Barquera;Total;Total habitantes;Personas.
DPOP23428;309.0;San Vicente de la Cabeza;Total;Total habitantes;Personas.
DPOP12601;1054.0;San Vicente de la Sonsierra;Total;Total habitantes;Personas.
DPOP22297;155.0;San Vicente del Palacio;Total;Total habitantes;Personas.
DPOP784;60247.0;Sant Vicent del Raspeig/San Vicente del Raspeig;Total;Total habitantes;Personas.
DPOP4360;26.0;San Vicente del Valle;Total;Total habitantes;Personas.
DPOP23431;419.0;San Vitero;Total;Total habitantes;Personas.
DPOP14932;510.0;San Xoán de Río;Total;Total habitantes;Personas.
DPOP11992;385.0;Sanaüja;Total;Total habitantes;Personas.
DPOP11251;532.0;Sancedo;Total;Total habitantes;Personas.
DPOP1714;720.0;Sanchidrián;Total;Total habitantes;Personas.
DPOP16897;66.0;Sanchón de la Ribera;Total;Total habitantes;Personas.
DPOP16900;43.0;Sanchón de la Sagrada;Total;Total habitantes;Personas.
DPOP18133;1053.0;Sanchonuño;Total;Total habitantes;Personas.
DPOP1717;77.0;Sanchorreja;Total;Total habitantes;Personas.
DPOP16903;206.0;Sanchotello;Total;Total habitantes;Personas.
DPOP2263;141.0;Sancti-Spíritus;Total;Total habitantes;Personas.
DPOP16894;713.0;Sancti-Spíritus;Total;Total habitantes;Personas.
DPOP14953;1086.0;Sandiás;Total;Total habitantes;Personas.
DPOP16906;111.0;Sando;Total;Total habitantes;Personas.
DPOP769;712.0;Sanet y Negrals;Total;Total habitantes;Personas.
DPOP18136;281.0;Sangarcía;Total;Total habitantes;Personas.
DPOP10420;233.0;Sangarrén;Total;Total habitantes;Personas.
DPOP14551;4883.0;Sangüesa/Zangoza;Total;Total habitantes;Personas.
DPOP5416;70012.0;Sanlúcar de Barrameda;Total;Total habitantes;Personas.
DPOP9910;418.0;Sanlúcar de Guadiana;Total;Total habitantes;Personas.
DPOP18559;14648.0;Sanlúcar la Mayor;Total;Total habitantes;Personas.
DPOP14557;89.0;Sansol;Total;Total habitantes;Personas.
DPOP3184;39323.0;Sant Adrià de Besòs;Total;Total habitantes;Personas.
DPOP3187;106.0;Sant Agustí de Lluçanès;Total;Total habitantes;Personas.
DPOP3190;27094.0;Sant Andreu de la Barca;Total;Total habitantes;Personas.
DPOP3193;11938.0;Sant Andreu de Llavaneres;Total;Total habitantes;Personas.
DPOP7843;161.0;Sant Andreu Salou;Total;Total habitantes;Personas.
DPOP7918;382.0;Sant Aniol de Finestres;Total;Total habitantes;Personas.
DPOP2542;29132.0;Sant Antoni de Portmany;Total;Total habitantes;Personas.
DPOP3196;6724.0;Sant Antoni de Vilamajor;Total;Total habitantes;Personas.
DPOP3199;933.0;Sant Bartomeu del Grau;Total;Total habitantes;Personas.
DPOP3202;85610.0;Sant Boi de Llobregat;Total;Total habitantes;Personas.
DPOP3205;602.0;Sant Boi de Lluçanès;Total;Total habitantes;Personas.
DPOP19573;16119.0;Ràpita, La;Total;Total habitantes;Personas.
DPOP3211;3872.0;Sant Cebrià de Vallalta;Total;Total habitantes;Personas.
DPOP3208;18977.0;Sant Celoni;Total;Total habitantes;Personas.
DPOP3214;4187.0;Sant Climent de Llobregat;Total;Total habitantes;Personas.
DPOP7846;690.0;Sant Climent Sescebes;Total;Total habitantes;Personas.
DPOP3217;97983.0;Sant Cugat del Vallès;Total;Total habitantes;Personas.
DPOP3220;1038.0;Sant Cugat Sesgarrigues;Total;Total habitantes;Personas.
DPOP12004;121.0;Sant Esteve de la Sarga;Total;Total habitantes;Personas.
DPOP3223;3099.0;Sant Esteve de Palautordera;Total;Total habitantes;Personas.
DPOP3226;8121.0;Sant Esteve Sesrovires;Total;Total habitantes;Personas.
DPOP7849;882.0;Sant Feliu de Buixalleu;Total;Total habitantes;Personas.
DPOP3232;6827.0;Sant Feliu de Codines;Total;Total habitantes;Personas.
DPOP7852;23141.0;Sant Feliu de Guíxols;Total;Total habitantes;Personas.
DPOP3235;46781.0;Sant Feliu de Llobregat;Total;Total habitantes;Personas.
DPOP7855;1700.0;Sant Feliu de Pallerols;Total;Total habitantes;Personas.
DPOP3238;633.0;Sant Feliu Sasserra;Total;Total habitantes;Personas.
DPOP7858;245.0;Sant Ferriol;Total;Total habitantes;Personas.
DPOP3229;9419.0;Sant Fost de Campsentelles;Total;Total habitantes;Personas.
DPOP3241;9333.0;Sant Fruitós de Bages;Total;Total habitantes;Personas.
DPOP7861;4191.0;Sant Gregori;Total;Total habitantes;Personas.
DPOP11995;1235.0;Sant Guim de Freixenet;Total;Total habitantes;Personas.
DPOP12007;190.0;Sant Guim de la Plana;Total;Total habitantes;Personas.
DPOP7864;6069.0;Sant Hilari Sacalm;Total;Total habitantes;Personas.
DPOP3247;3666.0;Sant Hipòlit de Voltregà;Total;Total habitantes;Personas.
DPOP3181;1477.0;Sant Iscle de Vallalta;Total;Total habitantes;Personas.
DPOP3250;25.0;Sant Jaume de Frontanyà;Total;Total habitantes;Personas.
DPOP7867;863.0;Sant Jaume de Llierca;Total;Total habitantes;Personas.
DPOP19576;2819.0;Sant Jaume dels Domenys;Total;Total habitantes;Personas.
DPOP19705;3745.0;Sant Jaume d'Enveja;Total;Total habitantes;Personas.
DPOP2551;2336.0;Sant Joan;Total;Total habitantes;Personas.
DPOP775;26834.0;Sant Joan d'Alacant;Total;Total habitantes;Personas.
DPOP2554;7046.0;Sant Joan de Labritja;Total;Total habitantes;Personas.
DPOP7873;3404.0;Sant Joan de les Abadesses;Total;Total habitantes;Personas.
DPOP7876;536.0;Sant Joan de Mollet;Total;Total habitantes;Personas.
DPOP5863;3695.0;Sant Joan de Moró;Total;Total habitantes;Personas.
DPOP3256;11133.0;Sant Joan de Vilatorrada;Total;Total habitantes;Personas.
DPOP3253;35926.0;Sant Joan Despí;Total;Total habitantes;Personas.
DPOP7924;3167.0;Sant Joan les Fonts;Total;Total habitantes;Personas.
DPOP21712;527.0;Sant Joanet;Total;Total habitantes;Personas.
DPOP7870;880.0;Sant Jordi Desvalls;Total;Total habitantes;Personas.
DPOP5728;1554.0;Sant Jordi/San Jorge;Total;Total habitantes;Personas.
DPOP2548;29761.0;Sant Josep de sa Talaia;Total;Total habitantes;Personas.
DPOP3535;234.0;Sant Julià de Cerdanyola;Total;Total habitantes;Personas.
DPOP7879;3715.0;Sant Julià de Ramis;Total;Total habitantes;Personas.
DPOP3262;3323.0;Sant Julià de Vilatorta;Total;Total habitantes;Personas.
DPOP8071;1457.0;Sant Julià del Llor i Bonmatí;Total;Total habitantes;Personas.
DPOP3265;21037.0;Sant Just Desvern;Total;Total habitantes;Personas.
DPOP7885;247.0;Sant Llorenç de la Muga;Total;Total habitantes;Personas.
DPOP11998;983.0;Sant Llorenç de Morunys;Total;Total habitantes;Personas.
DPOP2557;9231.0;Sant Llorenç des Cardassar;Total;Total habitantes;Personas.
DPOP3268;2627.0;Sant Llorenç d'Hortons;Total;Total habitantes;Personas.
DPOP3271;2587.0;Sant Llorenç Savall;Total;Total habitantes;Personas.
DPOP2560;7312.0;Sant Lluís;Total;Total habitantes;Personas.
DPOP3277;135.0;Sant Martí d'Albars;Total;Total habitantes;Personas.
DPOP3274;1263.0;Sant Martí de Centelles;Total;Total habitantes;Personas.
DPOP7888;726.0;Sant Martí de Llémena;Total;Total habitantes;Personas.
DPOP12157;668.0;Sant Martí de Riucorb;Total;Total habitantes;Personas.
DPOP3280;1269.0;Sant Martí de Tous;Total;Total habitantes;Personas.
DPOP3283;3485.0;Sant Martí Sarroca;Total;Total habitantes;Personas.
DPOP3286;353.0;Sant Martí Sesgueioles;Total;Total habitantes;Personas.
DPOP7891;271.0;Sant Martí Vell;Total;Total habitantes;Personas.
DPOP5731;2021.0;Sant Mateu;Total;Total habitantes;Personas.
DPOP3289;641.0;Sant Mateu de Bages;Total;Total habitantes;Personas.
DPOP7894;258.0;Sant Miquel de Campmajor;Total;Total habitantes;Personas.
DPOP7897;860.0;Sant Miquel de Fluvià;Total;Total habitantes;Personas.
DPOP7900;163.0;Sant Mori;Total;Total habitantes;Personas.
DPOP7903;719.0;Sant Pau de Segúries;Total;Total habitantes;Personas.
DPOP3295;32705.0;Sant Pere de Ribes;Total;Total habitantes;Personas.
DPOP3298;2516.0;Sant Pere de Riudebitlles;Total;Total habitantes;Personas.
DPOP3301;2596.0;Sant Pere de Torelló;Total;Total habitantes;Personas.
DPOP3304;5074.0;Sant Pere de Vilamajor;Total;Total habitantes;Personas.
DPOP7906;2290.0;Sant Pere Pescador;Total;Total habitantes;Personas.
DPOP3169;177.0;Sant Pere Sallavinera;Total;Total habitantes;Personas.
DPOP3307;5793.0;Sant Pol de Mar;Total;Total habitantes;Personas.
DPOP3310;2580.0;Sant Quintí de Mediona;Total;Total habitantes;Personas.
DPOP3313;2164.0;Sant Quirze de Besora;Total;Total habitantes;Personas.
DPOP3316;20209.0;Sant Quirze del Vallès;Total;Total habitantes;Personas.
DPOP3319;663.0;Sant Quirze Safaja;Total;Total habitantes;Personas.
DPOP12001;483.0;Sant Ramon;Total;Total habitantes;Personas.
DPOP3322;12911.0;Sant Sadurní d'Anoia;Total;Total habitantes;Personas.
DPOP3325;89.0;Sant Sadurní d'Osormort;Total;Total habitantes;Personas.
DPOP2902;3612.0;Sant Salvador de Guardiola;Total;Total habitantes;Personas.
DPOP3388;10164.0;Sant Vicenç de Castellet;Total;Total habitantes;Personas.
DPOP3394;6802.0;Sant Vicenç de Montalt;Total;Total habitantes;Personas.
DPOP3397;2117.0;Sant Vicenç de Torelló;Total;Total habitantes;Personas.
DPOP3391;28746.0;Sant Vicenç dels Horts;Total;Total habitantes;Personas.
DPOP2269;3881.0;Santa Amalia;Total;Total habitantes;Personas.
DPOP5152;302.0;Santa Ana;Total;Total habitantes;Personas.
DPOP20893;345.0;Santa Ana de Pusa;Total;Total habitantes;Personas.
DPOP9916;466.0;Santa Ana la Real;Total;Total habitantes;Personas.
DPOP19579;3871.0;Santa Bàrbara;Total;Total habitantes;Personas.
DPOP9919;1144.0;Santa Bárbara de Casa;Total;Total habitantes;Personas.
DPOP15877;18766.0;Santa Brígida;Total;Total habitantes;Personas.
DPOP4321;107.0;Santa Cecilia;Total;Total habitantes;Personas.
DPOP3331;197.0;Santa Cecília de Voltregà;Total;Total habitantes;Personas.
DPOP15625;91.0;Santa Cecilia del Alcor;Total;Total habitantes;Personas.
DPOP10426;244.0;Santa Cilia;Total;Total habitantes;Personas.
DPOP23398;153.0;Santa Clara de Avedillo;Total;Total habitantes;Personas.
DPOP12580;104.0;Santa Coloma;Total;Total habitantes;Personas.
DPOP3334;8273.0;Santa Coloma de Cervelló;Total;Total habitantes;Personas.
DPOP7909;13993.0;Santa Coloma de Farners;Total;Total habitantes;Personas.
DPOP3337;123981.0;Santa Coloma de Gramenet;Total;Total habitantes;Personas.
DPOP19582;2795.0;Santa Coloma de Queralt;Total;Total habitantes;Personas.
DPOP11272;502.0;Santa Colomba de Curueño;Total;Total habitantes;Personas.
DPOP23401;236.0;Santa Colomba de las Monjas;Total;Total habitantes;Personas.
DPOP11275;472.0;Santa Colomba de Somoza;Total;Total habitantes;Personas.
DPOP6634;9442.0;Santa Comba;Total;Total habitantes;Personas.
DPOP7912;5987.0;Santa Cristina d'Aro;Total;Total habitantes;Personas.
DPOP23404;1034.0;Santa Cristina de la Polvorosa;Total;Total habitantes;Personas.
DPOP11278;278.0;Santa Cristina de Valmadrigal;Total;Total habitantes;Personas.
DPOP23407;253.0;Santa Croya de Tera;Total;Total habitantes;Personas.
DPOP17578;13904.0;Santa Cruz de Bezana;Total;Total habitantes;Personas.
DPOP15628;51.0;Santa Cruz de Boedo;Total;Total habitantes;Personas.
DPOP24289;95.0;Santa Cruz de Grío;Total;Total habitantes;Personas.
DPOP17308;15690.0;Santa Cruz de la Palma;Total;Total habitantes;Personas.
DPOP4324;148.0;Santa Cruz de la Salceda;Total;Total habitantes;Personas.
DPOP10429;193.0;Santa Cruz de la Serós;Total;Total habitantes;Personas.
DPOP5155;317.0;Santa Cruz de la Sierra;Total;Total habitantes;Personas.
DPOP20896;4180.0;Santa Cruz de la Zarza;Total;Total habitantes;Personas.
DPOP6094;463.0;Santa Cruz de los Cáñamos;Total;Total habitantes;Personas.
DPOP1081;236.0;Santa Cruz de Marchena;Total;Total habitantes;Personas.
DPOP24292;123.0;Santa Cruz de Moncayo;Total;Total habitantes;Personas.
DPOP7192;233.0;Santa Cruz de Moya;Total;Total habitantes;Personas.
DPOP6097;3881.0;Santa Cruz de Mudela;Total;Total habitantes;Personas.
DPOP20272;24.0;Santa Cruz de Nogueras;Total;Total habitantes;Personas.
DPOP5158;286.0;Santa Cruz de Paniagua;Total;Total habitantes;Personas.
DPOP1768;169.0;Santa Cruz de Pinares;Total;Total habitantes;Personas.
DPOP17311;211957.0;Santa Cruz de Tenerife;Total;Total habitantes;Personas.
DPOP19033;56.0;Santa Cruz de Yanguas;Total;Total habitantes;Personas.
DPOP8488;523.0;Santa Cruz del Comercio;Total;Total habitantes;Personas.
DPOP20899;4194.0;Santa Cruz del Retamar;Total;Total habitantes;Personas.
DPOP1765;295.0;Santa Cruz del Valle;Total;Total habitantes;Personas.
DPOP4327;94.0;Santa Cruz del Valle Urbión;Total;Total habitantes;Personas.
DPOP10777;863.0;Santa Elena;Total;Total habitantes;Personas.
DPOP11281;1021.0;Santa Elena de Jamuz;Total;Total habitantes;Personas.
DPOP12583;188.0;Santa Engracia del Jubera;Total;Total habitantes;Personas.
DPOP6358;685.0;Santa Eufemia;Total;Total habitantes;Personas.
DPOP22285;78.0;Santa Eufemia del Arroyo;Total;Total habitantes;Personas.
DPOP23410;169.0;Santa Eufemia del Barco;Total;Total habitantes;Personas.
DPOP2563;1902.0;Santa Eugènia;Total;Total habitantes;Personas.
DPOP3340;2348.0;Santa Eugènia de Berga;Total;Total habitantes;Personas.
DPOP20275;1004.0;Santa Eulalia;Total;Total habitantes;Personas.
DPOP12586;112.0;Santa Eulalia Bajera;Total;Total habitantes;Personas.
DPOP24295;101.0;Santa Eulalia de Gállego;Total;Total habitantes;Personas.
DPOP15187;420.0;Santa Eulalia de Oscos;Total;Total habitantes;Personas.
DPOP3343;1516.0;Santa Eulàlia de Riuprimer;Total;Total habitantes;Personas.
DPOP3346;7953.0;Santa Eulàlia de Ronçana;Total;Total habitantes;Personas.
DPOP2566;42479.0;Santa Eulària des Riu;Total;Total habitantes;Personas.
DPOP8491;15494.0;Santa Fe;Total;Total habitantes;Personas.
DPOP1084;503.0;Santa Fe de Mondújar;Total;Total habitantes;Personas.
DPOP3349;365.0;Santa Fe del Penedès;Total;Total habitantes;Personas.
DPOP4330;180.0;Santa Gadea del Cid;Total;Total habitantes;Personas.
DPOP4333;153.0;Santa Inés;Total;Total habitantes;Personas.
DPOP7915;396.0;Santa Llogaia d'Àlguema;Total;Total habitantes;Personas.
DPOP15880;78584.0;Santa Lucía de Tirajana;Total;Total habitantes;Personas.
DPOP5737;771.0;Santa Magdalena de Pulpis;Total;Total habitantes;Personas.
DPOP2569;14056.0;Santa Margalida;Total;Total habitantes;Personas.
DPOP3352;10631.0;Santa Margarida de Montbui;Total;Total habitantes;Personas.
DPOP3355;7806.0;Santa Margarida i els Monjos;Total;Total habitantes;Personas.
DPOP3361;164.0;Santa Maria de Besora;Total;Total habitantes;Personas.
DPOP17581;9538.0;Santa María de Cayón;Total;Total habitantes;Personas.
DPOP10552;206.0;Santa María de Dulcis;Total;Total habitantes;Personas.
DPOP15883;14311.0;Santa María de Guía de Gran Canaria;Total;Total habitantes;Personas.
DPOP19036;239.0;Santa María de Huerta;Total;Total habitantes;Personas.
DPOP13312;1584.0;Santa María de la Alameda;Total;Total habitantes;Personas.
DPOP11284;429.0;Santa María de la Isla;Total;Total habitantes;Personas.
DPOP23413;259.0;Santa María de la Vega;Total;Total habitantes;Personas.
DPOP19039;112.0;Santa María de las Hoyas;Total;Total habitantes;Personas.
DPOP1777;53.0;Santa María de los Caballeros;Total;Total habitantes;Personas.
DPOP7198;660.0;Santa María de los Llanos;Total;Total habitantes;Personas.
DPOP3370;868.0;Santa Maria de Martorelles;Total;Total habitantes;Personas.
DPOP3367;179.0;Santa Maria de Merlès;Total;Total habitantes;Personas.
DPOP3373;144.0;Santa Maria de Miralles;Total;Total habitantes;Personas.
DPOP11293;327.0;Santa María de Ordás;Total;Total habitantes;Personas.
DPOP3379;10080.0;Santa Maria de Palautordera;Total;Total habitantes;Personas.
DPOP16936;91.0;Santa María de Sando;Total;Total habitantes;Personas.
DPOP23416;50.0;Santa María de Valverde;Total;Total habitantes;Personas.
DPOP1771;103.0;Santa María del Arroyo;Total;Total habitantes;Personas.
DPOP1774;372.0;Santa María del Berrocal;Total;Total habitantes;Personas.
DPOP2572;7744.0;Santa María del Camí;Total;Total habitantes;Personas.
DPOP4336;508.0;Santa María del Campo;Total;Total habitantes;Personas.
DPOP7195;527.0;Santa María del Campo Rus;Total;Total habitantes;Personas.
DPOP1897;308.0;Santa María del Cubillo;Total;Total habitantes;Personas.
DPOP4339;70.0;Santa María del Invierno;Total;Total habitantes;Personas.
DPOP4342;119.0;Santa María del Mercadillo;Total;Total habitantes;Personas.
DPOP11287;207.0;Santa María del Monte de Cea;Total;Total habitantes;Personas.
DPOP11290;2994.0;Santa María del Páramo;Total;Total habitantes;Personas.
DPOP1780;582.0;Santa María del Tiétar;Total;Total habitantes;Personas.
DPOP7201;55.0;Santa María del Val;Total;Total habitantes;Personas.
DPOP3376;1099.0;Santa Maria d'Oló;Total;Total habitantes;Personas.
DPOP18151;906.0;Santa María la Real de Nieva;Total;Total habitantes;Personas.
DPOP4345;97.0;Santa María Ribarredonda;Total;Total habitantes;Personas.
DPOP11296;1718.0;Santa Marina del Rey;Total;Total habitantes;Personas.
DPOP2272;4201.0;Santa Marta;Total;Total habitantes;Personas.
DPOP5161;291.0;Santa Marta de Magasca;Total;Total habitantes;Personas.
DPOP16939;14976.0;Santa Marta de Tormes;Total;Total habitantes;Personas.
DPOP18154;45.0;Santa Marta del Cerro;Total;Total habitantes;Personas.
DPOP20902;3571.0;Santa Olalla;Total;Total habitantes;Personas.
DPOP4348;38.0;Santa Olalla de Bureba;Total;Total habitantes;Personas.
DPOP9922;2039.0;Santa Olalla del Cala;Total;Total habitantes;Personas.
DPOP19585;3711.0;Santa Oliva;Total;Total habitantes;Personas.
DPOP7921;1579.0;Santa Pau;Total;Total habitantes;Personas.
DPOP3382;26130.0;Santa Perpètua de Mogoda;Total;Total habitantes;Personas.
DPOP781;39709.0;Santa Pola;Total;Total habitantes;Personas.
DPOP3385;4099.0;Santa Susanna;Total;Total habitantes;Personas.
DPOP17314;15429.0;Santa Úrsula;Total;Total habitantes;Personas.
DPOP14560;874.0;Santacara;Total;Total habitantes;Personas.
DPOP6355;4641.0;Santaella;Total;Total habitantes;Personas.
DPOP10432;78.0;Santaliestra y San Quílez;Total;Total habitantes;Personas.
DPOP17584;175425.0;Santander;Total;Total habitantes;Personas.
DPOP2575;13067.0;Santanyí;Total;Total habitantes;Personas.
DPOP11299;763.0;Santas Martas;Total;Total habitantes;Personas.
DPOP24298;72.0;Santed;Total;Total habitantes;Personas.
DPOP22288;100.0;Santervás de Campos;Total;Total habitantes;Personas.
DPOP15631;392.0;Santervás de la Vega;Total;Total habitantes;Personas.
DPOP5164;454.0;Santiago de Alcántara;Total;Total habitantes;Personas.
DPOP10780;660.0;Santiago de Calatrava;Total;Total habitantes;Personas.
DPOP6637;100965.0;Santiago de Compostela;Total;Total habitantes;Personas.
DPOP16942;280.0;Santiago de la Puebla;Total;Total habitantes;Personas.
DPOP5167;250.0;Santiago del Campo;Total;Total habitantes;Personas.
DPOP1783;161.0;Santiago del Collado;Total;Total habitantes;Personas.
DPOP17317;12582.0;Santiago del Teide;Total;Total habitantes;Personas.
DPOP1903;104.0;Santiago del Tormes;Total;Total habitantes;Personas.
DPOP11302;350.0;Santiago Millas;Total;Total habitantes;Personas.
DPOP10852;2629.0;Santiago-Pontones;Total;Total habitantes;Personas.
DPOP16945;448.0;Santibáñez de Béjar;Total;Total habitantes;Personas.
DPOP15634;42.0;Santibáñez de Ecla;Total;Total habitantes;Personas.
DPOP4351;72.0;Santibáñez de Esgueva;Total;Total habitantes;Personas.
DPOP15637;892.0;Santibáñez de la Peña;Total;Total habitantes;Personas.
DPOP16948;142.0;Santibáñez de la Sierra;Total;Total habitantes;Personas.
DPOP23419;351.0;Santibáñez de Tera;Total;Total habitantes;Personas.
DPOP22291;195.0;Santibáñez de Valcorba;Total;Total habitantes;Personas.
DPOP23422;846.0;Santibáñez de Vidriales;Total;Total habitantes;Personas.
DPOP4354;64.0;Santibáñez del Val;Total;Total habitantes;Personas.
DPOP5170;386.0;Santibáñez el Alto;Total;Total habitantes;Personas.
DPOP5173;711.0;Santibáñez el Bajo;Total;Total habitantes;Personas.
DPOP17587;4189.0;Santillana del Mar;Total;Total habitantes;Personas.
DPOP18565;8634.0;Santiponce;Total;Total habitantes;Personas.
DPOP6640;1430.0;Santiso;Total;Total habitantes;Personas.
DPOP10783;4451.0;Santisteban del Puerto;Total;Total habitantes;Personas.
DPOP17590;254.0;Santiurde de Reinosa;Total;Total habitantes;Personas.
DPOP17593;1726.0;Santiurde de Toranzo;Total;Total habitantes;Personas.
DPOP9223;15.0;Santiuste;Total;Total habitantes;Personas.
DPOP18157;81.0;Santiuste de Pedraza;Total;Total habitantes;Personas.
DPOP18160;534.0;Santiuste de San Juan Bautista;Total;Total habitantes;Personas.
DPOP16951;225.0;Santiz;Total;Total habitantes;Personas.
DPOP15193;281.0;Santo Adriano;Total;Total habitantes;Personas.
DPOP12589;6441.0;Santo Domingo de la Calzada;Total;Total habitantes;Personas.
DPOP1786;71.0;Santo Domingo de las Posadas;Total;Total habitantes;Personas.
DPOP18163;51.0;Santo Domingo de Pirón;Total;Total habitantes;Personas.
DPOP4357;251.0;Santo Domingo de Silos;Total;Total habitantes;Personas.
DPOP21043;1299.0;Santo Domingo-Caudilla;Total;Total habitantes;Personas.
DPOP10786;2029.0;Santo Tomé;Total;Total habitantes;Personas.
DPOP1789;70.0;Santo Tomé de Zabarcos;Total;Total habitantes;Personas.
DPOP18166;230.0;Santo Tomé del Puerto;Total;Total habitantes;Personas.
DPOP13897;16443.0;Santomera;Total;Total habitantes;Personas.
DPOP17596;10835.0;Santoña;Total;Total habitantes;Personas.
DPOP13315;1011.0;Santorcaz;Total;Total habitantes;Personas.
DPOP13318;2867.0;Santos de la Humosa, Los;Total;Total habitantes;Personas.
DPOP2275;8088.0;Santos de Maimona, Los;Total;Total habitantes;Personas.
DPOP16954;570.0;Santos, Los;Total;Total habitantes;Personas.
DPOP23425;219.0;Santovenia;Total;Total habitantes;Personas.
DPOP11305;2058.0;Santovenia de la Valdoncina;Total;Total habitantes;Personas.
DPOP22294;4762.0;Santovenia de Pisuerga;Total;Total habitantes;Personas.
DPOP15640;187.0;Santoyo;Total;Total habitantes;Personas.
DPOP3178;7744.0;Santpedor;Total;Total habitantes;Personas.
DPOP12595;260.0;Santurde de Rioja;Total;Total habitantes;Personas.
DPOP12598;95.0;Santurdejo;Total;Total habitantes;Personas.
DPOP22768;46442.0;Santurtzi;Total;Total habitantes;Personas.
DPOP16072;18016.0;Sanxenxo;Total;Total habitantes;Personas.
DPOP23434;454.0;Sanzoles;Total;Total habitantes;Personas.
DPOP22300;600.0;Sardón de Duero;Total;Total habitantes;Personas.
DPOP16957;98.0;Sardón de los Frailes;Total;Total habitantes;Personas.
DPOP4363;130.0;Sargentes de la Lora;Total;Total habitantes;Personas.
DPOP15196;1252.0;Sariego;Total;Total habitantes;Personas.
DPOP11308;5456.0;Sariegos;Total;Total habitantes;Personas.
DPOP10435;4113.0;Sariñena;Total;Total habitantes;Personas.
DPOP17602;480.0;Saro;Total;Total habitantes;Personas.
DPOP4366;261.0;Sarracín;Total;Total habitantes;Personas.
DPOP19591;1644.0;Sarral;Total;Total habitantes;Personas.
DPOP14956;1068.0;Sarreaus;Total;Total habitantes;Personas.
DPOP12886;13726.0;Sarria;Total;Total habitantes;Personas.
DPOP7927;5406.0;Sarrià de Ter;Total;Total habitantes;Personas.
DPOP14566;57.0;Sarriés/Sartze;Total;Total habitantes;Personas.
DPOP20278;1261.0;Sarrión;Total;Total habitantes;Personas.
DPOP12013;111.0;Sarroca de Bellera;Total;Total habitantes;Personas.
DPOP12010;383.0;Sarroca de Lleida;Total;Total habitantes;Personas.
DPOP14569;1349.0;Sartaguda;Total;Total habitantes;Personas.
DPOP20905;104.0;Sartajada;Total;Total habitantes;Personas.
DPOP4369;898.0;Sasamón;Total;Total habitantes;Personas.
DPOP24301;1067.0;Sástago;Total;Total habitantes;Personas.
DPOP9226;47.0;Saúca;Total;Total habitantes;Personas.
DPOP5176;1002.0;Saucedilla;Total;Total habitantes;Personas.
DPOP18568;4189.0;Saucejo, El;Total;Total habitantes;Personas.
DPOP16960;242.0;Saucelle;Total;Total habitantes;Personas.
DPOP18169;135.0;Sauquillo de Cabezas;Total;Total habitantes;Personas.
DPOP7930;897.0;Saus, Camallera i Llampaies;Total;Total habitantes;Personas.
DPOP17320;9345.0;Sauzal, El;Total;Total habitantes;Personas.
DPOP19594;49.0;Savallà del Comtat;Total;Total habitantes;Personas.
DPOP12889;3470.0;Saviñao, O;Total;Total habitantes;Personas.
DPOP787;10346.0;Sax;Total;Total habitantes;Personas.
DPOP13717;1672.0;Sayalonga;Total;Total habitantes;Personas.
DPOP9229;64.0;Sayatón;Total;Total habitantes;Personas.
DPOP18172;239.0;Sebúlcor;Total;Total habitantes;Personas.
DPOP22303;1015.0;Seca, La;Total;Total habitantes;Personas.
DPOP10438;142.0;Secastilla;Total;Total habitantes;Personas.
DPOP19597;1845.0;Secuita, La;Total;Total habitantes;Personas.
DPOP21715;10837.0;Sedaví;Total;Total habitantes;Personas.
DPOP13720;607.0;Sedella;Total;Total habitantes;Personas.
DPOP24307;109.0;Sediles;Total;Total habitantes;Personas.
DPOP21718;180.0;Segart;Total;Total habitantes;Personas.
DPOP5743;9805.0;Segorbe;Total;Total habitantes;Personas.
DPOP18175;52375.0;Segovia;Total;Total habitantes;Personas.
DPOP9658;1496.0;Segura;Total;Total habitantes;Personas.
DPOP10789;1711.0;Segura de la Sierra;Total;Total habitantes;Personas.
DPOP2281;1758.0;Segura de León;Total;Total habitantes;Personas.
DPOP20281;55.0;Segura de los Baños;Total;Total habitantes;Personas.
DPOP5179;190.0;Segura de Toro;Total;Total habitantes;Personas.
DPOP20908;1412.0;Segurilla;Total;Total habitantes;Personas.
DPOP10441;149.0;Seira;Total;Total habitantes;Personas.
DPOP9232;33.0;Selas;Total;Total habitantes;Personas.
DPOP17605;1868.0;Selaya;Total;Total habitantes;Personas.
DPOP790;621.0;Sella;Total;Total habitantes;Personas.
DPOP21721;383.0;Sellent;Total;Total habitantes;Personas.
DPOP2578;4326.0;Selva;Total;Total habitantes;Personas.
DPOP7933;223.0;Selva de Mar, La;Total;Total habitantes;Personas.
DPOP19600;5732.0;Selva del Camp, La;Total;Total habitantes;Personas.
DPOP9445;25.0;Semillas;Total;Total habitantes;Personas.
DPOP21724;33.0;Sempere;Total;Total habitantes;Personas.
DPOP10444;490.0;Sena;Total;Total habitantes;Personas.
DPOP11311;373.0;Sena de Luna;Total;Total habitantes;Personas.
DPOP19603;47.0;Senan;Total;Total habitantes;Personas.
DPOP2545;3973.0;Sencelles;Total;Total habitantes;Personas.
DPOP1087;279.0;Senés;Total;Total habitantes;Personas.
DPOP10447;49.0;Senés de Alcubierre;Total;Total habitantes;Personas.
DPOP19300;5516.0;Sénia, La;Total;Total habitantes;Personas.
DPOP793;698.0;Senija;Total;Total habitantes;Personas.
DPOP20284;39.0;Seno;Total;Total habitantes;Personas.
DPOP12016;160.0;Senterada;Total;Total habitantes;Personas.
DPOP11593;448.0;Sentiu de Sió, La;Total;Total habitantes;Personas.
DPOP3403;9548.0;Sentmenat;Total;Total habitantes;Personas.
DPOP21727;1114.0;Senyera;Total;Total habitantes;Personas.
DPOP16966;153.0;Sepulcro-Hilario;Total;Total habitantes;Personas.
DPOP18178;979.0;Sepúlveda;Total;Total habitantes;Personas.
DPOP18181;42.0;Sequera de Fresno;Total;Total habitantes;Personas.
DPOP4372;28.0;Sequera de Haza, La;Total;Total habitantes;Personas.
DPOP16969;216.0;Sequeros;Total;Total habitantes;Personas.
DPOP7939;1228.0;Serinyà;Total;Total habitantes;Personas.
DPOP13321;110.0;Serna del Monte, La;Total;Total habitantes;Personas.
DPOP15643;90.0;Serna, La;Total;Total habitantes;Personas.
DPOP1090;2151.0;Serón;Total;Total habitantes;Personas.
DPOP19042;125.0;Serón de Nágima;Total;Total habitantes;Personas.
DPOP12022;1954.0;Seròs;Total;Total habitantes;Personas.
DPOP21730;3767.0;Serra;Total;Total habitantes;Personas.
DPOP7942;240.0;Serra de Daró;Total;Total habitantes;Personas.
DPOP22306;1117.0;Serrada;Total;Total habitantes;Personas.
DPOP1795;132.0;Serrada, La;Total;Total habitantes;Personas.
DPOP5182;1448.0;Serradilla;Total;Total habitantes;Personas.
DPOP16972;239.0;Serradilla del Arroyo;Total;Total habitantes;Personas.
DPOP16975;136.0;Serradilla del Llano;Total;Total habitantes;Personas.
DPOP1798;247.0;Serranillos;Total;Total habitantes;Personas.
DPOP13324;4670.0;Serranillos del Valle;Total;Total habitantes;Personas.
DPOP5740;113.0;Serratella, la;Total;Total habitantes;Personas.
DPOP37292;457.0;Serrato;Total;Total habitantes;Personas.
DPOP5185;410.0;Serrejón;Total;Total habitantes;Personas.
DPOP10450;167.0;Sesa;Total;Total habitantes;Personas.
DPOP20911;30907.0;Seseña;Total;Total habitantes;Personas.
DPOP14572;1248.0;Sesma;Total;Total habitantes;Personas.
DPOP22774;28512.0;Sestao;Total;Total habitantes;Personas.
DPOP24310;329.0;Sestrica;Total;Total habitantes;Personas.
DPOP10453;120.0;Sesué;Total;Total habitantes;Personas.
DPOP7945;195.0;Setcases;Total;Total habitantes;Personas.
DPOP5422;2634.0;Setenil de las Bodegas;Total;Total habitantes;Personas.
DPOP9235;78.0;Setiles;Total;Total habitantes;Personas.
DPOP12019;13009.0;Seu d'Urgell, La;Total;Total habitantes;Personas.
DPOP3409;3808.0;Seva;Total;Total habitantes;Personas.
DPOP18571;689423.0;Sevilla;Total;Total habitantes;Personas.
DPOP13327;9802.0;Sevilla la Nueva;Total;Total habitantes;Personas.
DPOP20914;635.0;Sevilleja de la Jara;Total;Total habitantes;Personas.
DPOP12025;760.0;Sidamon;Total;Total habitantes;Personas.
DPOP9238;38.0;Sienes;Total;Total habitantes;Personas.
DPOP15199;53049.0;Siero;Total;Total habitantes;Personas.
DPOP16978;41.0;Sierpe, La;Total;Total habitantes;Personas.
DPOP5188;2081.0;Sierra de Fuentes;Total;Total habitantes;Personas.
DPOP24313;269.0;Sierra de Luna;Total;Total habitantes;Personas.
DPOP13723;3418.0;Sierra de Yeguas;Total;Total habitantes;Personas.
DPOP5746;1039.0;Sierra Engarcerán;Total;Total habitantes;Personas.
DPOP1093;364.0;Sierro;Total;Total habitantes;Personas.
DPOP10456;697.0;Siétamo;Total;Total habitantes;Personas.
DPOP21733;1289.0;Siete Aguas;Total;Total habitantes;Personas.
DPOP22309;413.0;Siete Iglesias de Trabancos;Total;Total habitantes;Personas.
DPOP16981;193.0;Sieteiglesias de Tormes;Total;Total habitantes;Personas.
DPOP1801;41.0;Sigeres;Total;Total habitantes;Personas.
DPOP9241;4911.0;Sigüenza;Total;Total habitantes;Personas.
DPOP24316;72.0;Sigüés;Total;Total habitantes;Personas.
DPOP10792;2067.0;Siles;Total;Total habitantes;Personas.
DPOP21736;20482.0;Silla;Total;Total habitantes;Personas.
DPOP16075;8917.0;Silleda;Total;Total habitantes;Personas.
DPOP17323;4773.0;Silos, Los;Total;Total habitantes;Personas.
DPOP7948;6920.0;Sils;Total;Total habitantes;Personas.
DPOP22312;5533.0;Simancas;Total;Total habitantes;Personas.
DPOP21739;3311.0;Simat de la Valldigna;Total;Total habitantes;Personas.
DPOP21742;1176.0;Sinarcas;Total;Total habitantes;Personas.
DPOP2584;4537.0;Sineu;Total;Total habitantes;Personas.
DPOP20287;76.0;Singra;Total;Total habitantes;Personas.
DPOP1804;134.0;Sinlabajos;Total;Total habitantes;Personas.
DPOP2284;1766.0;Siruela;Total;Total habitantes;Personas.
DPOP24319;50.0;Sisamón;Total;Total habitantes;Personas.
DPOP7204;1640.0;Sisante;Total;Total habitantes;Personas.
DPOP3412;32609.0;Sitges;Total;Total habitantes;Personas.
DPOP7555;188.0;Siurana;Total;Total habitantes;Personas.
DPOP17608;1057.0;Soba;Total;Total habitantes;Personas.
DPOP12892;2090.0;Sober;Total;Total habitantes;Personas.
DPOP24322;1110.0;Sobradiel;Total;Total habitantes;Personas.
DPOP16984;170.0;Sobradillo;Total;Total habitantes;Personas.
DPOP11314;275.0;Sobrado;Total;Total habitantes;Personas.
DPOP6643;1830.0;Sobrado;Total;Total habitantes;Personas.
DPOP3415;90.0;Sobremunt;Total;Total habitantes;Personas.
DPOP15202;838.0;Sobrescobio;Total;Total habitantes;Personas.
DPOP376;1643.0;Socovos;Total;Total habitantes;Personas.
DPOP6100;12172.0;Socuéllamos;Total;Total habitantes;Personas.
DPOP12604;690.0;Sojuela;Total;Total habitantes;Personas.
DPOP1807;95.0;Solana de Ávila;Total;Total habitantes;Personas.
DPOP2287;2522.0;Solana de los Barros;Total;Total habitantes;Personas.
DPOP1810;141.0;Solana de Rioalmar;Total;Total habitantes;Personas.
DPOP6106;333.0;Solana del Pino;Total;Total habitantes;Personas.
DPOP6103;15242.0;Solana, La;Total;Total habitantes;Personas.
DPOP9244;72.0;Solanillos del Extremo;Total;Total habitantes;Personas.
DPOP4375;73.0;Solarana;Total;Total habitantes;Personas.
DPOP7207;32.0;Solera de Gabaldón;Total;Total habitantes;Personas.
DPOP12028;308.0;Soleràs, El;Total;Total habitantes;Personas.
DPOP19045;37.0;Soliedra;Total;Total habitantes;Personas.
DPOP19606;633.0;Solivella;Total;Total habitantes;Personas.
DPOP21745;5089.0;Sollana;Total;Total habitantes;Personas.
DPOP2587;13882.0;Sóller;Total;Total habitantes;Personas.
DPOP17611;1144.0;Solórzano;Total;Total habitantes;Personas.
DPOP1813;750.0;Solosancho;Total;Total habitantes;Personas.
DPOP12031;9717.0;Solsona;Total;Total habitantes;Personas.
DPOP15205;1031.0;Somiedo;Total;Total habitantes;Personas.
DPOP9247;26.0;Somolinos;Total;Total habitantes;Personas.
DPOP1096;497.0;Somontín;Total;Total habitantes;Personas.
DPOP13330;93.0;Somosierra;Total;Total habitantes;Personas.
DPOP6646;1042.0;Somozas, As;Total;Total habitantes;Personas.
DPOP2590;12417.0;Son Servera;Total;Total habitantes;Personas.
DPOP22825;4670.0;Sondika;Total;Total habitantes;Personas.
DPOP5749;1521.0;Soneja;Total;Total habitantes;Personas.
DPOP20917;11452.0;Sonseca;Total;Total habitantes;Personas.
DPOP10459;84.0;Sopeira;Total;Total habitantes;Personas.
DPOP22777;15048.0;Sopela;Total;Total habitantes;Personas.
DPOP8494;260.0;Soportújar;Total;Total habitantes;Personas.
DPOP22780;2820.0;Sopuerta;Total;Total habitantes;Personas.
DPOP3418;225.0;Sora;Total;Total habitantes;Personas.
DPOP9643;3857.0;Soraluze-Placencia de las Armas;Total;Total habitantes;Personas.
DPOP1099;2564.0;Sorbas;Total;Total habitantes;Personas.
DPOP4378;23.0;Sordillos;Total;Total habitantes;Personas.
DPOP19048;41025.0;Soria;Total;Total habitantes;Personas.
DPOP12034;446.0;Soriguera;Total;Total habitantes;Personas.
DPOP16987;255.0;Sorihuela;Total;Total habitantes;Personas.
DPOP10795;1000.0;Sorihuela del Guadalimar;Total;Total habitantes;Personas.
DPOP14575;39.0;Sorlada;Total;Total habitantes;Personas.
DPOP12037;2236.0;Sort;Total;Total habitantes;Personas.
DPOP8497;521.0;Sorvilán;Total;Total habitantes;Personas.
DPOP12607;233.0;Sorzano;Total;Total habitantes;Personas.
DPOP24325;582.0;Sos del Rey Católico;Total;Total habitantes;Personas.
DPOP12040;1892.0;Soses;Total;Total habitantes;Personas.
DPOP21748;427.0;Sot de Chera;Total;Total habitantes;Personas.
DPOP5752;492.0;Sot de Ferrer;Total;Total habitantes;Personas.
DPOP1816;234.0;Sotalbo;Total;Total habitantes;Personas.
DPOP12610;261.0;Sotés;Total;Total habitantes;Personas.
DPOP18184;31.0;Sotillo;Total;Total habitantes;Personas.
DPOP1819;5081.0;Sotillo de la Adrada;Total;Total habitantes;Personas.
DPOP4381;468.0;Sotillo de la Ribera;Total;Total habitantes;Personas.
DPOP20920;184.0;Sotillo de las Palomas;Total;Total habitantes;Personas.
DPOP19051;171.0;Sotillo del Rincón;Total;Total habitantes;Personas.
DPOP9250;28.0;Sotillo, El;Total;Total habitantes;Personas.
DPOP15649;166.0;Soto de Cerrato;Total;Total habitantes;Personas.
DPOP11317;1481.0;Soto de la Vega;Total;Total habitantes;Personas.
DPOP15208;3801.0;Soto del Barco;Total;Total habitantes;Personas.
DPOP13333;9400.0;Soto del Real;Total;Total habitantes;Personas.
DPOP12613;82.0;Soto en Cameros;Total;Total habitantes;Personas.
DPOP11320;706.0;Soto y Amío;Total;Total habitantes;Personas.
DPOP15646;154.0;Sotobañado y Priorato;Total;Total habitantes;Personas.
DPOP9253;30.0;Sotodosos;Total;Total habitantes;Personas.
DPOP10546;879.0;Sotonera, La;Total;Total habitantes;Personas.
DPOP7399;711.0;Sotorribas;Total;Total habitantes;Personas.
DPOP18187;132.0;Sotosalbos;Total;Total habitantes;Personas.
DPOP16990;498.0;Sotoserrano;Total;Total habitantes;Personas.
DPOP4384;300.0;Sotragero;Total;Total habitantes;Personas.
DPOP4387;413.0;Sotresgudo;Total;Total habitantes;Personas.
DPOP16078;7589.0;Soutomaior;Total;Total habitantes;Personas.
DPOP17614;9034.0;Suances;Total;Total habitantes;Personas.
DPOP3421;3288.0;Subirats;Total;Total habitantes;Personas.
DPOP12043;915.0;Sudanell;Total;Total habitantes;Personas.
DPOP21751;29194.0;Sueca;Total;Total habitantes;Personas.
DPOP19054;32.0;Suellacabras;Total;Total habitantes;Personas.
DPOP5755;593.0;Suera/Sueras;Total;Total habitantes;Personas.
DPOP1102;224.0;Suflí;Total;Total habitantes;Personas.
DPOP22750;362.0;Sukarrieta;Total;Total habitantes;Personas.
DPOP21754;1013.0;Sumacàrcer;Total;Total habitantes;Personas.
DPOP14578;672.0;Sunbilla;Total;Total habitantes;Personas.
DPOP12046;310.0;Sunyer;Total;Total habitantes;Personas.
DPOP3424;6200.0;Súria;Total;Total habitantes;Personas.
DPOP4390;115.0;Susinos del Páramo;Total;Total habitantes;Personas.
DPOP7951;103.0;Susqueda;Total;Total habitantes;Personas.
DPOP15652;133.0;Tabanera de Cerrato;Total;Total habitantes;Personas.
DPOP15655;20.0;Tabanera de Valdavia;Total;Total habitantes;Personas.
DPOP18190;51.0;Tabanera la Luenga;Total;Total habitantes;Personas.
DPOP23437;743.0;Tábara;Total;Total habitantes;Personas.
DPOP16993;97.0;Tabera de Abajo;Total;Total habitantes;Personas.
DPOP1105;3991.0;Tabernas;Total;Total habitantes;Personas.
DPOP1108;955.0;Taberno;Total;Total habitantes;Personas.
DPOP12895;2617.0;Taboada;Total;Total habitantes;Personas.
DPOP14959;1480.0;Taboadela;Total;Total habitantes;Personas.
DPOP24328;305.0;Tabuenca;Total;Total habitantes;Personas.
DPOP17326;24619.0;Tacoronte;Total;Total habitantes;Personas.
DPOP14581;10854.0;Tafalla;Total;Total habitantes;Personas.
DPOP3430;328.0;Tagamanent;Total;Total habitantes;Personas.
DPOP8542;777.0;Taha, La;Total;Total habitantes;Personas.
DPOP1111;355.0;Tahal;Total;Total habitantes;Personas.
DPOP19057;22.0;Tajahuerce;Total;Total habitantes;Personas.
DPOP19060;61.0;Tajueco;Total;Total habitantes;Personas.
DPOP16996;77.0;Tala, La;Total;Total habitantes;Personas.
DPOP3433;209.0;Talamanca;Total;Total habitantes;Personas.
DPOP13336;4607.0;Talamanca de Jarama;Total;Total habitantes;Personas.
DPOP24331;68.0;Talamantes;Total;Total habitantes;Personas.
DPOP12049;555.0;Talarn;Total;Total habitantes;Personas.
DPOP2290;3251.0;Talarrubias;Total;Total habitantes;Personas.
DPOP5191;775.0;Talaván;Total;Total habitantes;Personas.
DPOP12052;280.0;Talavera;Total;Total habitantes;Personas.
DPOP20923;83803.0;Talavera de la Reina;Total;Total habitantes;Personas.
DPOP2293;5288.0;Talavera la Real;Total;Total habitantes;Personas.
DPOP5194;303.0;Talaveruela de la Vera;Total;Total habitantes;Personas.
DPOP5197;7439.0;Talayuela;Total;Total habitantes;Personas.
DPOP7210;873.0;Talayuelas;Total;Total habitantes;Personas.
DPOP5758;827.0;Tales;Total;Total habitantes;Personas.
DPOP2296;650.0;Táliga;Total;Total habitantes;Personas.
DPOP7954;490.0;Tallada d'Empordà, La;Total;Total habitantes;Personas.
DPOP19063;105.0;Talveila;Total;Total habitantes;Personas.
DPOP9256;153.0;Tamajón;Total;Total habitantes;Personas.
DPOP16999;781.0;Tamames;Total;Total habitantes;Personas.
DPOP15658;70.0;Támara de Campos;Total;Total habitantes;Personas.
DPOP10462;3464.0;Tamarite de Litera;Total;Total habitantes;Personas.
DPOP22315;85.0;Tamariz de Campos;Total;Total habitantes;Personas.
DPOP4393;52.0;Tamarón;Total;Total habitantes;Personas.
DPOP2299;190.0;Tamurejo;Total;Total habitantes;Personas.
DPOP17329;2787.0;Tanque, El;Total;Total habitantes;Personas.
DPOP15211;3538.0;Tapia de Casariego;Total;Total habitantes;Personas.
DPOP23440;128.0;Tapioles;Total;Total habitantes;Personas.
DPOP3436;6854.0;Taradell;Total;Total habitantes;Personas.
DPOP9259;45.0;Taragudo;Total;Total habitantes;Personas.
DPOP15214;545.0;Taramundi;Total;Total habitantes;Personas.
DPOP7213;16748.0;Tarancón;Total;Total habitantes;Personas.
DPOP9262;38.0;Taravilla;Total;Total habitantes;Personas.
DPOP24334;10873.0;Tarazona;Total;Total habitantes;Personas.
DPOP17002;261.0;Tarazona de Guareña;Total;Total habitantes;Personas.
DPOP379;6100.0;Tarazona de la Mancha;Total;Total habitantes;Personas.
DPOP796;662.0;Tàrbena;Total;Total habitantes;Personas.
DPOP17005;193.0;Tardáguila;Total;Total habitantes;Personas.
DPOP4396;862.0;Tardajos;Total;Total habitantes;Personas.
DPOP19066;414.0;Tardelcuende;Total;Total habitantes;Personas.
DPOP10465;952.0;Tardienta;Total;Total habitantes;Personas.
DPOP15661;504.0;Tariego de Cerrato;Total;Total habitantes;Personas.
DPOP5425;18613.0;Tarifa;Total;Total habitantes;Personas.
DPOP19069;45.0;Taroda;Total;Total habitantes;Personas.
DPOP19609;143649.0;Tarragona;Total;Total habitantes;Personas.
DPOP12055;19057.0;Tàrrega;Total;Total habitantes;Personas.
DPOP12058;126.0;Tarrés;Total;Total habitantes;Personas.
DPOP12061;164.0;Tarroja de Segarra;Total;Total habitantes;Personas.
DPOP9265;143.0;Tartanedo;Total;Total habitantes;Personas.
DPOP24337;6838.0;Tauste;Total;Total habitantes;Personas.
DPOP21757;9824.0;Tavernes Blanques;Total;Total habitantes;Personas.
DPOP21760;17866.0;Tavernes de la Valldigna;Total;Total habitantes;Personas.
DPOP3427;354.0;Tavèrnoles;Total;Total habitantes;Personas.
DPOP3442;128.0;Tavertet;Total;Total habitantes;Personas.
DPOP17332;4549.0;Tazacorte;Total;Total habitantes;Personas.
DPOP13726;3708.0;Teba;Total;Total habitantes;Personas.
DPOP7216;300.0;Tébar;Total;Total habitantes;Personas.
DPOP17335;11490.0;Tegueste;Total;Total habitantes;Personas.
DPOP15886;24027.0;Teguise;Total;Total habitantes;Personas.
DPOP3445;6898.0;Teià;Total;Total habitantes;Personas.
DPOP14962;328.0;Teixeira, A;Total;Total habitantes;Personas.
DPOP4399;35.0;Tejada;Total;Total habitantes;Personas.
DPOP7219;102.0;Tejadillos;Total;Total habitantes;Personas.
DPOP19072;100.0;Tejado;Total;Total habitantes;Personas.
DPOP17008;83.0;Tejado, El;Total;Total habitantes;Personas.
DPOP15889;1806.0;Tejeda;Total;Total habitantes;Personas.
DPOP5200;761.0;Tejeda de Tiétar;Total;Total habitantes;Personas.
DPOP17011;97.0;Tejeda y Segoyuela;Total;Total habitantes;Personas.
DPOP15892;104168.0;Telde;Total;Total habitantes;Personas.
DPOP10468;208.0;Tella-Sin;Total;Total habitantes;Personas.
DPOP20926;1992.0;Tembleque;Total;Total habitantes;Personas.
DPOP9268;353.0;Tendilla;Total;Total habitantes;Personas.
DPOP17014;123.0;Tenebrón;Total;Total habitantes;Personas.
DPOP6649;18968.0;Teo;Total;Total habitantes;Personas.
DPOP5761;254.0;Teresa;Total;Total habitantes;Personas.
DPOP21763;620.0;Teresa de Cofrentes;Total;Total habitantes;Personas.
DPOP12064;1350.0;Térmens;Total;Total habitantes;Personas.
DPOP15895;13211.0;Teror;Total;Total habitantes;Personas.
DPOP1114;393.0;Terque;Total;Total habitantes;Personas.
DPOP7957;337.0;Terrades;Total;Total habitantes;Personas.
DPOP17017;3314.0;Terradillos;Total;Total habitantes;Personas.
DPOP4402;58.0;Terradillos de Esgueva;Total;Total habitantes;Personas.
DPOP3439;233270.0;Terrassa;Total;Total habitantes;Personas.
DPOP21766;290.0;Terrateig;Total;Total habitantes;Personas.
DPOP24340;580.0;Terrer;Total;Total habitantes;Personas.
DPOP20290;198.0;Terriente;Total;Total habitantes;Personas.
DPOP6109;574.0;Terrinches;Total;Total habitantes;Personas.
DPOP12616;31.0;Terroba;Total;Total habitantes;Personas.
DPOP20293;36655.0;Teruel;Total;Total habitantes;Personas.
DPOP9271;24.0;Terzaga;Total;Total habitantes;Personas.
DPOP799;12912.0;Teulada;Total;Total habitantes;Personas.
DPOP15217;1495.0;Teverga;Total;Total habitantes;Personas.
DPOP3448;9331.0;Tiana;Total;Total habitantes;Personas.
DPOP15898;21613.0;Tías;Total;Total habitantes;Personas.
DPOP802;1757.0;Tibi;Total;Total habitantes;Personas.
DPOP14584;693.0;Tiebas-Muruarte de Reta;Total;Total habitantes;Personas.
DPOP22318;273.0;Tiedra;Total;Total habitantes;Personas.
DPOP13339;2964.0;Tielmes;Total;Total habitantes;Personas.
DPOP1822;4582.0;Tiemblo, El;Total;Total habitantes;Personas.
DPOP24343;170.0;Tierga;Total;Total habitantes;Personas.
DPOP10471;821.0;Tierz;Total;Total habitantes;Personas.
DPOP9274;32.0;Tierzo;Total;Total habitantes;Personas.
DPOP37193;835.0;Tiétar;Total;Total habitantes;Personas.
DPOP17338;2733.0;Tijarafe;Total;Total habitantes;Personas.
DPOP1117;3573.0;Tíjola;Total;Total habitantes;Personas.
DPOP7222;184.0;Tinajas;Total;Total habitantes;Personas.
DPOP15901;6939.0;Tinajo;Total;Total habitantes;Personas.
DPOP15220;8679.0;Tineo;Total;Total habitantes;Personas.
DPOP4405;20.0;Tinieblas de la Sierra;Total;Total habitantes;Personas.
DPOP1825;732.0;Tiñosillos;Total;Total habitantes;Personas.
DPOP14587;49.0;Tirapu;Total;Total habitantes;Personas.
DPOP12619;167.0;Tirgo;Total;Total habitantes;Personas.
DPOP5764;417.0;Tírig;Total;Total habitantes;Personas.
DPOP12067;141.0;Tírvia;Total;Total habitantes;Personas.
DPOP21769;517.0;Titaguas;Total;Total habitantes;Personas.
DPOP13342;1389.0;Titulcia;Total;Total habitantes;Personas.
DPOP12070;69.0;Tiurana;Total;Total habitantes;Personas.
DPOP19612;948.0;Tivenys;Total;Total habitantes;Personas.
DPOP19615;1658.0;Tivissa;Total;Total habitantes;Personas.
DPOP9277;70.0;Toba, La;Total;Total habitantes;Personas.
DPOP4408;27.0;Tobar;Total;Total habitantes;Personas.
DPOP382;8006.0;Tobarra;Total;Total habitantes;Personas.
DPOP24346;196.0;Tobed;Total;Total habitantes;Personas.
DPOP12622;41.0;Tobía;Total;Total habitantes;Personas.
DPOP20929;1702.0;Toboso, El;Total;Total habitantes;Personas.
DPOP18574;9431.0;Tocina;Total;Total habitantes;Personas.
DPOP5767;136.0;Todolella;Total;Total habitantes;Personas.
DPOP14965;2327.0;Toén;Total;Total habitantes;Personas.
DPOP5770;106.0;Toga;Total;Total habitantes;Personas.
DPOP17617;369.0;Tojos, Los;Total;Total habitantes;Personas.
DPOP1828;87.0;Tolbaños;Total;Total habitantes;Personas.
DPOP20932;87216.0;Toledo;Total;Total habitantes;Personas.
DPOP805;32.0;Tollos;Total;Total habitantes;Personas.
DPOP18193;38.0;Tolocirio;Total;Total habitantes;Personas.
DPOP9661;20070.0;Tolosa;Total;Total habitantes;Personas.
DPOP13729;2468.0;Tolox;Total;Total habitantes;Personas.
DPOP10474;130.0;Tolva;Total;Total habitantes;Personas.
DPOP18577;25432.0;Tomares;Total;Total habitantes;Personas.
DPOP6112;37060.0;Tomelloso;Total;Total habitantes;Personas.
DPOP16081;13738.0;Tomiño;Total;Total habitantes;Personas.
DPOP3451;8527.0;Tona;Total;Total habitantes;Personas.
DPOP17020;518.0;Topas;Total;Total habitantes;Personas.
DPOP6652;1056.0;Toques;Total;Total habitantes;Personas.
DPOP12073;1190.0;Torà;Total;Total habitantes;Personas.
DPOP11323;486.0;Toral de los Guzmanes;Total;Total habitantes;Personas.
DPOP11422;1751.0;Toral de los Vados;Total;Total habitantes;Personas.
DPOP5773;271.0;Torás;Total;Total habitantes;Personas.
DPOP22321;362.0;Tordehumos;Total;Total habitantes;Personas.
DPOP9283;38.0;Tordellego;Total;Total habitantes;Personas.
DPOP9280;8.0;Tordelrábano;Total;Total habitantes;Personas.
DPOP3454;19039.0;Tordera;Total;Total habitantes;Personas.
DPOP22324;8773.0;Tordesillas;Total;Total habitantes;Personas.
DPOP9286;78.0;Tordesilos;Total;Total habitantes;Personas.
DPOP17023;306.0;Tordillos;Total;Total habitantes;Personas.
DPOP6655;3152.0;Tordoia;Total;Total habitantes;Personas.
DPOP4411;290.0;Tordómar;Total;Total habitantes;Personas.
DPOP3457;15334.0;Torelló;Total;Total habitantes;Personas.
DPOP11326;2833.0;Toreno;Total;Total habitantes;Personas.
DPOP9289;1877.0;Torija;Total;Total habitantes;Personas.
DPOP5203;157.0;Toril;Total;Total habitantes;Personas.
DPOP20296;31.0;Toril y Masegoso;Total;Total habitantes;Personas.
DPOP10477;342.0;Torla-Ordesa;Total;Total habitantes;Personas.
DPOP19075;43.0;Torlengua;Total;Total habitantes;Personas.
DPOP12625;124.0;Tormantos;Total;Total habitantes;Personas.
DPOP1831;35.0;Tormellas;Total;Total habitantes;Personas.
DPOP20299;29.0;Tormón;Total;Total habitantes;Personas.
DPOP808;323.0;Tormos;Total;Total habitantes;Personas.
DPOP12076;135.0;Torms, Els;Total;Total habitantes;Personas.
DPOP12079;832.0;Tornabous;Total;Total habitantes;Personas.
DPOP17026;88.0;Tornadizo, El;Total;Total habitantes;Personas.
DPOP1834;458.0;Tornadizos de Ávila;Total;Total habitantes;Personas.
DPOP5206;989.0;Tornavacas;Total;Total habitantes;Personas.
DPOP5209;805.0;Torno, El;Total;Total habitantes;Personas.
DPOP20302;175.0;Tornos;Total;Total habitantes;Personas.
DPOP23443;8336.0;Toro;Total;Total habitantes;Personas.
DPOP5776;256.0;Toro, El;Total;Total habitantes;Personas.
DPOP15664;964.0;Torquemada;Total;Total habitantes;Personas.
DPOP7225;107.0;Torralba;Total;Total habitantes;Personas.
DPOP10480;105.0;Torralba de Aragón;Total;Total habitantes;Personas.
DPOP6115;3068.0;Torralba de Calatrava;Total;Total habitantes;Personas.
DPOP24349;65.0;Torralba de los Frailes;Total;Total habitantes;Personas.
DPOP20305;145.0;Torralba de los Sisones;Total;Total habitantes;Personas.
DPOP20935;186.0;Torralba de Oropesa;Total;Total habitantes;Personas.
DPOP24352;157.0;Torralba de Ribota;Total;Total habitantes;Personas.
DPOP5779;57.0;Torralba del Pinar;Total;Total habitantes;Personas.
DPOP14590;96.0;Torralba del Río;Total;Total habitantes;Personas.
DPOP24355;38.0;Torralbilla;Total;Total habitantes;Personas.
DPOP5428;781.0;Torre Alháquime;Total;Total habitantes;Personas.
DPOP20314;76.0;Torre de Arcas;Total;Total habitantes;Personas.
DPOP12085;758.0;Torre de Cabdella, La;Total;Total habitantes;Personas.
DPOP3460;4158.0;Torre de Claramunt, La;Total;Total habitantes;Personas.
DPOP5218;481.0;Torre de Don Miguel;Total;Total habitantes;Personas.
DPOP22336;60.0;Torre de Esgueva;Total;Total habitantes;Personas.
DPOP20941;1946.0;Torre de Esteban Hambrán, La;Total;Total habitantes;Personas.
DPOP19618;124.0;Torre de Fontaubella, La;Total;Total habitantes;Personas.
DPOP6118;928.0;Torre de Juan Abad;Total;Total habitantes;Personas.
DPOP20317;19.0;Torre de las Arcas;Total;Total habitantes;Personas.
DPOP19621;641.0;Torre de l'Espanyol, La;Total;Total habitantes;Personas.
DPOP2302;1234.0;Torre de Miguel Sesmero;Total;Total habitantes;Personas.
DPOP22339;57.0;Torre de Peñafiel;Total;Total habitantes;Personas.
DPOP5221;508.0;Torre de Santa María;Total;Total habitantes;Personas.
DPOP11329;1929.0;Torre del Bierzo;Total;Total habitantes;Personas.
DPOP9298;494.0;Torre del Burgo;Total;Total habitantes;Personas.
DPOP20320;120.0;Torre del Compte;Total;Total habitantes;Personas.
DPOP23446;122.0;Torre del Valle, La;Total;Total habitantes;Personas.
DPOP5788;164.0;Torre d'en Besora, la;Total;Total habitantes;Personas.
DPOP5791;177.0;Torre d'en Doménec, la;Total;Total habitantes;Personas.
DPOP12634;8.0;Torre en Cameros;Total;Total habitantes;Personas.
DPOP10483;102.0;Torre la Ribera;Total;Total habitantes;Personas.
DPOP20326;77.0;Torre los Negros;Total;Total habitantes;Personas.
DPOP18208;165.0;Torre Val de San Pedro;Total;Total habitantes;Personas.
DPOP1840;209.0;Torre, La;Total;Total habitantes;Personas.
DPOP18196;53.0;Torreadrada;Total;Total habitantes;Personas.
DPOP21772;398.0;Torrebaja;Total;Total habitantes;Personas.
DPOP12082;278.0;Torrebesses;Total;Total habitantes;Personas.
DPOP19078;28.0;Torreblacos;Total;Total habitantes;Personas.
DPOP5782;5744.0;Torreblanca;Total;Total habitantes;Personas.
DPOP10798;2382.0;Torreblascopedro;Total;Total habitantes;Personas.
DPOP18199;1505.0;Torrecaballeros;Total;Total habitantes;Personas.
DPOP6361;992.0;Torrecampo;Total;Total habitantes;Personas.
DPOP8500;700.0;Torre-Cardela;Total;Total habitantes;Personas.
DPOP5785;106.0;Torrechiva;Total;Total habitantes;Personas.
DPOP20308;436.0;Torrecilla de Alcañiz;Total;Total habitantes;Personas.
DPOP22327;237.0;Torrecilla de la Abadesa;Total;Total habitantes;Personas.
DPOP20938;227.0;Torrecilla de la Jara;Total;Total habitantes;Personas.
DPOP22330;226.0;Torrecilla de la Orden;Total;Total habitantes;Personas.
DPOP22333;27.0;Torrecilla de la Torre;Total;Total habitantes;Personas.
DPOP5212;642.0;Torrecilla de los Ángeles;Total;Total habitantes;Personas.
DPOP4414;79.0;Torrecilla del Monte;Total;Total habitantes;Personas.
DPOP18202;188.0;Torrecilla del Pinar;Total;Total habitantes;Personas.
DPOP20311;114.0;Torrecilla del Rebollar;Total;Total habitantes;Personas.
DPOP12628;474.0;Torrecilla en Cameros;Total;Total habitantes;Personas.
DPOP12631;58.0;Torrecilla sobre Alesanco;Total;Total habitantes;Personas.
DPOP5215;1038.0;Torrecillas de la Tiesa;Total;Total habitantes;Personas.
DPOP9292;20.0;Torrecuadrada de Molina;Total;Total habitantes;Personas.
DPOP9295;26.0;Torrecuadradilla;Total;Total habitantes;Personas.
DPOP10801;13888.0;Torredelcampo;Total;Total habitantes;Personas.
DPOP19624;18237.0;Torredembarra;Total;Total habitantes;Personas.
DPOP10804;13213.0;Torredonjimeno;Total;Total habitantes;Personas.
DPOP12088;4900.0;Torrefarrera;Total;Total habitantes;Personas.
DPOP12172;589.0;Torrefeta i Florejacs;Total;Total habitantes;Personas.
DPOP4417;130.0;Torregalindo;Total;Total habitantes;Personas.
DPOP23449;225.0;Torregamones;Total;Total habitantes;Personas.
DPOP12091;2248.0;Torregrossa;Total;Total habitantes;Personas.
DPOP24358;69.0;Torrehermosa;Total;Total habitantes;Personas.
DPOP18205;257.0;Torreiglesias;Total;Total habitantes;Personas.
DPOP13345;143526.0;Torrejón de Ardoz;Total;Total habitantes;Personas.
DPOP13348;10653.0;Torrejón de la Calzada;Total;Total habitantes;Personas.
DPOP13351;4900.0;Torrejón de Velasco;Total;Total habitantes;Personas.
DPOP9301;6435.0;Torrejón del Rey;Total;Total habitantes;Personas.
DPOP5227;537.0;Torrejón el Rubio;Total;Total habitantes;Personas.
DPOP5224;2743.0;Torrejoncillo;Total;Total habitantes;Personas.
DPOP7228;341.0;Torrejoncillo del Rey;Total;Total habitantes;Personas.
DPOP20323;131.0;Torrelacárcel;Total;Total habitantes;Personas.
DPOP13354;5081.0;Torrelaguna;Total;Total habitantes;Personas.
DPOP12094;788.0;Torrelameu;Total;Total habitantes;Personas.
DPOP24361;30.0;Torrelapaja;Total;Total habitantes;Personas.
DPOP4420;34.0;Torrelara;Total;Total habitantes;Personas.
DPOP17620;51796.0;Torrelavega;Total;Total habitantes;Personas.
DPOP3463;1572.0;Torrelavit;Total;Total habitantes;Personas.
DPOP21775;151.0;Torrella;Total;Total habitantes;Personas.
DPOP24364;249.0;Torrellas;Total;Total habitantes;Personas.
DPOP3466;2746.0;Torrelles de Foix;Total;Total habitantes;Personas.
DPOP3469;6170.0;Torrelles de Llobregat;Total;Total habitantes;Personas.
DPOP22342;387.0;Torrelobatón;Total;Total habitantes;Personas.
DPOP13357;25433.0;Torrelodones;Total;Total habitantes;Personas.
DPOP811;749.0;Torre de les Maçanes, la/Torremanzanas;Total;Total habitantes;Personas.
DPOP2305;992.0;Torremayor;Total;Total habitantes;Personas.
DPOP2308;2238.0;Torremejía;Total;Total habitantes;Personas.
DPOP5230;620.0;Torremenga;Total;Total habitantes;Personas.
DPOP5233;742.0;Torremocha;Total;Total habitantes;Personas.
DPOP9304;23.0;Torremocha de Jadraque;Total;Total habitantes;Personas.
DPOP13360;1157.0;Torremocha de Jarama;Total;Total habitantes;Personas.
DPOP20329;115.0;Torremocha de Jiloca;Total;Total habitantes;Personas.
DPOP9307;193.0;Torremocha del Campo;Total;Total habitantes;Personas.
DPOP9310;32.0;Torremocha del Pinar;Total;Total habitantes;Personas.
DPOP9313;6.0;Torremochuela;Total;Total habitantes;Personas.
DPOP13762;71329.0;Torremolinos;Total;Total habitantes;Personas.
DPOP12637;7.0;Torremontalbo;Total;Total habitantes;Personas.
DPOP15667;41.0;Torremormojón;Total;Total habitantes;Personas.
DPOP21778;90928.0;Torrent;Total;Total habitantes;Personas.
DPOP7960;182.0;Torrent;Total;Total habitantes;Personas.
DPOP10486;1037.0;Torrente de Cinca;Total;Total habitantes;Personas.
DPOP6121;2645.0;Torrenueva;Total;Total habitantes;Personas.
DPOP61925;3207.0;Torrenueva Costa;Total;Total habitantes;Personas.
DPOP5236;1641.0;Torreorgaz;Total;Total habitantes;Personas.
DPOP13876;41479.0;Torre-Pacheco;Total;Total habitantes;Personas.
DPOP4423;68.0;Torrepadre;Total;Total habitantes;Personas.
DPOP10807;7107.0;Torreperogil;Total;Total habitantes;Personas.
DPOP5239;564.0;Torrequemada;Total;Total habitantes;Personas.
DPOP10810;1328.0;Torres;Total;Total habitantes;Personas.
DPOP10813;735.0;Torres de Albánchez;Total;Total habitantes;Personas.
DPOP20332;187.0;Torres de Albarracín;Total;Total habitantes;Personas.
DPOP10489;91.0;Torres de Alcanadre;Total;Total habitantes;Personas.
DPOP10492;271.0;Torres de Barbués;Total;Total habitantes;Personas.
DPOP24367;1515.0;Torres de Berrellén;Total;Total habitantes;Personas.
DPOP13879;22676.0;Torres de Cotillas, Las;Total;Total habitantes;Personas.
DPOP13363;7824.0;Torres de la Alameda;Total;Total habitantes;Personas.
DPOP12097;2317.0;Torres de Segre;Total;Total habitantes;Personas.
DPOP23452;413.0;Torres del Carrizal;Total;Total habitantes;Personas.
DPOP14593;116.0;Torres del Río;Total;Total habitantes;Personas.
DPOP21781;808.0;Torres Torres;Total;Total habitantes;Personas.
DPOP4426;565.0;Torresandino;Total;Total habitantes;Personas.
DPOP22345;162.0;Torrescárcela;Total;Total habitantes;Personas.
DPOP12100;405.0;Torre-serona;Total;Total habitantes;Personas.
DPOP17029;192.0;Torresmenudas;Total;Total habitantes;Personas.
DPOP20335;161.0;Torrevelilla;Total;Total habitantes;Personas.
DPOP814;98533.0;Torrevieja;Total;Total habitantes;Personas.
DPOP20944;688.0;Torrico;Total;Total habitantes;Personas.
DPOP20338;36.0;Torrijas;Total;Total habitantes;Personas.
DPOP24370;187.0;Torrijo de la Cañada;Total;Total habitantes;Personas.
DPOP20341;501.0;Torrijo del Campo;Total;Total habitantes;Personas.
DPOP20947;14307.0;Torrijos;Total;Total habitantes;Personas.
DPOP7963;778.0;Torroella de Fluvià;Total;Total habitantes;Personas.
DPOP7966;12570.0;Torroella de Montgrí;Total;Total habitantes;Personas.
DPOP19627;129.0;Torroja del Priorat;Total;Total habitantes;Personas.
DPOP13732;22015.0;Torrox;Total;Total habitantes;Personas.
DPOP9316;28.0;Torrubia;Total;Total habitantes;Personas.
DPOP19081;52.0;Torrubia de Soria;Total;Total habitantes;Personas.
DPOP7231;312.0;Torrubia del Campo;Total;Total habitantes;Personas.
DPOP7234;42.0;Torrubia del Castillo;Total;Total habitantes;Personas.
DPOP7969;849.0;Tortellà;Total;Total habitantes;Personas.
DPOP9319;1439.0;Tórtola de Henares;Total;Total habitantes;Personas.
DPOP1837;37.0;Tórtoles;Total;Total habitantes;Personas.
DPOP4429;362.0;Tórtoles de Esgueva;Total;Total habitantes;Personas.
DPOP19630;35997.0;Tortosa;Total;Total habitantes;Personas.
DPOP9322;157.0;Tortuera;Total;Total habitantes;Personas.
DPOP9325;19.0;Tortuero;Total;Total habitantes;Personas.
DPOP8503;608.0;Torvizcón;Total;Total habitantes;Personas.
DPOP4432;48.0;Tosantos;Total;Total habitantes;Personas.
DPOP7972;198.0;Toses;Total;Total habitantes;Personas.
DPOP24373;176.0;Tosos;Total;Total habitantes;Personas.
DPOP7975;6347.0;Tossa de Mar;Total;Total habitantes;Personas.
DPOP13735;797.0;Totalán;Total;Total habitantes;Personas.
DPOP13882;33358.0;Totana;Total;Total habitantes;Personas.
DPOP20950;361.0;Totanés;Total;Total habitantes;Personas.
DPOP6658;3342.0;Touro;Total;Total habitantes;Personas.
DPOP21784;1354.0;Tous;Total;Total habitantes;Personas.
DPOP12898;1070.0;Trabada;Total;Total habitantes;Personas.
DPOP11332;321.0;Trabadelo;Total;Total habitantes;Personas.
DPOP17032;159.0;Trabanca;Total;Total habitantes;Personas.
DPOP23455;848.0;Trabazos;Total;Total habitantes;Personas.
DPOP7237;263.0;Tragacete;Total;Total habitantes;Personas.
DPOP9328;18.0;Traíd;Total;Total habitantes;Personas.
DPOP5794;1302.0;Traiguera;Total;Total habitantes;Personas.
DPOP20344;62.0;Tramacastiel;Total;Total habitantes;Personas.
DPOP20347;133.0;Tramacastilla;Total;Total habitantes;Personas.
DPOP10495;108.0;Tramaced;Total;Total habitantes;Personas.
DPOP2311;590.0;Trasierra;Total;Total habitantes;Personas.
DPOP14968;1216.0;Trasmiras;Total;Total habitantes;Personas.
DPOP24376;88.0;Trasmoz;Total;Total habitantes;Personas.
DPOP24379;124.0;Trasobares;Total;Total habitantes;Personas.
DPOP22348;1308.0;Traspinedo;Total;Total habitantes;Personas.
DPOP6661;2986.0;Trazo;Total;Total habitantes;Personas.
DPOP5431;6999.0;Trebujena;Total;Total habitantes;Personas.
DPOP23458;163.0;Trefacio;Total;Total habitantes;Personas.
DPOP17035;34.0;Tremedal de Tormes;Total;Total habitantes;Personas.
DPOP12103;6123.0;Tremp;Total;Total habitantes;Personas.
DPOP13459;54592.0;Tres Cantos;Total;Total habitantes;Personas.
DPOP1153;547.0;Tres Villas, Las;Total;Total habitantes;Personas.
DPOP18211;1130.0;Trescasas;Total;Total habitantes;Personas.
DPOP7240;258.0;Tresjuncos;Total;Total habitantes;Personas.
DPOP4435;721.0;Trespaderne;Total;Total habitantes;Personas.
DPOP17623;52.0;Tresviso;Total;Total habitantes;Personas.
DPOP19084;47.0;Trévago;Total;Total habitantes;Personas.
DPOP8506;698.0;Trevélez;Total;Total habitantes;Personas.
DPOP12640;142.0;Treviana;Total;Total habitantes;Personas.
DPOP12901;589.0;Triacastela;Total;Total habitantes;Personas.
DPOP7243;101.0;Tribaldos;Total;Total habitantes;Personas.
DPOP12643;376.0;Tricio;Total;Total habitantes;Personas.
DPOP9925;8159.0;Trigueros;Total;Total habitantes;Personas.
DPOP22351;320.0;Trigueros del Valle;Total;Total habitantes;Personas.
DPOP9331;1737.0;Trijueque;Total;Total habitantes;Personas.
DPOP9334;1406.0;Trillo;Total;Total habitantes;Personas.
DPOP15670;73.0;Triollo;Total;Total habitantes;Personas.
DPOP20350;56.0;Tronchón;Total;Total habitantes;Personas.
DPOP11335;371.0;Truchas;Total;Total habitantes;Personas.
DPOP22783;515.0;Trucios-Turtzioz;Total;Total habitantes;Personas.
DPOP2314;1397.0;Trujillanos;Total;Total habitantes;Personas.
DPOP5242;8611.0;Trujillo;Total;Total habitantes;Personas.
DPOP4438;126.0;Tubilla del Agua;Total;Total habitantes;Personas.
DPOP4441;164.0;Tubilla del Lago;Total;Total habitantes;Personas.
DPOP17626;154.0;Tudanca;Total;Total habitantes;Personas.
DPOP14596;38903.0;Tudela;Total;Total habitantes;Personas.
DPOP22354;8861.0;Tudela de Duero;Total;Total habitantes;Personas.
DPOP12646;360.0;Tudelilla;Total;Total habitantes;Personas.
DPOP21787;1278.0;Tuéjar;Total;Total habitantes;Personas.
DPOP16084;17468.0;Tui;Total;Total habitantes;Personas.
DPOP15904;16834.0;Tuineje;Total;Total habitantes;Personas.
DPOP14599;159.0;Tulebras;Total;Total habitantes;Personas.
DPOP11338;974.0;Turcia;Total;Total habitantes;Personas.
DPOP18214;1007.0;Turégano;Total;Total habitantes;Personas.
DPOP21790;7717.0;Turís;Total;Total habitantes;Personas.
DPOP20953;702.0;Turleque;Total;Total habitantes;Personas.
DPOP8509;203.0;Turón;Total;Total habitantes;Personas.
DPOP1120;4361.0;Turre;Total;Total habitantes;Personas.
DPOP1123;256.0;Turrillas;Total;Total habitantes;Personas.
DPOP10816;33588.0;Úbeda;Total;Total habitantes;Personas.
DPOP22786;167.0;Ubide;Total;Total habitantes;Personas.
DPOP5434;16615.0;Ubrique;Total;Total habitantes;Personas.
DPOP14602;194.0;Ucar;Total;Total habitantes;Personas.
DPOP9337;3400.0;Uceda;Total;Total habitantes;Personas.
DPOP19087;80.0;Ucero;Total;Total habitantes;Personas.
DPOP7246;230.0;Uclés;Total;Total habitantes;Personas.
DPOP17629;960.0;Udías;Total;Total habitantes;Personas.
DPOP22717;4213.0;Ugao-Miraballes;Total;Total habitantes;Personas.
DPOP20956;5988.0;Ugena;Total;Total habitantes;Personas.
DPOP8512;2574.0;Ugíjar;Total;Total habitantes;Personas.
DPOP14272;770.0;Uharte Arakil;Total;Total habitantes;Personas.
DPOP9340;20.0;Ujados;Total;Total habitantes;Personas.
DPOP14605;168.0;Ujué/Uxue;Total;Total habitantes;Personas.
DPOP13885;926.0;Ulea;Total;Total habitantes;Personas.
DPOP1126;815.0;Uleila del Campo;Total;Total habitantes;Personas.
DPOP7981;1258.0;Ullà;Total;Total habitantes;Personas.
DPOP3472;2171.0;Ullastrell;Total;Total habitantes;Personas.
DPOP7984;249.0;Ullastret;Total;Total habitantes;Personas.
DPOP19633;6714.0;Ulldecona;Total;Total habitantes;Personas.
DPOP19636;389.0;Ulldemolins;Total;Total habitantes;Personas.
DPOP7978;218.0;Ultramort;Total;Total habitantes;Personas.
DPOP14608;1599.0;Ultzama;Total;Total habitantes;Personas.
DPOP18580;9455.0;Umbrete;Total;Total habitantes;Personas.
DPOP1843;100.0;Umbrías;Total;Total habitantes;Personas.
DPOP24382;594.0;Uncastillo;Total;Total habitantes;Personas.
DPOP14611;257.0;Unciti;Total;Total habitantes;Personas.
DPOP24385;60.0;Undués de Lerda;Total;Total habitantes;Personas.
DPOP22357;210.0;Unión de Campos, La;Total;Total habitantes;Personas.
DPOP13888;21380.0;Unión, La;Total;Total habitantes;Personas.
DPOP14614;164.0;Unzué/Untzue;Total;Total habitantes;Personas.
DPOP7249;90.0;Uña;Total;Total habitantes;Personas.
DPOP23461;119.0;Uña de Quintana;Total;Total habitantes;Personas.
DPOP4444;53.0;Úrbel del Castillo;Total;Total habitantes;Personas.
DPOP20959;2454.0;Urda;Total;Total habitantes;Personas.
DPOP14617;354.0;Urdazubi/Urdax;Total;Total habitantes;Personas.
DPOP14620;647.0;Urdiain;Total;Total habitantes;Personas.
DPOP11341;445.0;Urdiales del Páramo;Total;Total habitantes;Personas.
DPOP22789;6128.0;Urduliz;Total;Total habitantes;Personas.
DPOP22744;4247.0;Urduña/Orduña;Total;Total habitantes;Personas.
DPOP124;1470.0;Urkabustaiz;Total;Total habitantes;Personas.
DPOP9664;6327.0;Urnieta;Total;Total habitantes;Personas.
DPOP22360;94.0;Urones de Castroponce;Total;Total habitantes;Personas.
DPOP1129;340.0;Urrácal;Total;Total habitantes;Personas.
DPOP14623;136.0;Urraul Alto;Total;Total habitantes;Personas.
DPOP14626;330.0;Urraul Bajo;Total;Total habitantes;Personas.
DPOP20353;455.0;Urrea de Gaén;Total;Total habitantes;Personas.
DPOP24388;434.0;Urrea de Jalón;Total;Total habitantes;Personas.
DPOP9679;6730.0;Urretxu;Total;Total habitantes;Personas.
DPOP24391;50.0;Urriés;Total;Total habitantes;Personas.
DPOP14632;175.0;Urroz;Total;Total habitantes;Personas.
DPOP14629;403.0;Urroz-Villa;Total;Total habitantes;Personas.
DPOP22363;200.0;Urueña;Total;Total habitantes;Personas.
DPOP18217;105.0;Urueñas;Total;Total habitantes;Personas.
DPOP12649;1007.0;Uruñuela;Total;Total habitantes;Personas.
DPOP7987;201.0;Urús;Total;Total habitantes;Personas.
DPOP14635;76.0;Urzainqui/Urzainki;Total;Total habitantes;Personas.
DPOP2317;1698.0;Usagre;Total;Total habitantes;Personas.
DPOP24394;250.0;Used;Total;Total habitantes;Personas.
DPOP5797;954.0;Useres, les/Useras;Total;Total habitantes;Personas.
DPOP9667;6488.0;Usurbil;Total;Total habitantes;Personas.
DPOP9343;31.0;Utande;Total;Total habitantes;Personas.
DPOP24397;19116.0;Utebo;Total;Total habitantes;Personas.
DPOP14638;177.0;Uterga;Total;Total habitantes;Personas.
DPOP21793;11663.0;Utiel;Total;Total habitantes;Personas.
DPOP18583;52403.0;Utrera;Total;Total habitantes;Personas.
DPOP20356;3069.0;Utrillas;Total;Total habitantes;Personas.
DPOP14641;136.0;Uztárroz/Uztarroze;Total;Total habitantes;Personas.
DPOP3475;7729.0;Vacarisses;Total;Total habitantes;Personas.
DPOP19090;81.0;Vadillo;Total;Total habitantes;Personas.
DPOP23464;240.0;Vadillo de la Guareña;Total;Total habitantes;Personas.
DPOP1846;50.0;Vadillo de la Sierra;Total;Total habitantes;Personas.
DPOP4447;368.0;Vadocondes;Total;Total habitantes;Personas.
DPOP7447;112.0;Vajol, La;Total;Total habitantes;Personas.
DPOP11374;480.0;Val de San Lorenzo;Total;Total habitantes;Personas.
DPOP24403;55.0;Val de San Martín;Total;Total habitantes;Personas.
DPOP17644;2775.0;Val de San Vicente;Total;Total habitantes;Personas.
DPOP6667;3680.0;Val do Dubra;Total;Total habitantes;Personas.
DPOP20359;33.0;Valacloche;Total;Total habitantes;Personas.
DPOP12904;1845.0;Valadouro, O;Total;Total habitantes;Personas.
DPOP20362;187.0;Valbona;Total;Total habitantes;Personas.
DPOP22366;385.0;Valbuena de Duero;Total;Total habitantes;Personas.
DPOP15673;49.0;Valbuena de Pisuerga;Total;Total habitantes;Personas.
DPOP23467;414.0;Valcabado;Total;Total habitantes;Personas.
DPOP17632;2135.0;Valdáliga;Total;Total habitantes;Personas.
DPOP13366;658.0;Valdaracete;Total;Total habitantes;Personas.
DPOP9346;67.0;Valdarachas;Total;Total habitantes;Personas.
DPOP5245;332.0;Valdastillas;Total;Total habitantes;Personas.
DPOP20365;581.0;Valdealgorfa;Total;Total habitantes;Personas.
DPOP4450;103.0;Valdeande;Total;Total habitantes;Personas.
DPOP22369;56.0;Valdearcos de la Vega;Total;Total habitantes;Personas.
DPOP9349;88.0;Valdearenas;Total;Total habitantes;Personas.
DPOP9352;101.0;Valdeavellano;Total;Total habitantes;Personas.
DPOP19093;222.0;Valdeavellano de Tera;Total;Total habitantes;Personas.
DPOP13369;1896.0;Valdeavero;Total;Total habitantes;Personas.
DPOP9355;1317.0;Valdeaveruelo;Total;Total habitantes;Personas.
DPOP2320;1036.0;Valdecaballeros;Total;Total habitantes;Personas.
DPOP5248;96.0;Valdecañas de Tajo;Total;Total habitantes;Personas.
DPOP17038;296.0;Valdecarros;Total;Total habitantes;Personas.
DPOP1849;54.0;Valdecasa;Total;Total habitantes;Personas.
DPOP7393;69.0;Valdecolmenas, Los;Total;Total habitantes;Personas.
DPOP9358;42.0;Valdeconcha;Total;Total habitantes;Personas.
DPOP20368;33.0;Valdecuenca;Total;Total habitantes;Personas.
DPOP23470;60.0;Valdefinjas;Total;Total habitantes;Personas.
DPOP11344;2362.0;Valdefresno;Total;Total habitantes;Personas.
DPOP5251;1074.0;Valdefuentes;Total;Total habitantes;Personas.
DPOP17041;182.0;Valdefuentes de Sangusín;Total;Total habitantes;Personas.
DPOP11347;304.0;Valdefuentes del Páramo;Total;Total habitantes;Personas.
DPOP385;1970.0;Valdeganga;Total;Total habitantes;Personas.
DPOP19096;36.0;Valdegeña;Total;Total habitantes;Personas.
DPOP127;1064.0;Valdegovía/Gaubea;Total;Total habitantes;Personas.
DPOP9361;49.0;Valdegrudas;Total;Total habitantes;Personas.
DPOP17044;84.0;Valdehijaderos;Total;Total habitantes;Personas.
DPOP24400;29.0;Valdehorna;Total;Total habitantes;Personas.
DPOP5254;188.0;Valdehúncar;Total;Total habitantes;Personas.
DPOP2398;2743.0;Valdelacalzada;Total;Total habitantes;Personas.
DPOP17047;187.0;Valdelacasa;Total;Total habitantes;Personas.
DPOP5257;338.0;Valdelacasa de Tajo;Total;Total habitantes;Personas.
DPOP17050;66.0;Valdelageve;Total;Total habitantes;Personas.
DPOP19099;13.0;Valdelagua del Cerro;Total;Total habitantes;Personas.
DPOP13372;1122.0;Valdelaguna;Total;Total habitantes;Personas.
DPOP9928;239.0;Valdelarco;Total;Total habitantes;Personas.
DPOP9364;42.0;Valdelcubo;Total;Total habitantes;Personas.
DPOP20371;82.0;Valdelinares;Total;Total habitantes;Personas.
DPOP17053;386.0;Valdelosa;Total;Total habitantes;Personas.
DPOP20374;304.0;Valdeltormo;Total;Total habitantes;Personas.
DPOP11350;484.0;Valdelugueros;Total;Total habitantes;Personas.
DPOP12652;15.0;Valdemadera;Total;Total habitantes;Personas.
DPOP19102;139.0;Valdemaluque;Total;Total habitantes;Personas.
DPOP13375;1097.0;Valdemanco;Total;Total habitantes;Personas.
DPOP6124;157.0;Valdemanco del Esteras;Total;Total habitantes;Personas.
DPOP13378;870.0;Valdemaqueda;Total;Total habitantes;Personas.
DPOP7252;83.0;Valdemeca;Total;Total habitantes;Personas.
DPOP17056;58.0;Valdemierque;Total;Total habitantes;Personas.
DPOP11353;58.0;Valdemora;Total;Total habitantes;Personas.
DPOP5260;218.0;Valdemorales;Total;Total habitantes;Personas.
DPOP13381;14420.0;Valdemorillo;Total;Total habitantes;Personas.
DPOP7255;49.0;Valdemorillo de la Sierra;Total;Total habitantes;Personas.
DPOP13384;85972.0;Valdemoro;Total;Total habitantes;Personas.
DPOP7258;96.0;Valdemoro-Sierra;Total;Total habitantes;Personas.
DPOP19105;85.0;Valdenebro;Total;Total habitantes;Personas.
DPOP22372;187.0;Valdenebro de los Valles;Total;Total habitantes;Personas.
DPOP9367;359.0;Valdenuño Fernández;Total;Total habitantes;Personas.
DPOP5263;617.0;Valdeobispo;Total;Total habitantes;Personas.
DPOP17635;869.0;Valdeolea;Total;Total habitantes;Personas.
DPOP7261;206.0;Valdeolivas;Total;Total habitantes;Personas.
DPOP15676;56.0;Valdeolmillos;Total;Total habitantes;Personas.
DPOP13387;4626.0;Valdeolmos-Alalpardo;Total;Total habitantes;Personas.
DPOP6127;30782.0;Valdepeñas;Total;Total habitantes;Personas.
DPOP10819;3469.0;Valdepeñas de Jaén;Total;Total habitantes;Personas.
DPOP9370;151.0;Valdepeñas de la Sierra;Total;Total habitantes;Personas.
DPOP11356;306.0;Valdepiélago;Total;Total habitantes;Personas.
DPOP13390;612.0;Valdepiélagos;Total;Total habitantes;Personas.
DPOP11359;1177.0;Valdepolo;Total;Total habitantes;Personas.
DPOP19108;8.0;Valdeprado;Total;Total habitantes;Personas.
DPOP17638;306.0;Valdeprado del Río;Total;Total habitantes;Personas.
DPOP18220;63.0;Valdeprados;Total;Total habitantes;Personas.
DPOP11362;1479.0;Valderas;Total;Total habitantes;Personas.
DPOP15679;47.0;Valderrábano;Total;Total habitantes;Personas.
DPOP9373;25.0;Valderrebollo;Total;Total habitantes;Personas.
DPOP17641;922.0;Valderredible;Total;Total habitantes;Personas.
DPOP11365;424.0;Valderrey;Total;Total habitantes;Personas.
DPOP20377;2555.0;Valderrobres;Total;Total habitantes;Personas.
DPOP19111;59.0;Valderrodilla;Total;Total habitantes;Personas.
DPOP17059;129.0;Valderrodrigo;Total;Total habitantes;Personas.
DPOP37199;2069.0;Valderrubio;Total;Total habitantes;Personas.
DPOP11368;817.0;Valderrueda;Total;Total habitantes;Personas.
DPOP15103;10776.0;Valdés;Total;Total habitantes;Personas.
DPOP11371;167.0;Valdesamario;Total;Total habitantes;Personas.
DPOP23473;131.0;Valdescorriel;Total;Total habitantes;Personas.
DPOP9376;35.0;Valdesotos;Total;Total habitantes;Personas.
DPOP22375;1634.0;Valdestillas;Total;Total habitantes;Personas.
DPOP2323;1105.0;Valdetorres;Total;Total habitantes;Personas.
DPOP13393;5175.0;Valdetorres de Jarama;Total;Total habitantes;Personas.
DPOP7381;115.0;Valdetórtola;Total;Total habitantes;Personas.
DPOP15682;77.0;Valde-Ucieza;Total;Total habitantes;Personas.
DPOP18223;29.0;Valdevacas de Montejo;Total;Total habitantes;Personas.
DPOP18226;83.0;Valdevacas y Guijar;Total;Total habitantes;Personas.
DPOP20962;598.0;Valdeverdeja;Total;Total habitantes;Personas.
DPOP11377;892.0;Valdevimbre;Total;Total habitantes;Personas.
DPOP4453;115.0;Valdezate;Total;Total habitantes;Personas.
DPOP13396;3289.0;Valdilecha;Total;Total habitantes;Personas.
DPOP4456;377.0;Valdorros;Total;Total habitantes;Personas.
DPOP6664;6818.0;Valdoviño;Total;Total habitantes;Personas.
DPOP17062;125.0;Valdunciel;Total;Total habitantes;Personas.
DPOP22378;111.0;Valdunquillo;Total;Total habitantes;Personas.
DPOP21796;840792.0;València;Total;Total habitantes;Personas.
DPOP5266;5150.0;Valencia de Alcántara;Total;Total habitantes;Personas.
DPOP11380;5103.0;Valencia de Don Juan;Total;Total habitantes;Personas.
DPOP2326;486.0;Valencia de las Torres;Total;Total habitantes;Personas.
DPOP2329;703.0;Valencia del Mombuey;Total;Total habitantes;Personas.
DPOP2332;1870.0;Valencia del Ventoso;Total;Total habitantes;Personas.
DPOP18586;8050.0;Valencina de la Concepción;Total;Total habitantes;Personas.
DPOP6364;1030.0;Valenzuela;Total;Total habitantes;Personas.
DPOP6130;638.0;Valenzuela de Calatrava;Total;Total habitantes;Personas.
DPOP7384;1528.0;Valeras, Las;Total;Total habitantes;Personas.
DPOP17065;269.0;Valero;Total;Total habitantes;Personas.
DPOP10498;54.0;Valfarta;Total;Total habitantes;Personas.
DPOP9379;77.0;Valfermoso de Tajuña;Total;Total habitantes;Personas.
DPOP16087;5779.0;Valga;Total;Total habitantes;Personas.
DPOP12655;133.0;Valgañón;Total;Total habitantes;Personas.
DPOP9382;15.0;Valhermoso;Total;Total habitantes;Personas.
DPOP7264;61.0;Valhermoso de la Fuente;Total;Total habitantes;Personas.
DPOP20380;336.0;Valjunquera;Total;Total habitantes;Personas.
DPOP5803;3218.0;Vall d'Alba;Total;Total habitantes;Personas.
DPOP817;159.0;Vall d'Alcalà, la;Total;Total habitantes;Personas.
DPOP5806;284.0;Vall de Almonacid;Total;Total habitantes;Personas.
DPOP7993;1347.0;Vall de Bianya, La;Total;Total habitantes;Personas.
DPOP11617;1122.0;Vall de Boí, La;Total;Total habitantes;Personas.
DPOP12154;388.0;Vall de Cardós;Total;Total habitantes;Personas.
DPOP823;583.0;Vall de Gallinera, la;Total;Total habitantes;Personas.
DPOP826;905.0;Vall de Laguar, la;Total;Total habitantes;Personas.
DPOP820;231.0;Vall d'Ebo, la;Total;Total habitantes;Personas.
DPOP7990;3269.0;Vall d'en Bas, La;Total;Total habitantes;Personas.
DPOP5809;32242.0;Vall d'Uixó, la;Total;Total habitantes;Personas.
DPOP21799;3091.0;Vallada;Total;Total habitantes;Personas.
DPOP22387;302614.0;Valladolid;Total;Total habitantes;Personas.
DPOP21802;128.0;Vallanca;Total;Total habitantes;Personas.
DPOP4462;41.0;Vallarta de Bureba;Total;Total habitantes;Personas.
DPOP5800;66.0;Vallat;Total;Total habitantes;Personas.
DPOP3478;1424.0;Vallbona d'Anoia;Total;Total habitantes;Personas.
DPOP12106;223.0;Vallbona de les Monges;Total;Total habitantes;Personas.
DPOP3481;260.0;Vallcebre;Total;Total habitantes;Personas.
DPOP19639;91.0;Vallclara;Total;Total habitantes;Personas.
DPOP2593;2038.0;Valldemossa;Total;Total habitantes;Personas.
DPOP13738;2439.0;Valle de Abdalajís;Total;Total habitantes;Personas.
DPOP7147;191.0;Valle de Altomira, El;Total;Total habitantes;Personas.
DPOP10501;52.0;Valle de Bardají;Total;Total habitantes;Personas.
DPOP15685;77.0;Valle de Cerrato;Total;Total habitantes;Personas.
DPOP14161;22825.0;Valle de Egüés/Eguesibar;Total;Total habitantes;Personas.
DPOP10537;813.0;Valle de Hecho;Total;Total habitantes;Personas.
DPOP2347;1075.0;Valle de la Serena;Total;Total habitantes;Personas.
DPOP4645;549.0;Valle de las Navas;Total;Total habitantes;Personas.
DPOP10504;52.0;Valle de Lierp;Total;Total habitantes;Personas.
DPOP4657;486.0;Valle de Losa;Total;Total habitantes;Personas.
DPOP4465;115.0;Valle de Manzanedo;Total;Total habitantes;Personas.
DPOP2350;337.0;Valle de Matamoros;Total;Total habitantes;Personas.
DPOP4468;4155.0;Valle de Mena;Total;Total habitantes;Personas.
DPOP4471;160.0;Valle de Oca;Total;Total habitantes;Personas.
DPOP14485;453.0;Valle de Ollo/Ollaran;Total;Total habitantes;Personas.
DPOP2353;1090.0;Valle de Santa Ana;Total;Total habitantes;Personas.
DPOP4639;482.0;Valle de Santibáñez;Total;Total habitantes;Personas.
DPOP4648;402.0;Valle de Sedano;Total;Total habitantes;Personas.
DPOP18238;78.0;Valle de Tabladillo;Total;Total habitantes;Personas.
DPOP4474;877.0;Valle de Tobalina;Total;Total habitantes;Personas.
DPOP22762;11797.0;Valle de Trápaga-Trapagaran;Total;Total habitantes;Personas.
DPOP4477;479.0;Valle de Valdebezana;Total;Total habitantes;Personas.
DPOP4480;187.0;Valle de Valdelaguna;Total;Total habitantes;Personas.
DPOP4483;342.0;Valle de Valdelucio;Total;Total habitantes;Personas.
DPOP17662;249.0;Valle de Villaverde;Total;Total habitantes;Personas.
DPOP14680;1549.0;Valle de Yerri/Deierri;Total;Total habitantes;Personas.
DPOP4486;46.0;Valle de Zamanzas;Total;Total habitantes;Personas.
DPOP15805;155.0;Valle del Retortillo;Total;Total habitantes;Personas.
DPOP8560;2128.0;Valle del Zalabí;Total;Total habitantes;Personas.
DPOP17344;4830.0;Valle Gran Rey;Total;Total habitantes;Personas.
DPOP8545;941.0;Valle, El;Total;Total habitantes;Personas.
DPOP11389;99.0;Vallecillo;Total;Total habitantes;Personas.
DPOP20383;40.0;Vallecillo, El;Total;Total habitantes;Personas.
DPOP17347;2938.0;Vallehermoso;Total;Total habitantes;Personas.
DPOP4489;38.0;Vallejera;Total;Total habitantes;Personas.
DPOP17077;67.0;Vallejera de Riofrío;Total;Total habitantes;Personas.
DPOP18241;750.0;Vallelado;Total;Total habitantes;Personas.
DPOP18244;61.0;Valleruela de Pedraza;Total;Total habitantes;Personas.
DPOP18247;48.0;Valleruela de Sepúlveda;Total;Total habitantes;Personas.
DPOP21805;161.0;Vallés;Total;Total habitantes;Personas.
DPOP4492;74.0;Valles de Palenzuela;Total;Total habitantes;Personas.
DPOP23476;67.0;Vallesa de la Guareña;Total;Total habitantes;Personas.
DPOP15910;3775.0;Valleseco;Total;Total habitantes;Personas.
DPOP12112;2009.0;Vallfogona de Balaguer;Total;Total habitantes;Personas.
DPOP7882;225.0;Vallfogona de Ripollès;Total;Total habitantes;Personas.
DPOP19642;95.0;Vallfogona de Riucorb;Total;Total habitantes;Personas.
DPOP3484;3261.0;Vallgorguina;Total;Total habitantes;Personas.
DPOP5812;63.0;Vallibona;Total;Total habitantes;Personas.
DPOP3487;16245.0;Vallirana;Total;Total habitantes;Personas.
DPOP7996;891.0;Vall-llobrega;Total;Total habitantes;Personas.
DPOP19645;1997.0;Vallmoll;Total;Total habitantes;Personas.
DPOP3490;2778.0;Vallromanes;Total;Total habitantes;Personas.
DPOP19648;25518.0;Valls;Total;Total habitantes;Personas.
DPOP12169;253.0;Valls d'Aguilar, Les;Total;Total habitantes;Personas.
DPOP12109;845.0;Valls de Valira, Les;Total;Total habitantes;Personas.
DPOP4495;70.0;Valluércanes;Total;Total habitantes;Personas.
DPOP24406;112.0;Valmadrid;Total;Total habitantes;Personas.
DPOP4459;24.0;Valmala;Total;Total habitantes;Personas.
DPOP20965;4898.0;Valmojado;Total;Total habitantes;Personas.
DPOP8515;658.0;Válor;Total;Total habitantes;Personas.
DPOP22381;740.0;Valoria la Buena;Total;Total habitantes;Personas.
DPOP24409;122.0;Valpalmas;Total;Total habitantes;Personas.
DPOP17068;120.0;Valsalabroso;Total;Total habitantes;Personas.
DPOP7267;17.0;Valsalobre;Total;Total habitantes;Personas.
DPOP18229;208.0;Valseca;Total;Total habitantes;Personas.
DPOP6367;351.0;Valsequillo;Total;Total habitantes;Personas.
DPOP15907;9869.0;Valsequillo de Gran Canaria;Total;Total habitantes;Personas.
DPOP9385;7.0;Valtablado del Río;Total;Total habitantes;Personas.
DPOP19114;16.0;Valtajeros;Total;Total habitantes;Personas.
DPOP18232;75.0;Valtiendas;Total;Total habitantes;Personas.
DPOP14647;2505.0;Valtierra;Total;Total habitantes;Personas.
DPOP24412;65.0;Valtorres;Total;Total habitantes;Personas.
DPOP17341;5338.0;Valverde;Total;Total habitantes;Personas.
DPOP13399;565.0;Valverde de Alcalá;Total;Total habitantes;Personas.
DPOP2335;260.0;Valverde de Burguillos;Total;Total habitantes;Personas.
DPOP22384;89.0;Valverde de Campos;Total;Total habitantes;Personas.
DPOP7270;1118.0;Valverde de Júcar;Total;Total habitantes;Personas.
DPOP5269;428.0;Valverde de la Vera;Total;Total habitantes;Personas.
DPOP11383;7936.0;Valverde de la Virgen;Total;Total habitantes;Personas.
DPOP2338;4230.0;Valverde de Leganés;Total;Total habitantes;Personas.
DPOP2341;560.0;Valverde de Llerena;Total;Total habitantes;Personas.
DPOP9388;85.0;Valverde de los Arroyos;Total;Total habitantes;Personas.
DPOP2344;1002.0;Valverde de Mérida;Total;Total habitantes;Personas.
DPOP17071;57.0;Valverde de Valdelacasa;Total;Total habitantes;Personas.
DPOP9931;12631.0;Valverde del Camino;Total;Total habitantes;Personas.
DPOP5272;2143.0;Valverde del Fresno;Total;Total habitantes;Personas.
DPOP18235;1097.0;Valverde del Majano;Total;Total habitantes;Personas.
DPOP11386;148.0;Valverde-Enrique;Total;Total habitantes;Personas.
DPOP7273;86.0;Valverdejo;Total;Total habitantes;Personas.
DPOP17074;266.0;Valverdón;Total;Total habitantes;Personas.
DPOP19651;7143.0;Vandellòs i l'Hospitalet de l'Infant;Total;Total habitantes;Personas.
DPOP12178;187.0;Vansa i Fórnols, La;Total;Total habitantes;Personas.
DPOP7276;466.0;Vara de Rey;Total;Total habitantes;Personas.
DPOP3493;168.0;Veciana;Total;Total habitantes;Personas.
DPOP11392;383.0;Vecilla, La;Total;Total habitantes;Personas.
DPOP17080;231.0;Vecinos;Total;Total habitantes;Personas.
DPOP6670;4903.0;Vedra;Total;Total habitantes;Personas.
DPOP11398;2006.0;Vega de Espinareda;Total;Total habitantes;Personas.
DPOP11401;837.0;Vega de Infanzones;Total;Total habitantes;Personas.
DPOP17647;676.0;Vega de Liébana;Total;Total habitantes;Personas.
DPOP17650;776.0;Vega de Pas;Total;Total habitantes;Personas.
DPOP22390;81.0;Vega de Ruiponce;Total;Total habitantes;Personas.
DPOP15913;7899.0;Vega de San Mateo;Total;Total habitantes;Personas.
DPOP1852;88.0;Vega de Santa María;Total;Total habitantes;Personas.
DPOP23479;265.0;Vega de Tera;Total;Total habitantes;Personas.
DPOP17083;139.0;Vega de Tirados;Total;Total habitantes;Personas.
DPOP11404;555.0;Vega de Valcarce;Total;Total habitantes;Personas.
DPOP22393;88.0;Vega de Valdetronco;Total;Total habitantes;Personas.
DPOP23482;88.0;Vega de Villalobos;Total;Total habitantes;Personas.
DPOP7279;141.0;Vega del Codorno;Total;Total habitantes;Personas.
DPOP11395;246.0;Vegacervera;Total;Total habitantes;Personas.
DPOP15223;3928.0;Vegadeo;Total;Total habitantes;Personas.
DPOP23485;79.0;Vegalatrave;Total;Total habitantes;Personas.
DPOP18250;211.0;Veganzones;Total;Total habitantes;Personas.
DPOP11407;418.0;Vegaquemada;Total;Total habitantes;Personas.
DPOP18253;370.0;Vegas de Matute;Total;Total habitantes;Personas.
DPOP11410;1165.0;Vegas del Condado;Total;Total habitantes;Personas.
DPOP8572;12424.0;Vegas del Genil;Total;Total habitantes;Personas.
DPOP33123;837.0;Vegaviana;Total;Total habitantes;Personas.
DPOP20386;27.0;Veguillas de la Sierra;Total;Total habitantes;Personas.
DPOP17086;275.0;Veguillas, Las;Total;Total habitantes;Personas.
DPOP14971;873.0;Veiga, A;Total;Total habitantes;Personas.
DPOP5437;13131.0;Vejer de la Frontera;Total;Total habitantes;Personas.
DPOP20968;2899.0;Velada;Total;Total habitantes;Personas.
DPOP19117;66.0;Velamazán;Total;Total habitantes;Personas.
DPOP22396;156.0;Velascálvaro;Total;Total habitantes;Personas.
DPOP1855;203.0;Velayos;Total;Total habitantes;Personas.
DPOP1132;230.0;Velefique;Total;Total habitantes;Personas.
DPOP8518;3108.0;Vélez de Benaudalla;Total;Total habitantes;Personas.
DPOP1135;1928.0;Vélez-Blanco;Total;Total habitantes;Personas.
DPOP13741;86048.0;Vélez-Málaga;Total;Total habitantes;Personas.
DPOP1138;6685.0;Vélez-Rubio;Total;Total habitantes;Personas.
DPOP22399;109.0;Velilla;Total;Total habitantes;Personas.
DPOP10507;505.0;Velilla de Cinca;Total;Total habitantes;Personas.
DPOP24415;208.0;Velilla de Ebro;Total;Total habitantes;Personas.
DPOP24418;90.0;Velilla de Jiloca;Total;Total habitantes;Personas.
DPOP19120;26.0;Velilla de la Sierra;Total;Total habitantes;Personas.
DPOP19123;15.0;Velilla de los Ajos;Total;Total habitantes;Personas.
DPOP13402;14468.0;Velilla de San Antonio;Total;Total habitantes;Personas.
DPOP15688;1104.0;Velilla del Río Carrión;Total;Total habitantes;Personas.
DPOP17089;566.0;Vellés, La;Total;Total habitantes;Personas.
DPOP7282;128.0;Vellisca;Total;Total habitantes;Personas.
DPOP22402;121.0;Velliza;Total;Total habitantes;Personas.
DPOP13405;2281.0;Vellón, El;Total;Total habitantes;Personas.
DPOP10561;402.0;Vencillón;Total;Total habitantes;Personas.
DPOP19654;41133.0;Vendrell, El;Total;Total habitantes;Personas.
DPOP23488;439.0;Venialbo;Total;Total habitantes;Personas.
DPOP15286;6372.0;Venta de Baños;Total;Total habitantes;Personas.
DPOP21808;1143.0;Venta del Moro;Total;Total habitantes;Personas.
DPOP7999;914.0;Ventalló;Total;Total habitantes;Personas.
DPOP20971;1090.0;Ventas con Peña Aguilera, Las;Total;Total habitantes;Personas.
DPOP8521;667.0;Ventas de Huelma;Total;Total habitantes;Personas.
DPOP20974;4206.0;Ventas de Retamosa, Las;Total;Total habitantes;Personas.
DPOP20977;239.0;Ventas de San Julián, Las;Total;Total habitantes;Personas.
DPOP12658;196.0;Ventosa;Total;Total habitantes;Personas.
DPOP22405;110.0;Ventosa de la Cuesta;Total;Total habitantes;Personas.
DPOP17092;97.0;Ventosa del Río Almar;Total;Total habitantes;Personas.
DPOP18256;17.0;Ventosilla y Tejadilla;Total;Total habitantes;Personas.
DPOP12661;48.0;Ventrosa;Total;Total habitantes;Personas.
DPOP13408;2622.0;Venturada;Total;Total habitantes;Personas.
DPOP1141;20282.0;Vera;Total;Total habitantes;Personas.
DPOP24421;317.0;Vera de Moncayo;Total;Total habitantes;Personas.
DPOP12115;876.0;Verdú;Total;Total habitantes;Personas.
DPOP14974;974.0;Verea;Total;Total habitantes;Personas.
DPOP829;5508.0;Verger, el;Total;Total habitantes;Personas.
DPOP8002;1167.0;Verges;Total;Total habitantes;Personas.
DPOP14977;13956.0;Verín;Total;Total habitantes;Personas.
DPOP15691;162.0;Vertavillo;Total;Total habitantes;Personas.
DPOP19657;502.0;Vespella de Gaià;Total;Total habitantes;Personas.
DPOP23491;423.0;Vezdemarbán;Total;Total habitantes;Personas.
DPOP10513;40.0;Viacamp y Litera;Total;Total habitantes;Personas.
DPOP14653;4441.0;Viana;Total;Total habitantes;Personas.
DPOP22408;2282.0;Viana de Cega;Total;Total habitantes;Personas.
DPOP19126;47.0;Viana de Duero;Total;Total habitantes;Personas.
DPOP9391;41.0;Viana de Jadraque;Total;Total habitantes;Personas.
DPOP14980;2715.0;Viana do Bolo;Total;Total habitantes;Personas.
DPOP5275;216.0;Viandar de la Vera;Total;Total habitantes;Personas.
DPOP388;317.0;Vianos;Total;Total habitantes;Personas.
DPOP1144;6339.0;Viator;Total;Total habitantes;Personas.
DPOP3496;50796.0;Vic;Total;Total habitantes;Personas.
DPOP1147;29342.0;Vícar;Total;Total habitantes;Personas.
DPOP12907;1553.0;Vicedo, O;Total;Total habitantes;Personas.
DPOP10516;149.0;Vicién;Total;Total habitantes;Personas.
DPOP17350;9448.0;Victoria de Acentejo, La;Total;Total habitantes;Personas.
DPOP6370;2320.0;Victoria, La;Total;Total habitantes;Personas.
DPOP4501;26.0;Vid de Bureba, La;Total;Total habitantes;Personas.
DPOP15460;82.0;Vid de Ojeda, La;Total;Total habitantes;Personas.
DPOP4498;237.0;Vid y Barrios, La;Total;Total habitantes;Personas.
DPOP14656;74.0;Vidángoz/Bidankoze;Total;Total habitantes;Personas.
DPOP23494;74.0;Vidayanes;Total;Total habitantes;Personas.
DPOP23497;131.0;Videmala;Total;Total habitantes;Personas.
DPOP17095;95.0;Vídola, La;Total;Total habitantes;Personas.
DPOP8005;167.0;Vidrà;Total;Total habitantes;Personas.
DPOP8008;8862.0;Vidreres;Total;Total habitantes;Personas.
DPOP12118;5865.0;Vielha e Mijaran;Total;Total habitantes;Personas.
DPOP24424;88.0;Vierlas;Total;Total habitantes;Personas.
DPOP16090;294489.0;Vigo;Total;Total habitantes;Personas.
DPOP12664;377.0;Viguera;Total;Total habitantes;Personas.
DPOP16096;4967.0;Vila de Cruces;Total;Total habitantes;Personas.
DPOP19660;724.0;Vilabella;Total;Total habitantes;Personas.
DPOP8011;961.0;Vilabertran;Total;Total habitantes;Personas.
DPOP8014;4077.0;Vilablareix;Total;Total habitantes;Personas.
DPOP16093;5856.0;Vilaboa;Total;Total habitantes;Personas.
DPOP3499;432.0;Vilada;Total;Total habitantes;Personas.
DPOP8020;500.0;Viladamat;Total;Total habitantes;Personas.
DPOP8017;206.0;Viladasens;Total;Total habitantes;Personas.
DPOP3505;67587.0;Viladecans;Total;Total habitantes;Personas.
DPOP3502;7817.0;Viladecavalls;Total;Total habitantes;Personas.
DPOP8023;898.0;Vilademuls;Total;Total habitantes;Personas.
DPOP8026;1184.0;Viladrau;Total;Total habitantes;Personas.
DPOP5815;1962.0;Vilafamés;Total;Total habitantes;Personas.
DPOP8029;5663.0;Vilafant;Total;Total habitantes;Personas.
DPOP17353;1930.0;Vilaflor de Chasna;Total;Total habitantes;Personas.
DPOP2599;3929.0;Vilafranca de Bonany;Total;Total habitantes;Personas.
DPOP3517;42607.0;Vilafranca del Penedès;Total;Total habitantes;Personas.
DPOP5818;2115.0;Vilafranca/Villafranca del Cid;Total;Total habitantes;Personas.
DPOP16099;37888.0;Vilagarcía de Arousa;Total;Total habitantes;Personas.
DPOP12121;627.0;Vilagrassa;Total;Total habitantes;Personas.
DPOP8035;1177.0;Vilajuïga;Total;Total habitantes;Personas.
DPOP12910;13852.0;Vilalba;Total;Total habitantes;Personas.
DPOP19690;611.0;Vilalba dels Arcs;Total;Total habitantes;Personas.
DPOP3520;794.0;Vilalba Sasserra;Total;Total habitantes;Personas.
DPOP12124;496.0;Vilaller;Total;Total habitantes;Personas.
DPOP8038;395.0;Vilallonga de Ter;Total;Total habitantes;Personas.
DPOP19663;2495.0;Vilallonga del Camp;Total;Total habitantes;Personas.
DPOP21811;4865.0;Vilallonga/Villalonga;Total;Total habitantes;Personas.
DPOP8041;406.0;Vilamacolum;Total;Total habitantes;Personas.
DPOP8044;1205.0;Vilamalla;Total;Total habitantes;Personas.
DPOP8047;185.0;Vilamaniscle;Total;Total habitantes;Personas.
DPOP14983;1836.0;Vilamarín;Total;Total habitantes;Personas.
DPOP14986;1817.0;Vilamartín de Valdeorras;Total;Total habitantes;Personas.
DPOP21814;11403.0;Vilamarxant;Total;Total habitantes;Personas.
DPOP12127;174.0;Vilamòs;Total;Total habitantes;Personas.
DPOP8050;406.0;Vilanant;Total;Total habitantes;Personas.
DPOP5827;584.0;Vilanova d'Alcolea;Total;Total habitantes;Personas.
DPOP16102;10159.0;Vilanova de Arousa;Total;Total habitantes;Personas.
DPOP12130;1150.0;Vilanova de Bellpuig;Total;Total habitantes;Personas.
DPOP12148;1163.0;Vilanova de la Barca;Total;Total habitantes;Personas.
DPOP12133;192.0;Vilanova de l'Aguda;Total;Total habitantes;Personas.
DPOP12136;479.0;Vilanova de Meià;Total;Total habitantes;Personas.
DPOP19669;111.0;Vilanova de Prades;Total;Total habitantes;Personas.
DPOP3511;325.0;Vilanova de Sau;Total;Total habitantes;Personas.
DPOP12139;1094.0;Vilanova de Segrià;Total;Total habitantes;Personas.
DPOP3508;12936.0;Vilanova del Camí;Total;Total habitantes;Personas.
DPOP3532;5693.0;Vilanova del Vallès;Total;Total habitantes;Personas.
DPOP19666;614.0;Vilanova d'Escornalbou;Total;Total habitantes;Personas.
DPOP3523;71641.0;Vilanova i la Geltrú;Total;Total habitantes;Personas.
DPOP19672;549.0;Vilaplana;Total;Total habitantes;Personas.
DPOP14989;1178.0;Vilar de Barrio;Total;Total habitantes;Personas.
DPOP5833;156.0;Vilar de Canes;Total;Total habitantes;Personas.
DPOP14992;784.0;Vilar de Santos;Total;Total habitantes;Personas.
DPOP14995;1616.0;Vilardevós;Total;Total habitantes;Personas.
DPOP5836;53623.0;Vila-real;Total;Total habitantes;Personas.
DPOP14998;501.0;Vilariño de Conso;Total;Total habitantes;Personas.
DPOP6676;1242.0;Vilarmaior;Total;Total habitantes;Personas.
DPOP19675;1382.0;Vila-rodona;Total;Total habitantes;Personas.
DPOP8053;878.0;Vila-sacra;Total;Total habitantes;Personas.
DPOP12142;753.0;Vila-sana;Total;Total habitantes;Personas.
DPOP6673;1233.0;Vilasantar;Total;Total habitantes;Personas.
DPOP19678;23917.0;Vila-seca;Total;Total habitantes;Personas.
DPOP3244;9404.0;Vilassar de Dalt;Total;Total habitantes;Personas.
DPOP3259;21227.0;Vilassar de Mar;Total;Total habitantes;Personas.
DPOP8032;164.0;Vilaür;Total;Total habitantes;Personas.
DPOP5839;3054.0;Vilavella, la;Total;Total habitantes;Personas.
DPOP19681;493.0;Vilaverd;Total;Total habitantes;Personas.
DPOP10822;4191.0;Vilches;Total;Total habitantes;Personas.
DPOP19684;127.0;Vilella Alta, La;Total;Total habitantes;Personas.
DPOP19687;201.0;Vilella Baixa, La;Total;Total habitantes;Personas.
DPOP4504;23.0;Vileña;Total;Total habitantes;Personas.
DPOP20983;3519.0;Villa de Don Fadrique, La;Total;Total habitantes;Personas.
DPOP17356;5131.0;Villa de Mazo;Total;Total habitantes;Personas.
DPOP8431;7696.0;Villa de Otura;Total;Total habitantes;Personas.
DPOP391;51.0;Villa de Ves;Total;Total habitantes;Personas.
DPOP5278;435.0;Villa del Campo;Total;Total habitantes;Personas.
DPOP13414;7743.0;Villa del Prado;Total;Total habitantes;Personas.
DPOP5281;118.0;Villa del Rey;Total;Total habitantes;Personas.
DPOP6373;6852.0;Villa del Río;Total;Total habitantes;Personas.
DPOP22414;516.0;Villabáñez;Total;Total habitantes;Personas.
DPOP22417;31.0;Villabaruz de Campos;Total;Total habitantes;Personas.
DPOP15694;33.0;Villabasta de Valdavia;Total;Total habitantes;Personas.
DPOP9934;2939.0;Villablanca;Total;Total habitantes;Personas.
DPOP11413;7585.0;Villablino;Total;Total habitantes;Personas.
DPOP9673;5900.0;Villabona;Total;Total habitantes;Personas.
DPOP22420;1075.0;Villabrágima;Total;Total habitantes;Personas.
DPOP11416;82.0;Villabraz;Total;Total habitantes;Personas.
DPOP23500;255.0;Villabrázaro;Total;Total habitantes;Personas.
DPOP133;276.0;Villabuena de Álava/Eskuernaga;Total;Total habitantes;Personas.
DPOP23503;574.0;Villabuena del Puente;Total;Total habitantes;Personas.
DPOP20980;9411.0;Villacañas;Total;Total habitantes;Personas.
DPOP22423;71.0;Villacarralón;Total;Total habitantes;Personas.
DPOP17653;1670.0;Villacarriedo;Total;Total habitantes;Personas.
DPOP10825;10342.0;Villacarrillo;Total;Total habitantes;Personas.
DPOP18259;1567.0;Villacastín;Total;Total habitantes;Personas.
DPOP22426;83.0;Villacid de Campos;Total;Total habitantes;Personas.
DPOP15697;44.0;Villacidaler;Total;Total habitantes;Personas.
DPOP19129;86.0;Villaciervos;Total;Total habitantes;Personas.
DPOP22429;72.0;Villaco;Total;Total habitantes;Personas.
DPOP15700;48.0;Villaconancio;Total;Total habitantes;Personas.
DPOP13411;3569.0;Villaconejos;Total;Total habitantes;Personas.
DPOP7285;325.0;Villaconejos de Trabaque;Total;Total habitantes;Personas.
DPOP15703;863.0;Villada;Total;Total habitantes;Personas.
DPOP11419;1268.0;Villadangos del Páramo;Total;Total habitantes;Personas.
DPOP11425;289.0;Villademor de la Vega;Total;Total habitantes;Personas.
DPOP23506;165.0;Villadepera;Total;Total habitantes;Personas.
DPOP4513;1453.0;Villadiego;Total;Total habitantes;Personas.
DPOP24430;80.0;Villadoz;Total;Total habitantes;Personas.
DPOP15706;47.0;Villaeles de Valdavia;Total;Total habitantes;Personas.
DPOP23509;237.0;Villaescusa;Total;Total habitantes;Personas.
DPOP17656;3970.0;Villaescusa;Total;Total habitantes;Personas.
DPOP7288;480.0;Villaescusa de Haro;Total;Total habitantes;Personas.
DPOP4516;95.0;Villaescusa de Roa;Total;Total habitantes;Personas.
DPOP4519;61.0;Villaescusa la Sombría;Total;Total habitantes;Personas.
DPOP4522;21.0;Villaespasa;Total;Total habitantes;Personas.
DPOP23512;429.0;Villafáfila;Total;Total habitantes;Personas.
DPOP24433;163.0;Villafeliche;Total;Total habitantes;Personas.
DPOP23515;105.0;Villaferrueña;Total;Total habitantes;Personas.
DPOP1858;100.0;Villaflor;Total;Total habitantes;Personas.
DPOP17101;255.0;Villaflores;Total;Total habitantes;Personas.
DPOP22432;59.0;Villafrades de Campos;Total;Total habitantes;Personas.
DPOP14662;3163.0;Villafranca;Total;Total habitantes;Personas.
DPOP6376;4895.0;Villafranca de Córdoba;Total;Total habitantes;Personas.
DPOP22435;247.0;Villafranca de Duero;Total;Total habitantes;Personas.
DPOP24436;828.0;Villafranca de Ebro;Total;Total habitantes;Personas.
DPOP1861;128.0;Villafranca de la Sierra;Total;Total habitantes;Personas.
DPOP2356;12284.0;Villafranca de los Barros;Total;Total habitantes;Personas.
DPOP20986;4884.0;Villafranca de los Caballeros;Total;Total habitantes;Personas.
DPOP11428;2591.0;Villafranca del Bierzo;Total;Total habitantes;Personas.
DPOP20389;290.0;Villafranca del Campo;Total;Total habitantes;Personas.
DPOP4525;117.0;Villafranca Montes de Oca;Total;Total habitantes;Personas.
DPOP22438;473.0;Villafrechós;Total;Total habitantes;Personas.
DPOP4528;140.0;Villafruela;Total;Total habitantes;Personas.
DPOP22441;80.0;Villafuerte;Total;Total habitantes;Personas.
DPOP17659;1022.0;Villafufre;Total;Total habitantes;Personas.
DPOP4531;52.0;Villagalijo;Total;Total habitantes;Personas.
DPOP22444;297.0;Villagarcía de Campos;Total;Total habitantes;Personas.
DPOP2359;909.0;Villagarcía de la Torre;Total;Total habitantes;Personas.
DPOP7291;763.0;Villagarcía del Llano;Total;Total habitantes;Personas.
DPOP11431;611.0;Villagatón;Total;Total habitantes;Personas.
DPOP23518;63.0;Villageriz;Total;Total habitantes;Personas.
DPOP22447;46.0;Villagómez la Nueva;Total;Total habitantes;Personas.
DPOP2362;1226.0;Villagonzalo;Total;Total habitantes;Personas.
DPOP17104;212.0;Villagonzalo de Tormes;Total;Total habitantes;Personas.
DPOP4534;1903.0;Villagonzalo Pedernales;Total;Total habitantes;Personas.
DPOP15709;96.0;Villahán;Total;Total habitantes;Personas.
DPOP6379;630.0;Villaharta;Total;Total habitantes;Personas.
DPOP6133;1712.0;Villahermosa;Total;Total habitantes;Personas.
DPOP20392;91.0;Villahermosa del Campo;Total;Total habitantes;Personas.
DPOP5821;473.0;Villahermosa del Río;Total;Total habitantes;Personas.
DPOP15712;211.0;Villaherreros;Total;Total habitantes;Personas.
DPOP4537;262.0;Villahoz;Total;Total habitantes;Personas.
DPOP832;37449.0;Vila Joiosa, la/Villajoyosa;Total;Total habitantes;Personas.
DPOP15715;67.0;Villalaco;Total;Total habitantes;Personas.
DPOP22450;36.0;Villalán de Campos;Total;Total habitantes;Personas.
DPOP22453;469.0;Villalar de los Comuneros;Total;Total habitantes;Personas.
DPOP23521;241.0;Villalazán;Total;Total habitantes;Personas.
DPOP4540;720.0;Villalba de Duero;Total;Total habitantes;Personas.
DPOP15718;194.0;Villalba de Guardo;Total;Total habitantes;Personas.
DPOP23524;212.0;Villalba de la Lampreana;Total;Total habitantes;Personas.
DPOP22456;56.0;Villalba de la Loma;Total;Total habitantes;Personas.
DPOP7294;569.0;Villalba de la Sierra;Total;Total habitantes;Personas.
DPOP22459;383.0;Villalba de los Alcores;Total;Total habitantes;Personas.
DPOP2365;1429.0;Villalba de los Barros;Total;Total habitantes;Personas.
DPOP17107;107.0;Villalba de los Llanos;Total;Total habitantes;Personas.
DPOP24439;86.0;Villalba de Perejil;Total;Total habitantes;Personas.
DPOP12667;155.0;Villalba de Rioja;Total;Total habitantes;Personas.
DPOP9937;3303.0;Villalba del Alcor;Total;Total habitantes;Personas.
DPOP7297;468.0;Villalba del Rey;Total;Total habitantes;Personas.
DPOP22462;96.0;Villalbarba;Total;Total habitantes;Personas.
DPOP13417;18687.0;Villalbilla;Total;Total habitantes;Personas.
DPOP4543;1554.0;Villalbilla de Burgos;Total;Total habitantes;Personas.
DPOP4546;73.0;Villalbilla de Gumiel;Total;Total habitantes;Personas.
DPOP23527;380.0;Villalcampo;Total;Total habitantes;Personas.
DPOP15721;160.0;Villalcázar de Sirga;Total;Total habitantes;Personas.
DPOP15724;45.0;Villalcón;Total;Total habitantes;Personas.
DPOP4549;92.0;Villaldemiro;Total;Total habitantes;Personas.
DPOP24442;295.0;Villalengua;Total;Total habitantes;Personas.
DPOP394;1159.0;Villalgordo del Júcar;Total;Total habitantes;Personas.
DPOP7300;59.0;Villalgordo del Marquesado;Total;Total habitantes;Personas.
DPOP4552;409.0;Villalmanzo;Total;Total habitantes;Personas.
DPOP12670;84.0;Villalobar de Rioja;Total;Total habitantes;Personas.
DPOP15727;1955.0;Villalobón;Total;Total habitantes;Personas.
DPOP23530;200.0;Villalobos;Total;Total habitantes;Personas.
DPOP22465;1473.0;Villalón de Campos;Total;Total habitantes;Personas.
DPOP23533;80.0;Villalonso;Total;Total habitantes;Personas.
DPOP23536;1433.0;Villalpando;Total;Total habitantes;Personas.
DPOP7303;979.0;Villalpardo;Total;Total habitantes;Personas.
DPOP23539;143.0;Villalube;Total;Total habitantes;Personas.
DPOP20989;4308.0;Villaluenga de la Sagra;Total;Total habitantes;Personas.
DPOP15730;519.0;Villaluenga de la Vega;Total;Total habitantes;Personas.
DPOP5440;463.0;Villaluenga del Rosario;Total;Total habitantes;Personas.
DPOP397;4083.0;Villamalea;Total;Total habitantes;Personas.
DPOP5824;99.0;Villamalur;Total;Total habitantes;Personas.
DPOP11434;272.0;Villamandos;Total;Total habitantes;Personas.
DPOP11491;863.0;Villamanín;Total;Total habitantes;Personas.
DPOP6136;1050.0;Villamanrique;Total;Total habitantes;Personas.
DPOP18589;4694.0;Villamanrique de la Condesa;Total;Total habitantes;Personas.
DPOP13420;859.0;Villamanrique de Tajo;Total;Total habitantes;Personas.
DPOP13423;2899.0;Villamanta;Total;Total habitantes;Personas.
DPOP13426;1660.0;Villamantilla;Total;Total habitantes;Personas.
DPOP11437;1084.0;Villamañán;Total;Total habitantes;Personas.
DPOP5443;12184.0;Villamartín;Total;Total habitantes;Personas.
DPOP15733;170.0;Villamartín de Campos;Total;Total habitantes;Personas.
DPOP11440;130.0;Villamartín de Don Sancho;Total;Total habitantes;Personas.
DPOP17110;7728.0;Villamayor;Total;Total habitantes;Personas.
DPOP6139;611.0;Villamayor de Calatrava;Total;Total habitantes;Personas.
DPOP23542;330.0;Villamayor de Campos;Total;Total habitantes;Personas.
DPOP33129;2841.0;Villamayor de Gállego;Total;Total habitantes;Personas.
DPOP4555;157.0;Villamayor de los Montes;Total;Total habitantes;Personas.
DPOP14665;115.0;Villamayor de Monjardín;Total;Total habitantes;Personas.
DPOP7306;2336.0;Villamayor de Santiago;Total;Total habitantes;Personas.
DPOP4558;59.0;Villamayor de Treviño;Total;Total habitantes;Personas.
DPOP4561;44.0;Villambistia;Total;Total habitantes;Personas.
DPOP15736;177.0;Villamediana;Total;Total habitantes;Personas.
DPOP12673;9263.0;Villamediana de Iregua;Total;Total habitantes;Personas.
DPOP4564;9.0;Villamedianilla;Total;Total habitantes;Personas.
DPOP11443;653.0;Villamejil;Total;Total habitantes;Personas.
DPOP8563;1029.0;Villamena;Total;Total habitantes;Personas.
DPOP15739;109.0;Villameriel;Total;Total habitantes;Personas.
DPOP5284;271.0;Villamesías;Total;Total habitantes;Personas.
DPOP5287;379.0;Villamiel;Total;Total habitantes;Personas.
DPOP4567;43.0;Villamiel de la Sierra;Total;Total habitantes;Personas.
DPOP20992;1097.0;Villamiel de Toledo;Total;Total habitantes;Personas.
DPOP20995;518.0;Villaminaya;Total;Total habitantes;Personas.
DPOP11446;134.0;Villamol;Total;Total habitantes;Personas.
DPOP11449;678.0;Villamontán de la Valduerna;Total;Total habitantes;Personas.
DPOP23545;362.0;Villamor de los Escuderos;Total;Total habitantes;Personas.
DPOP11452;121.0;Villamoratiel de las Matas;Total;Total habitantes;Personas.
DPOP15742;236.0;Villamoronta;Total;Total habitantes;Personas.
DPOP20998;587.0;Villamuelas;Total;Total habitantes;Personas.
DPOP15745;36.0;Villamuera de la Cueza;Total;Total habitantes;Personas.
DPOP22468;55.0;Villamuriel de Campos;Total;Total habitantes;Personas.
DPOP15748;6501.0;Villamuriel de Cerrato;Total;Total habitantes;Personas.
DPOP22471;122.0;Villán de Tordesillas;Total;Total habitantes;Personas.
DPOP23548;256.0;Villanázar;Total;Total habitantes;Personas.
DPOP4570;229.0;Villangómez;Total;Total habitantes;Personas.
DPOP10519;171.0;Villanova;Total;Total habitantes;Personas.
DPOP10522;570.0;Villanúa;Total;Total habitantes;Personas.
DPOP22474;2903.0;Villanubla;Total;Total habitantes;Personas.
DPOP21001;2910.0;Villanueva de Alcardete;Total;Total habitantes;Personas.
DPOP9394;140.0;Villanueva de Alcorón;Total;Total habitantes;Personas.
DPOP13744;4084.0;Villanueva de Algaidas;Total;Total habitantes;Personas.
DPOP4573;117.0;Villanueva de Argaño;Total;Total habitantes;Personas.
DPOP9397;30.0;Villanueva de Argecilla;Total;Total habitantes;Personas.
DPOP1906;202.0;Villanueva de Ávila;Total;Total habitantes;Personas.
DPOP23551;398.0;Villanueva de Azoague;Total;Total habitantes;Personas.
DPOP21004;657.0;Villanueva de Bogas;Total;Total habitantes;Personas.
DPOP12676;68.0;Villanueva de Cameros;Total;Total habitantes;Personas.
DPOP23554;115.0;Villanueva de Campeán;Total;Total habitantes;Personas.
DPOP4576;24.0;Villanueva de Carazo;Total;Total habitantes;Personas.
DPOP21817;6972.0;Castelló;Total;Total habitantes;Personas.
DPOP6382;8328.0;Villanueva de Córdoba;Total;Total habitantes;Personas.
DPOP22477;1263.0;Villanueva de Duero;Total;Total habitantes;Personas.
DPOP24445;4852.0;Villanueva de Gállego;Total;Total habitantes;Personas.
DPOP1864;119.0;Villanueva de Gómez;Total;Total habitantes;Personas.
DPOP19132;6.0;Villanueva de Gormaz;Total;Total habitantes;Personas.
DPOP7309;59.0;Villanueva de Guadamejud;Total;Total habitantes;Personas.
DPOP4579;281.0;Villanueva de Gumiel;Total;Total habitantes;Personas.
DPOP24451;360.0;Villanueva de Huerva;Total;Total habitantes;Personas.
DPOP24448;73.0;Villanueva de Jiloca;Total;Total habitantes;Personas.
DPOP13429;24028.0;Villanueva de la Cañada;Total;Total habitantes;Personas.
DPOP33137;3296.0;Villanueva de la Concepción;Total;Total habitantes;Personas.
DPOP22480;64.0;Villanueva de la Condesa;Total;Total habitantes;Personas.
DPOP6142;1831.0;Villanueva de la Fuente;Total;Total habitantes;Personas.
DPOP7312;2396.0;Villanueva de la Jara;Total;Total habitantes;Personas.
DPOP10828;2941.0;Villanueva de la Reina;Total;Total habitantes;Personas.
DPOP2368;25773.0;Villanueva de la Serena;Total;Total habitantes;Personas.
DPOP5290;478.0;Villanueva de la Sierra;Total;Total habitantes;Personas.
DPOP9400;6666.0;Villanueva de la Torre;Total;Total habitantes;Personas.
DPOP5293;2108.0;Villanueva de la Vera;Total;Total habitantes;Personas.
DPOP9940;379.0;Villanueva de las Cruces;Total;Total habitantes;Personas.
DPOP11455;484.0;Villanueva de las Manzanas;Total;Total habitantes;Personas.
DPOP23557;85.0;Villanueva de las Peras;Total;Total habitantes;Personas.
DPOP8524;491.0;Villanueva de las Torres;Total;Total habitantes;Personas.
DPOP22483;147.0;Villanueva de los Caballeros;Total;Total habitantes;Personas.
DPOP9943;2967.0;Villanueva de los Castillejos;Total;Total habitantes;Personas.
DPOP22486;116.0;Villanueva de los Infantes;Total;Total habitantes;Personas.
DPOP6145;4733.0;Villanueva de los Infantes;Total;Total habitantes;Personas.
DPOP15226;244.0;Villanueva de Oscos;Total;Total habitantes;Personas.
DPOP13435;1715.0;Villanueva de Perales;Total;Total habitantes;Personas.
DPOP6148;261.0;Villanueva de San Carlos;Total;Total habitantes;Personas.
DPOP18598;986.0;Villanueva de San Juan;Total;Total habitantes;Personas.
DPOP22489;96.0;Villanueva de San Mancio;Total;Total habitantes;Personas.
DPOP10525;340.0;Villanueva de Sigena;Total;Total habitantes;Personas.
DPOP13753;1391.0;Villanueva de Tapia;Total;Total habitantes;Personas.
DPOP4582;43.0;Villanueva de Teba;Total;Total habitantes;Personas.
DPOP5830;94.0;Villanueva de Viver;Total;Total habitantes;Personas.
DPOP1867;86.0;Villanueva del Aceral;Total;Total habitantes;Personas.
DPOP18592;6965.0;Villanueva del Ariscal;Total;Total habitantes;Personas.
DPOP10831;7703.0;Villanueva del Arzobispo;Total;Total habitantes;Personas.
DPOP1870;107.0;Villanueva del Campillo;Total;Total habitantes;Personas.
DPOP23560;736.0;Villanueva del Campo;Total;Total habitantes;Personas.
DPOP17113;172.0;Villanueva del Conde;Total;Total habitantes;Personas.
DPOP6385;1409.0;Villanueva del Duque;Total;Total habitantes;Personas.
DPOP2371;3247.0;Villanueva del Fresno;Total;Total habitantes;Personas.
DPOP13432;18466.0;Villanueva del Pardillo;Total;Total habitantes;Personas.
DPOP15751;67.0;Villanueva del Rebollar;Total;Total habitantes;Personas.
DPOP20395;49.0;Villanueva del Rebollar de la Sierra;Total;Total habitantes;Personas.
DPOP6388;1031.0;Villanueva del Rey;Total;Total habitantes;Personas.
DPOP13891;4111.0;Villanueva del Río Segura;Total;Total habitantes;Personas.
DPOP18595;5073.0;Villanueva del Río y Minas;Total;Total habitantes;Personas.
DPOP13747;3470.0;Villanueva del Rosario;Total;Total habitantes;Personas.
DPOP13750;5521.0;Villanueva del Trabuco;Total;Total habitantes;Personas.
DPOP8527;1965.0;Villanueva Mesía;Total;Total habitantes;Personas.
DPOP15754;91.0;Villanuño de Valdavia;Total;Total habitantes;Personas.
DPOP11458;514.0;Villaobispo de Otero;Total;Total habitantes;Personas.
DPOP11494;348.0;Villaornate y Castro;Total;Total habitantes;Personas.
DPOP400;539.0;Villapalacios;Total;Total habitantes;Personas.
DPOP15757;46.0;Villaprovedo;Total;Total habitantes;Personas.
DPOP11461;763.0;Villaquejida;Total;Total habitantes;Personas.
DPOP11464;18905.0;Villaquilambre;Total;Total habitantes;Personas.
DPOP4585;45.0;Villaquirán de la Puebla;Total;Total habitantes;Personas.
DPOP4588;154.0;Villaquirán de los Infantes;Total;Total habitantes;Personas.
DPOP17116;95.0;Villar de Argañán;Total;Total habitantes;Personas.
DPOP12679;645.0;Villar de Arnedo, El;Total;Total habitantes;Personas.
DPOP7315;389.0;Villar de Cañas;Total;Total habitantes;Personas.
DPOP17119;253.0;Villar de Ciervo;Total;Total habitantes;Personas.
DPOP1873;31.0;Villar de Corneja;Total;Total habitantes;Personas.
DPOP7318;217.0;Villar de Domingo García;Total;Total habitantes;Personas.
DPOP23569;50.0;Villar de Fallaves;Total;Total habitantes;Personas.
DPOP17122;192.0;Villar de Gallimazo;Total;Total habitantes;Personas.
DPOP7321;146.0;Villar de la Encina;Total;Total habitantes;Personas.
DPOP17125;151.0;Villar de la Yegua;Total;Total habitantes;Personas.
DPOP24454;147.0;Villar de los Navarros;Total;Total habitantes;Personas.
DPOP7330;1575.0;Villar de Olalla;Total;Total habitantes;Personas.
DPOP17128;212.0;Villar de Peralonso;Total;Total habitantes;Personas.
DPOP5299;224.0;Villar de Plasencia;Total;Total habitantes;Personas.
DPOP2377;1326.0;Villar de Rena;Total;Total habitantes;Personas.
DPOP17131;79.0;Villar de Samaniego;Total;Total habitantes;Personas.
DPOP12682;143.0;Villar de Torre;Total;Total habitantes;Personas.
DPOP19135;50.0;Villar del Ala;Total;Total habitantes;Personas.
DPOP21820;3862.0;Villar del Arzobispo;Total;Total habitantes;Personas.
DPOP23572;483.0;Villar del Buey;Total;Total habitantes;Personas.
DPOP19138;29.0;Villar del Campo;Total;Total habitantes;Personas.
DPOP20398;158.0;Villar del Cobo;Total;Total habitantes;Personas.
DPOP7324;182.0;Villar del Humo;Total;Total habitantes;Personas.
DPOP7327;34.0;Villar del Infantado;Total;Total habitantes;Personas.
DPOP13438;2341.0;Villar del Olmo;Total;Total habitantes;Personas.
DPOP5296;547.0;Villar del Pedroso;Total;Total habitantes;Personas.
DPOP6151;45.0;Villar del Pozo;Total;Total habitantes;Personas.
DPOP2374;2064.0;Villar del Rey;Total;Total habitantes;Personas.
DPOP19141;155.0;Villar del Río;Total;Total habitantes;Personas.
DPOP20401;58.0;Villar del Salz;Total;Total habitantes;Personas.
DPOP7402;91.0;Villar y Velasco;Total;Total habitantes;Personas.
DPOP23563;1782.0;Villaralbo;Total;Total habitantes;Personas.
DPOP6391;1059.0;Villaralto;Total;Total habitantes;Personas.
DPOP4642;4103.0;Villarcayo de Merindad de Castilla la Vieja;Total;Total habitantes;Personas.
DPOP23566;383.0;Villardeciervos;Total;Total habitantes;Personas.
DPOP22492;145.0;Villardefrades;Total;Total habitantes;Personas.
DPOP23575;106.0;Villardiegua de la Ribera;Total;Total habitantes;Personas.
DPOP23578;60.0;Villárdiga;Total;Total habitantes;Personas.
DPOP10834;893.0;Villardompardo;Total;Total habitantes;Personas.
DPOP23581;110.0;Villardondiego;Total;Total habitantes;Personas.
DPOP12685;30.0;Villarejo;Total;Total habitantes;Personas.
DPOP7333;387.0;Villarejo de Fuentes;Total;Total habitantes;Personas.
DPOP7336;16.0;Villarejo de la Peñuela;Total;Total habitantes;Personas.
DPOP21007;83.0;Villarejo de Montalbán;Total;Total habitantes;Personas.
DPOP11467;2856.0;Villarejo de Órbigo;Total;Total habitantes;Personas.
DPOP13441;8042.0;Villarejo de Salvanés;Total;Total habitantes;Personas.
DPOP1876;304.0;Villarejo del Valle;Total;Total habitantes;Personas.
DPOP7339;375.0;Villarejo-Periesteban;Total;Total habitantes;Personas.
DPOP9403;39.0;Villares de Jadraque;Total;Total habitantes;Personas.
DPOP17134;6784.0;Villares de la Reina;Total;Total habitantes;Personas.
DPOP11470;557.0;Villares de Órbigo;Total;Total habitantes;Personas.
DPOP19144;72.0;Villares de Soria, Los;Total;Total habitantes;Personas.
DPOP17137;102.0;Villares de Yeltes;Total;Total habitantes;Personas.
DPOP7342;499.0;Villares del Saz;Total;Total habitantes;Personas.
DPOP10837;6111.0;Villares, Los;Total;Total habitantes;Personas.
DPOP21823;588.0;Villargordo del Cabriel;Total;Total habitantes;Personas.
DPOP4591;731.0;Villariezo;Total;Total habitantes;Personas.
DPOP17140;727.0;Villarino de los Aires;Total;Total habitantes;Personas.
DPOP20404;159.0;Villarluengo;Total;Total habitantes;Personas.
DPOP17143;139.0;Villarmayor;Total;Total habitantes;Personas.
DPOP15760;26.0;Villarmentero de Campos;Total;Total habitantes;Personas.
DPOP22495;99.0;Villarmentero de Esgueva;Total;Total habitantes;Personas.
DPOP17146;38.0;Villarmuerto;Total;Total habitantes;Personas.
DPOP20407;901.0;Villarquemado;Total;Total habitantes;Personas.
DPOP15763;170.0;Villarrabé;Total;Total habitantes;Personas.
DPOP15766;782.0;Villarramiel;Total;Total habitantes;Personas.
DPOP9946;2103.0;Villarrasa;Total;Total habitantes;Personas.
DPOP24457;270.0;Villarreal de Huerva;Total;Total habitantes;Personas.
DPOP23584;387.0;Villarrín de Campos;Total;Total habitantes;Personas.
DPOP403;25400.0;Villarrobledo;Total;Total habitantes;Personas.
DPOP10840;371.0;Villarrodrigo;Total;Total habitantes;Personas.
DPOP12688;9.0;Villarroya;Total;Total habitantes;Personas.
DPOP24460;397.0;Villarroya de la Sierra;Total;Total habitantes;Personas.
DPOP20410;160.0;Villarroya de los Pinares;Total;Total habitantes;Personas.
DPOP24463;70.0;Villarroya del Campo;Total;Total habitantes;Personas.
DPOP6154;9512.0;Villarrubia de los Ojos;Total;Total habitantes;Personas.
DPOP21010;2583.0;Villarrubia de Santiago;Total;Total habitantes;Personas.
DPOP7345;211.0;Villarrubio;Total;Total habitantes;Personas.
DPOP7348;853.0;Villarta;Total;Total habitantes;Personas.
DPOP2380;375.0;Villarta de los Montes;Total;Total habitantes;Personas.
DPOP6157;2681.0;Villarta de San Juan;Total;Total habitantes;Personas.
DPOP12691;129.0;Villarta-Quintana;Total;Total habitantes;Personas.
DPOP7351;225.0;Villas de la Ventosa;Total;Total habitantes;Personas.
DPOP11473;1155.0;Villasabariego;Total;Total habitantes;Personas.
DPOP4594;179.0;Villasandino;Total;Total habitantes;Personas.
DPOP15769;125.0;Villasarracino;Total;Total habitantes;Personas.
DPOP19147;59.0;Villasayas;Total;Total habitantes;Personas.
DPOP17149;158.0;Villasbuenas;Total;Total habitantes;Personas.
DPOP5302;481.0;Villasbuenas de Gata;Total;Total habitantes;Personas.
DPOP17152;22.0;Villasdardo;Total;Total habitantes;Personas.
DPOP19150;23.0;Villaseca de Arciel;Total;Total habitantes;Personas.
DPOP9406;22.0;Villaseca de Henares;Total;Total habitantes;Personas.
DPOP21013;1910.0;Villaseca de la Sagra;Total;Total habitantes;Personas.
DPOP9409;59.0;Villaseca de Uceda;Total;Total habitantes;Personas.
DPOP17155;138.0;Villaseco de los Gamitos;Total;Total habitantes;Personas.
DPOP17158;296.0;Villaseco de los Reyes;Total;Total habitantes;Personas.
DPOP23587;201.0;Villaseco del Pan;Total;Total habitantes;Personas.
DPOP11476;180.0;Villaselán;Total;Total habitantes;Personas.
DPOP21016;2673.0;Villasequilla;Total;Total habitantes;Personas.
DPOP22498;67.0;Villasexmir;Total;Total habitantes;Personas.
DPOP15772;64.0;Villasila de Valdavia;Total;Total habitantes;Personas.
DPOP17161;231.0;Villasrubias;Total;Total habitantes;Personas.
DPOP20413;566.0;Villastar;Total;Total habitantes;Personas.
DPOP4597;269.0;Villasur de Herreros;Total;Total habitantes;Personas.
DPOP21019;2964.0;Villatobas;Total;Total habitantes;Personas.
DPOP1879;150.0;Villatoro;Total;Total habitantes;Personas.
DPOP10849;4259.0;Villatorres;Total;Total habitantes;Personas.
DPOP406;114.0;Villatoya;Total;Total habitantes;Personas.
DPOP4600;41.0;Villatuelda;Total;Total habitantes;Personas.
DPOP14671;1256.0;Villatuerta;Total;Total habitantes;Personas.
DPOP15775;148.0;Villaturde;Total;Total habitantes;Personas.
DPOP11479;1818.0;Villaturiel;Total;Total habitantes;Personas.
DPOP15778;627.0;Villaumbrales;Total;Total habitantes;Personas.
DPOP14674;9928.0;Villava/Atarrabia;Total;Total habitantes;Personas.
DPOP409;190.0;Villavaliente;Total;Total habitantes;Personas.
DPOP22501;155.0;Villavaquerín;Total;Total habitantes;Personas.
DPOP12694;43.0;Villavelayo;Total;Total habitantes;Personas.
DPOP22504;51.0;Villavellid;Total;Total habitantes;Personas.
DPOP23590;150.0;Villavendimio;Total;Total habitantes;Personas.
DPOP412;325.0;Villaverde de Guadalimar;Total;Total habitantes;Personas.
DPOP17164;128.0;Villaverde de Guareña;Total;Total habitantes;Personas.
DPOP18262;579.0;Villaverde de Íscar;Total;Total habitantes;Personas.
DPOP22507;497.0;Villaverde de Medina;Total;Total habitantes;Personas.
DPOP18265;22.0;Villaverde de Montejo;Total;Total habitantes;Personas.
DPOP12697;65.0;Villaverde de Rioja;Total;Total habitantes;Personas.
DPOP4603;112.0;Villaverde del Monte;Total;Total habitantes;Personas.
DPOP18601;7885.0;Villaverde del Río;Total;Total habitantes;Personas.
DPOP7354;318.0;Villaverde y Pasaconsol;Total;Total habitantes;Personas.
DPOP4606;68.0;Villaverde-Mogina;Total;Total habitantes;Personas.
DPOP23596;72.0;Villaveza de Valverde;Total;Total habitantes;Personas.
DPOP23593;162.0;Villaveza del Agua;Total;Total habitantes;Personas.
DPOP22510;215.0;Villavicencio de los Caballeros;Total;Total habitantes;Personas.
DPOP15229;15379.0;Villaviciosa;Total;Total habitantes;Personas.
DPOP6394;3043.0;Villaviciosa de Córdoba;Total;Total habitantes;Personas.
DPOP13444;30127.0;Villaviciosa de Odón;Total;Total habitantes;Personas.
DPOP17167;676.0;Villavieja de Yeltes;Total;Total habitantes;Personas.
DPOP13447;332.0;Villavieja del Lozoya;Total;Total habitantes;Personas.
DPOP15781;356.0;Villaviudas;Total;Total habitantes;Personas.
DPOP4609;208.0;Villayerno Morquillas;Total;Total habitantes;Personas.
DPOP15232;1054.0;Villayón;Total;Total habitantes;Personas.
DPOP11482;560.0;Villazala;Total;Total habitantes;Personas.
DPOP11485;360.0;Villazanzo de Valderaduey;Total;Total habitantes;Personas.
DPOP4612;51.0;Villazopeque;Total;Total habitantes;Personas.
DPOP4615;83.0;Villegas;Total;Total habitantes;Personas.
DPOP18268;129.0;Villeguillo;Total;Total habitantes;Personas.
DPOP20416;336.0;Villel;Total;Total habitantes;Personas.
DPOP9412;163.0;Villel de Mesa;Total;Total habitantes;Personas.
DPOP835;34712.0;Villena;Total;Total habitantes;Personas.
DPOP15784;71.0;Villerías de Campos;Total;Total habitantes;Personas.
DPOP15787;22.0;Villodre;Total;Total habitantes;Personas.
DPOP15790;96.0;Villodrigo;Total;Total habitantes;Personas.
DPOP15793;333.0;Villoldo;Total;Total habitantes;Personas.
DPOP7357;120.0;Víllora;Total;Total habitantes;Personas.
DPOP5842;51.0;Villores;Total;Total habitantes;Personas.
DPOP17170;1239.0;Villoria;Total;Total habitantes;Personas.
DPOP4618;62.0;Villoruebo;Total;Total habitantes;Personas.
DPOP17173;729.0;Villoruela;Total;Total habitantes;Personas.
DPOP12700;351.0;Villoslada de Cameros;Total;Total habitantes;Personas.
DPOP15796;295.0;Villota del Páramo;Total;Total habitantes;Personas.
DPOP15799;62.0;Villovieco;Total;Total habitantes;Personas.
DPOP3514;1154.0;Vilobí del Penedès;Total;Total habitantes;Personas.
DPOP8059;3297.0;Vilobí d'Onyar;Total;Total habitantes;Personas.
DPOP8056;209.0;Vilopriu;Total;Total habitantes;Personas.
DPOP22411;338.0;Viloria;Total;Total habitantes;Personas.
DPOP4507;38.0;Viloria de Rioja;Total;Total habitantes;Personas.
DPOP12145;177.0;Vilosell, El;Total;Total habitantes;Personas.
DPOP24427;59.0;Vilueña, La;Total;Total habitantes;Personas.
DPOP17098;374.0;Vilvestre;Total;Total habitantes;Personas.
DPOP4510;511.0;Vilviestre del Pinar;Total;Total habitantes;Personas.
DPOP19693;887.0;Vimbodí i Poblet;Total;Total habitantes;Personas.
DPOP6679;6768.0;Vimianzo;Total;Total habitantes;Personas.
DPOP20419;176.0;Vinaceite;Total;Total habitantes;Personas.
DPOP12151;437.0;Vinaixa;Total;Total habitantes;Personas.
DPOP21826;3572.0;Vinalesa;Total;Total habitantes;Personas.
DPOP5845;30529.0;Vinaròs;Total;Total habitantes;Personas.
DPOP7360;19.0;Vindel;Total;Total habitantes;Personas.
DPOP19696;427.0;Vinebre;Total;Total habitantes;Personas.
DPOP12703;81.0;Viniegra de Abajo;Total;Total habitantes;Personas.
DPOP12706;40.0;Viniegra de Arriba;Total;Total habitantes;Personas.
DPOP19153;826.0;Vinuesa;Total;Total habitantes;Personas.
DPOP19699;2450.0;Vinyols i els Arcs;Total;Total habitantes;Personas.
DPOP23599;148.0;Viñas;Total;Total habitantes;Personas.
DPOP1882;49.0;Viñegra de Moraña;Total;Total habitantes;Personas.
DPOP13756;2044.0;Viñuela;Total;Total habitantes;Personas.
DPOP9415;181.0;Viñuelas;Total;Total habitantes;Personas.
DPOP20422;132.0;Visiedo;Total;Total habitantes;Personas.
DPOP21022;6380.0;Viso de San Juan, El;Total;Total habitantes;Personas.
DPOP18604;19458.0;Viso del Alcor, El;Total;Total habitantes;Personas.
DPOP6160;2091.0;Viso del Marqués;Total;Total habitantes;Personas.
DPOP6397;2499.0;Viso, El;Total;Total habitantes;Personas.
DPOP24466;51.0;Vistabella;Total;Total habitantes;Personas.
DPOP5848;354.0;Vistabella del Maestrat;Total;Total habitantes;Personas.
DPOP1885;81.0;Vita;Total;Total habitantes;Personas.
DPOP17176;2344.0;Vitigudino;Total;Total habitantes;Personas.
DPOP139;260699.0;Vitoria-Gasteiz;Total;Total habitantes;Personas.
DPOP12913;15120.0;Viveiro;Total;Total habitantes;Personas.
DPOP20425;63.0;Vivel del Río Martín;Total;Total habitantes;Personas.
DPOP5851;1729.0;Viver;Total;Total habitantes;Personas.
DPOP3526;178.0;Viver i Serrateix;Total;Total habitantes;Personas.
DPOP415;293.0;Viveros;Total;Total habitantes;Personas.
DPOP4621;41.0;Vizcaínos;Total;Total habitantes;Personas.
DPOP19156;31.0;Vizmanos;Total;Total habitantes;Personas.
DPOP8530;1006.0;Víznar;Total;Total habitantes;Personas.
DPOP17665;2971.0;Voto;Total;Total habitantes;Personas.
DPOP19159;29.0;Vozmediano;Total;Total habitantes;Personas.
DPOP22513;289.0;Wamba;Total;Total habitantes;Personas.
DPOP667;3104.0;Xaló;Total;Total habitantes;Personas.
DPOP21481;31008.0;Xàtiva;Total;Total habitantes;Personas.
DPOP21475;6149.0;Xeraco;Total;Total habitantes;Personas.
DPOP21484;2418.0;Xeresa;Total;Total habitantes;Personas.
DPOP12781;1665.0;Xermade;Total;Total habitantes;Personas.
DPOP5596;702.0;Xert;Total;Total habitantes;Personas.
DPOP19324;1180.0;Xerta;Total;Total habitantes;Personas.
DPOP14818;9699.0;Xinzo de Limia;Total;Total habitantes;Personas.
DPOP21376;32093.0;Xirivella;Total;Total habitantes;Personas.
DPOP12793;3269.0;Xove;Total;Total habitantes;Personas.
DPOP14830;1346.0;Xunqueira de Ambía;Total;Total habitantes;Personas.
DPOP14833;696.0;Xunqueira de Espadanedo;Total;Total habitantes;Personas.
DPOP15916;18842.0;Yaiza;Total;Total habitantes;Personas.
DPOP19162;104.0;Yanguas;Total;Total habitantes;Personas.
DPOP18271;117.0;Yanguas de Eresma;Total;Total habitantes;Personas.
DPOP21829;2325.0;Yátova;Total;Total habitantes;Personas.
DPOP21025;5787.0;Yébenes, Los;Total;Total habitantes;Personas.
DPOP9418;5637.0;Yebes;Total;Total habitantes;Personas.
DPOP9421;489.0;Yebra;Total;Total habitantes;Personas.
DPOP10528;155.0;Yebra de Basa;Total;Total habitantes;Personas.
DPOP13894;36453.0;Yecla;Total;Total habitantes;Personas.
DPOP17179;223.0;Yecla de Yeltes;Total;Total habitantes;Personas.
DPOP142;278.0;Yécora/Iekora;Total;Total habitantes;Personas.
DPOP9424;57.0;Yélamos de Abajo;Total;Total habitantes;Personas.
DPOP9427;97.0;Yélamos de Arriba;Total;Total habitantes;Personas.
DPOP21028;6514.0;Yeles;Total;Total habitantes;Personas.
DPOP19165;40.0;Yelo;Total;Total habitantes;Personas.
DPOP7363;18.0;Yémeda;Total;Total habitantes;Personas.
DPOP21031;5820.0;Yepes;Total;Total habitantes;Personas.
DPOP15235;134.0;Yernes y Tameza;Total;Total habitantes;Personas.
DPOP14683;297.0;Yesa;Total;Total habitantes;Personas.
DPOP21832;246.0;Yesa, La;Total;Total habitantes;Personas.
DPOP10531;60.0;Yésero;Total;Total habitantes;Personas.
DPOP418;2471.0;Yeste;Total;Total habitantes;Personas.
DPOP21034;5275.0;Yuncler;Total;Total habitantes;Personas.
DPOP21037;819.0;Yunclillos;Total;Total habitantes;Personas.
DPOP21040;13189.0;Yuncos;Total;Total habitantes;Personas.
DPOP13759;2828.0;Yunquera;Total;Total habitantes;Personas.
DPOP9430;4706.0;Yunquera de Henares;Total;Total habitantes;Personas.
DPOP9433;86.0;Yunta, La;Total;Total habitantes;Personas.
DPOP14686;285.0;Zabalza/Zabaltza;Total;Total habitantes;Personas.
DPOP4624;117.0;Zael;Total;Total habitantes;Personas.
DPOP8533;2244.0;Zafarraya;Total;Total habitantes;Personas.
DPOP2383;16735.0;Zafra;Total;Total habitantes;Personas.
DPOP7366;92.0;Zafra de Záncara;Total;Total habitantes;Personas.
DPOP7369;59.0;Zafrilla;Total;Total habitantes;Personas.
DPOP8578;845.0;Zagra;Total;Total habitantes;Personas.
DPOP5446;1344.0;Zahara;Total;Total habitantes;Personas.
DPOP2386;2766.0;Zahínos;Total;Total habitantes;Personas.
DPOP24469;433.0;Zaida, La;Total;Total habitantes;Personas.
DPOP10534;1807.0;Zaidín;Total;Total habitantes;Personas.
DPOP2389;3371.0;Zalamea de la Serena;Total;Total habitantes;Personas.
DPOP9949;2968.0;Zalamea la Real;Total;Total habitantes;Personas.
DPOP22807;3066.0;Zaldibar;Total;Total habitantes;Personas.
DPOP9682;1761.0;Zaldibia;Total;Total habitantes;Personas.
DPOP145;195.0;Zalduondo;Total;Total habitantes;Personas.
DPOP22810;8334.0;Zalla;Total;Total habitantes;Personas.
DPOP17182;70.0;Zamarra;Total;Total habitantes;Personas.
DPOP17185;192.0;Zamayón;Total;Total habitantes;Personas.
DPOP148;452.0;Zambrana;Total;Total habitantes;Personas.
DPOP23602;59815.0;Zamora;Total;Total habitantes;Personas.
DPOP22828;3442.0;Zamudio;Total;Total habitantes;Personas.
DPOP9436;117.0;Zaorejas;Total;Total habitantes;Personas.
DPOP1888;83.0;Zapardiel de la Cañada;Total;Total habitantes;Personas.
DPOP1891;90.0;Zapardiel de la Ribera;Total;Total habitantes;Personas.
DPOP24472;693091.0;Zaragoza;Total;Total habitantes;Personas.
DPOP17188;50.0;Zarapicos;Total;Total habitantes;Personas.
DPOP22813;1609.0;Zaratamo;Total;Total habitantes;Personas.
DPOP22516;6386.0;Zaratán;Total;Total habitantes;Personas.
DPOP9685;23496.0;Zarautz;Total;Total habitantes;Personas.
DPOP21835;374.0;Zarra;Total;Total habitantes;Personas.
DPOP12709;254.0;Zarratón;Total;Total habitantes;Personas.
DPOP5305;1815.0;Zarza de Granadilla;Total;Total habitantes;Personas.
DPOP5308;504.0;Zarza de Montánchez;Total;Total habitantes;Personas.
DPOP17191;131.0;Zarza de Pumareda, La;Total;Total habitantes;Personas.
DPOP7372;320.0;Zarza de Tajo;Total;Total habitantes;Personas.
DPOP5311;1096.0;Zarza la Mayor;Total;Total habitantes;Personas.
DPOP22519;109.0;Zarza, La;Total;Total habitantes;Personas.
DPOP2395;3339.0;Zarza, La;Total;Total habitantes;Personas.
DPOP2392;295.0;Zarza-Capilla;Total;Total habitantes;Personas.
DPOP13450;1946.0;Zarzalejo;Total;Total habitantes;Personas.
DPOP61931;1181.0;Zarza-Perrunal, La;Total;Total habitantes;Personas.
DPOP12712;14.0;Zarzosa;Total;Total habitantes;Personas.
DPOP4627;29.0;Zarzosa de Río Pisuerga;Total;Total habitantes;Personas.
DPOP7375;174.0;Zarzuela;Total;Total habitantes;Personas.
DPOP9439;49.0;Zarzuela de Jadraque;Total;Total habitantes;Personas.
DPOP18274;507.0;Zarzuela del Monte;Total;Total habitantes;Personas.
DPOP18277;408.0;Zarzuela del Pinar;Total;Total habitantes;Personas.
DPOP6682;4199.0;Zas;Total;Total habitantes;Personas.
DPOP4630;198.0;Zazuar;Total;Total habitantes;Personas.
DPOP22594;1234.0;Zeanuri;Total;Total habitantes;Personas.
DPOP22597;1087.0;Zeberio;Total;Total habitantes;Personas.
DPOP9523;1543.0;Zegama;Total;Total habitantes;Personas.
DPOP9526;284.0;Zerain;Total;Total habitantes;Personas.
DPOP9529;3933.0;Zestoa;Total;Total habitantes;Personas.
DPOP22852;1512.0;Zierbena;Total;Total habitantes;Personas.
DPOP46;1845.0;Zigoitia;Total;Total habitantes;Personas.
DPOP14122;359.0;Ziordia;Total;Total habitantes;Personas.
DPOP24553;401.0;Ziortza-Bolibar;Total;Total habitantes;Personas.
DPOP14716;16510.0;Zizur Mayor/Zizur Nagusia;Total;Total habitantes;Personas.
DPOP9532;2976.0;Zizurkil;Total;Total habitantes;Personas.
DPOP20428;28.0;Zoma, La;Total;Total habitantes;Personas.
DPOP5314;1223.0;Zorita;Total;Total habitantes;Personas.
DPOP17194;140.0;Zorita de la Frontera;Total;Total habitantes;Personas.
DPOP9442;72.0;Zorita de los Canes;Total;Total habitantes;Personas.
DPOP5854;118.0;Zorita del Maestrazgo;Total;Total habitantes;Personas.
DPOP12715;88.0;Zorraquín;Total;Total habitantes;Personas.
DPOP11488;384.0;Zotes del Páramo;Total;Total habitantes;Personas.
DPOP8536;20389.0;Zubia, La;Total;Total habitantes;Personas.
DPOP14689;292.0;Zubieta;Total;Total habitantes;Personas.
DPOP5857;171.0;Zucaina;Total;Total habitantes;Personas.
DPOP24475;8766.0;Zuera;Total;Total habitantes;Personas.
DPOP9952;736.0;Zufre;Total;Total habitantes;Personas.
DPOP14692;213.0;Zugarramurdi;Total;Total habitantes;Personas.
DPOP6400;596.0;Zuheros;Total;Total habitantes;Personas.
DPOP151;2350.0;Zuia;Total;Total habitantes;Personas.
DPOP8539;2655.0;Zújar;Total;Total habitantes;Personas.
DPOP9691;10160.0;Zumaia;Total;Total habitantes;Personas.
DPOP9688;9678.0;Zumarraga;Total;Total habitantes;Personas.
DPOP4633;58.0;Zuñeda;Total;Total habitantes;Personas.
DPOP63263;4565.0;Usansolo;Total;Total habitantes;Personas.
DPOP14695;78.0;Zúñiga;Total;Total habitantes;Personas.
DPOP1150;3059.0;Zurgena;Total;Total habitantes;Personas.
