{
"type": "FeatureCollection",
"name": "provincias",
"crs": { "type": "name", "properties": { "name": "urn:ogc:def:crs:OGC:1.3:CRS84" } },
"features": [
{ "type": "Feature", "properties": { "COD_PROV": "01" }, "geometry": { "type": "Polygon", "coordinates": [ [ [ -2.7624101, 42.6247093 ], [ -2.7763611, 42.5837248 ], [ -2.8021786, 42.5664728 ], [ -2.8117276, 42.5714589 ], [ -2.8236852, 42.5568154 ], [ -2.8394647, 42.5834872 ], [ -2.8181683, 42.5940118 ], [ -2.818591, 42.616372 ], [ -2.8404927, 42.6104692 ], [ -2.8467747, 42.6190529 ], [ -2.8415858, 42.6314737 ], [ -2.8947539, 42.6569027 ], [ -2.901196, 42.6954721 ], [ -2.9290127, 42.7015349 ], [ -2.9292715, 42.7100903 ], [ -2.9793274, 42.7056891 ], [ -2.9880674, 42.7211433 ], [ -3.0061558, 42.7250865 ], [ -3.0045443, 42.7343285 ], [ -3.0150138, 42.7357572 ], [ -3.0150278, 42.7423594 ], [ -3.0394621, 42.7403639 ], [ -3.0483531, 42.7674754 ], [ -3.0628926, 42.7619582 ], [ -3.0795475, 42.769124 ], [ -3.0831397, 42.7589622 ], [ -3.0993486, 42.7690354 ], [ -3.1466145, 42.7585664 ], [ -3.1219555, 42.791195099999989 ], [ -3.1579308, 42.8064603 ], [ -3.1396197, 42.8381379 ], [ -3.1118505, 42.8629331 ], [ -3.1038888, 42.8820403 ], [ -3.1136404, 42.8911179 ], [ -3.1243976, 42.8931864 ], [ -3.1594459, 42.8582024 ], [ -3.1893893, 42.8713327 ], [ -3.2208792, 42.8405034 ], [ -3.2042366, 42.8292692 ], [ -3.2245438, 42.8319862 ], [ -3.2813141, 42.8773827 ], [ -3.2854728, 42.8870193 ], [ -3.2751082, 42.8888907 ], [ -3.2759447, 42.9034491 ], [ -3.2472499, 42.9140142 ], [ -3.2342609, 42.9457313 ], [ -3.2234337, 42.9515613 ], [ -3.143433, 42.9365524 ], [ -3.1482569, 42.9191915 ], [ -3.125232, 42.9059279 ], [ -3.1033634, 42.9120282 ], [ -3.0882172, 42.900866 ], [ -3.0176045, 42.9103822 ], [ -3.0035907, 42.9288696 ], [ -2.9801683, 42.9406732 ], [ -2.9947772, 42.9547425 ], [ -3.0183289, 42.956894 ], [ -3.0435852, 42.9752576 ], [ -3.0356558, 42.984102299999989 ], [ -3.0027354, 42.9847466 ], [ -2.9992396, 42.9915005 ], [ -2.9760673, 42.9904989 ], [ -2.9543969, 43.0007216 ], [ -2.9845429, 42.9941475 ], [ -2.9903688, 43.0020557 ], [ -2.9847096, 43.0139672 ], [ -3.0316032, 43.0222034 ], [ -3.0172486, 43.0395327 ], [ -3.027843, 43.0388187 ], [ -3.0273318, 43.048454199999988 ], [ -3.0484385, 43.0490973 ], [ -3.0643015, 43.0250094 ], [ -3.089161, 43.0114317 ], [ -3.0876892, 43.0035084 ], [ -3.14349, 43.0087087 ], [ -3.1765044, 43.0238558 ], [ -3.1689507, 43.0309446 ], [ -3.1405611, 43.0316865 ], [ -3.1461703, 43.0367927 ], [ -3.1390127, 43.0690226 ], [ -3.1568887, 43.0758883 ], [ -3.1326413, 43.0991067 ], [ -3.1401928, 43.112515 ], [ -3.1507592, 43.1059899 ], [ -3.1804884, 43.1227495 ], [ -3.1601769, 43.1450584 ], [ -3.165475, 43.148816 ], [ -3.1605503, 43.1561338 ], [ -3.1369915, 43.1650539 ], [ -3.1100401, 43.145370799999988 ], [ -3.0923064, 43.1533558 ], [ -3.0734083, 43.1482283 ], [ -3.0646129, 43.1576521 ], [ -3.0255992, 43.1632421 ], [ -3.0152024, 43.2046998 ], [ -3.0387673, 43.2117545 ], [ -3.0319137, 43.2186903 ], [ -3.0054772, 43.198462 ], [ -2.9787417, 43.203728 ], [ -2.97172, 43.1881482 ], [ -2.9450907, 43.1727403 ], [ -2.9528628, 43.1615777 ], [ -2.93451, 43.1380829 ], [ -2.971627, 43.0973256 ], [ -2.8928593, 43.0482919 ], [ -2.8624951, 43.0538229 ], [ -2.8206347, 43.0369171 ], [ -2.7798701, 43.0358639 ], [ -2.7684434, 43.0287273 ], [ -2.7385734, 43.0360021 ], [ -2.7284173, 43.0258225 ], [ -2.7026811, 43.0329794 ], [ -2.6857038, 43.0234956 ], [ -2.6655717, 43.0332991 ], [ -2.632313, 43.0217804 ], [ -2.6323849, 43.046688 ], [ -2.6599339, 43.067206 ], [ -2.6603639, 43.0761391 ], [ -2.6317395, 43.0889108 ], [ -2.5911597, 43.0830717 ], [ -2.5453333, 43.0900493 ], [ -2.5396815, 43.0785623 ], [ -2.5468058, 43.0769529 ], [ -2.5235323, 43.0462415 ], [ -2.5482684, 43.0216596 ], [ -2.5952203, 43.0111193 ], [ -2.5996277, 43.0032357 ], [ -2.5916981, 42.9889262 ], [ -2.6013709, 42.9840975 ], [ -2.5797095, 42.966128 ], [ -2.5411893, 42.9520306 ], [ -2.5339895, 42.9753163 ], [ -2.4990256, 42.961706 ], [ -2.4776399, 42.9677958 ], [ -2.4527786, 42.958728 ], [ -2.4085788, 42.9613729 ], [ -2.3753574, 42.9499119 ], [ -2.3534793, 42.9518982 ], [ -2.3377993, 42.9382642 ], [ -2.3010008, 42.9278246 ], [ -2.2882222, 42.9041804 ], [ -2.254128, 42.9004232 ], [ -2.2396617, 42.8875069 ], [ -2.234489, 42.8363564 ], [ -2.2663688, 42.8152788 ], [ -2.26727, 42.7969756 ], [ -2.2796876, 42.7870049 ], [ -2.2611114, 42.750099 ], [ -2.3025814, 42.737944 ], [ -2.3155264, 42.7412156 ], [ -2.3224236, 42.725952 ], [ -2.3115406, 42.7105759 ], [ -2.3155405, 42.6843741 ], [ -2.3079764, 42.6730267 ], [ -2.292239, 42.6797366 ], [ -2.2871568, 42.6569395 ], [ -2.330858, 42.648054 ], [ -2.3459657, 42.6359387 ], [ -2.3806268, 42.6361679 ], [ -2.3708025, 42.645255 ], [ -2.3803389, 42.6492413 ], [ -2.3749377, 42.6525807 ], [ -2.4144757, 42.6645503 ], [ -2.4487541, 42.6491238 ], [ -2.4532668, 42.6367346 ], [ -2.4817523, 42.6140292 ], [ -2.4987631, 42.618346 ], [ -2.4893111, 42.5872262 ], [ -2.4608851, 42.5892574 ], [ -2.4519219, 42.5689801 ], [ -2.4197997, 42.6089958 ], [ -2.3954331, 42.6009702 ], [ -2.3886323, 42.5509355 ], [ -2.3997324, 42.5403758 ], [ -2.3908814, 42.518825 ], [ -2.4207438, 42.5135932 ], [ -2.4193812, 42.4911702 ], [ -2.447862, 42.4987605 ], [ -2.475779, 42.4887037 ], [ -2.5134024, 42.4919879 ], [ -2.516773, 42.5015033 ], [ -2.5040547, 42.5153264 ], [ -2.508422, 42.5219279 ], [ -2.5365793, 42.4959199 ], [ -2.5285016, 42.4858088 ], [ -2.5555786, 42.4870061 ], [ -2.5662487, 42.4959628 ], [ -2.5956772, 42.4748081 ], [ -2.6011224, 42.4813565 ], [ -2.5909679, 42.4936953 ], [ -2.6041095, 42.5053956 ], [ -2.6464345, 42.4851357 ], [ -2.6552269, 42.505921 ], [ -2.6760337, 42.5119875 ], [ -2.6744672, 42.527599699999989 ], [ -2.7041823, 42.5186379 ], [ -2.6901145, 42.544636 ], [ -2.6792289, 42.5963891 ], [ -2.7050087, 42.6017014 ], [ -2.7481144, 42.6255962 ], [ -2.7624101, 42.6247093 ] ], [ [ -2.7924646, 42.7950343 ], [ -2.8255049, 42.7863176 ], [ -2.8341661, 42.798136 ], [ -2.8405402, 42.778063 ], [ -2.8524535, 42.7701007 ], [ -2.8470631, 42.7651603 ], [ -2.8528953, 42.7488484 ], [ -2.8671574, 42.741788 ], [ -2.8454328, 42.7326286 ], [ -2.8539156, 42.730622 ], [ -2.850296, 42.72697 ], [ -2.8276793, 42.7208792 ], [ -2.8239946, 42.7108043 ], [ -2.7831941, 42.7008114 ], [ -2.769199, 42.6785037 ], [ -2.7744336, 42.6721201 ], [ -2.7665903, 42.6678802 ], [ -2.7166975, 42.6638868 ], [ -2.7040488, 42.6756888 ], [ -2.6650834, 42.6680618 ], [ -2.6578616, 42.6743247 ], [ -2.6335366, 42.6496642 ], [ -2.5506176, 42.651125 ], [ -2.5478476, 42.6394433 ], [ -2.5160779, 42.6482038 ], [ -2.5207049, 42.6859004 ], [ -2.5380804, 42.6884483 ], [ -2.5470598, 42.6706728 ], [ -2.5764504, 42.6700817 ], [ -2.5928194, 42.6919092 ], [ -2.6076632, 42.6978315 ], [ -2.5989927, 42.7171352 ], [ -2.5886659, 42.7126325 ], [ -2.5713112, 42.7270424 ], [ -2.556985, 42.7646026 ], [ -2.5880502, 42.7521925 ], [ -2.6010317, 42.7725007 ], [ -2.6423937, 42.766584 ], [ -2.730242, 42.7963821 ], [ -2.7924646, 42.7950343 ] ] ] } },
{ "type": "Feature", "properties": { "COD_PROV": "02" }, "geometry": { "type": "Polygon", "coordinates": [ [ [ -2.2122287, 38.2036669 ], [ -2.2603539, 38.1148212 ], [ -2.3286064, 38.0672643 ], [ -2.3403375, 38.0278636 ], [ -2.3717855, 38.0251433 ], [ -2.4221202, 38.035569 ], [ -2.43082, 38.0452015 ], [ -2.4794149, 38.0549803 ], [ -2.5031117, 38.0701876 ], [ -2.5462032, 38.0816982 ], [ -2.5464931, 38.0920104 ], [ -2.5189852, 38.1096306 ], [ -2.5116399, 38.1283551 ], [ -2.4728303, 38.1576388 ], [ -2.4671704, 38.1746666 ], [ -2.4449848, 38.1870547 ], [ -2.4524106, 38.2201119 ], [ -2.4394501, 38.2342538 ], [ -2.4450615, 38.2461684 ], [ -2.4353149, 38.2739871 ], [ -2.4394911, 38.286968 ], [ -2.4838406, 38.3021123 ], [ -2.4779199, 38.351068 ], [ -2.4910981, 38.373160899999988 ], [ -2.4821166, 38.3997189 ], [ -2.5487703, 38.4049681 ], [ -2.5702608, 38.4157903 ], [ -2.5756972, 38.4361523 ], [ -2.5661209, 38.4625228 ], [ -2.5755533, 38.4783652 ], [ -2.5653461, 38.4923303 ], [ -2.5914213, 38.5126845 ], [ -2.6173233, 38.5144307 ], [ -2.6714442, 38.4984888 ], [ -2.6961541, 38.5020618 ], [ -2.762635, 38.5375427 ], [ -2.7455105, 38.548681699999989 ], [ -2.7642197, 38.5757203 ], [ -2.7488174, 38.6174334 ], [ -2.7624116, 38.6297546 ], [ -2.7273229, 38.6180978 ], [ -2.7163067, 38.6269934 ], [ -2.6985445, 38.6272278 ], [ -2.6675764, 38.6510873 ], [ -2.63661, 38.7364918 ], [ -2.6421779, 38.7482495 ], [ -2.6617074, 38.755390299999988 ], [ -2.6961414, 38.7852798 ], [ -2.7309649, 38.7837149 ], [ -2.7332405, 38.7971559 ], [ -2.7514022, 38.8165991 ], [ -2.7498677, 38.8502176 ], [ -2.7605932, 38.8822029 ], [ -2.7893716, 38.8934439 ], [ -2.7911873, 38.9074234 ], [ -2.8345291, 38.9078449 ], [ -2.8563878, 38.9292479 ], [ -2.8749426, 38.9273769 ], [ -2.8816123, 38.9403603 ], [ -2.8695275, 38.9675084 ], [ -2.8426643, 38.989373 ], [ -2.8309866, 39.0251119 ], [ -2.8086539, 39.0256998 ], [ -2.80373, 39.080815199999989 ], [ -2.8298885, 39.1071775 ], [ -2.8413777, 39.1363616 ], [ -2.7219062, 39.2666625 ], [ -2.7409642, 39.3200256 ], [ -2.6336808, 39.3286299 ], [ -2.617968, 39.342014 ], [ -2.5914343, 39.341051 ], [ -2.5495624, 39.3253613 ], [ -2.5281529, 39.3294496 ], [ -2.5097543, 39.3440245 ], [ -2.3727853, 39.2346516 ], [ -2.3597989, 39.2484211 ], [ -2.3488444, 39.2800616 ], [ -2.3198983, 39.2856068 ], [ -2.3005373, 39.2654796 ], [ -2.2873839, 39.2285287 ], [ -2.2176338, 39.2633837 ], [ -2.180555, 39.2711764 ], [ -2.1671545, 39.2828939 ], [ -2.0496645, 39.2685429 ], [ -2.0757299, 39.3095148 ], [ -2.0723972, 39.3229873 ], [ -2.0949611, 39.3607842 ], [ -2.0430611, 39.361036399999989 ], [ -2.0190324, 39.3536898 ], [ -2.0276376, 39.3399308 ], [ -1.9934702, 39.3111951 ], [ -1.988499, 39.2955439 ], [ -1.8857754, 39.3066549 ], [ -1.8438887, 39.287980399999988 ], [ -1.7685491, 39.2823703 ], [ -1.7613534, 39.3038375 ], [ -1.7379761, 39.3230236 ], [ -1.6255163, 39.3627918 ], [ -1.5543672, 39.4037087 ], [ -1.4827409, 39.4247361 ], [ -1.4872211, 39.4028915 ], [ -1.468865, 39.4090288 ], [ -1.4654762, 39.403074 ], [ -1.4758358, 39.3966694 ], [ -1.4659221, 39.3922678 ], [ -1.4609627, 39.4018346 ], [ -1.4514218, 39.4005283 ], [ -1.4519458, 39.3852349 ], [ -1.4668781, 39.3851905 ], [ -1.4479858, 39.3805504 ], [ -1.4537895, 39.3627088 ], [ -1.4429516, 39.3636173 ], [ -1.4309788, 39.379441 ], [ -1.4309178, 39.3666092 ], [ -1.4223102, 39.3658537 ], [ -1.4246066, 39.3809119 ], [ -1.4128092, 39.382013 ], [ -1.4063604, 39.3735454 ], [ -1.3948669, 39.3761102 ], [ -1.4064715, 39.3676369 ], [ -1.3824097, 39.3680904 ], [ -1.3838579, 39.3561356 ], [ -1.3661394, 39.357960399999989 ], [ -1.3349799, 39.3358298 ], [ -1.3321405, 39.3425213 ], [ -1.3111027, 39.3449462 ], [ -1.2967133, 39.333015 ], [ -1.2724267, 39.335053 ], [ -1.2488044, 39.3243666 ], [ -1.2458338, 39.3304318 ], [ -1.2220066, 39.3179686 ], [ -1.2061177, 39.327861 ], [ -1.1963098, 39.3154277 ], [ -1.1636807, 39.3123693 ], [ -1.1795047, 39.2136792 ], [ -1.1957728, 39.1785845 ], [ -1.2256784, 39.1535618 ], [ -1.2391919, 39.1155914 ], [ -1.2544034, 39.1080264 ], [ -1.2654345, 39.0528758 ], [ -1.2252208, 39.026529 ], [ -1.1595704, 38.956672 ], [ -1.1453357, 38.9312089 ], [ -1.0349619, 38.936149 ], [ -0.9980103, 38.9513085 ], [ -0.9580872, 38.9464353 ], [ -0.9552015, 38.9219755 ], [ -0.9232138, 38.8936056 ], [ -0.9343739, 38.8577906 ], [ -0.9235562, 38.825215 ], [ -0.9314734, 38.8131183 ], [ -0.9276159, 38.7856865 ], [ -0.9601078, 38.7766426 ], [ -0.9445908, 38.7385717 ], [ -0.914472, 38.6978175 ], [ -0.9311806, 38.6793725 ], [ -0.9611467, 38.6587775 ], [ -1.0324857, 38.6584678 ], [ -1.114616, 38.7119933 ], [ -1.118766, 38.739678 ], [ -1.1826821, 38.7562696 ], [ -1.2481397, 38.7402191 ], [ -1.2854821, 38.7071707 ], [ -1.3416591, 38.6793459 ], [ -1.3654308, 38.7061646 ], [ -1.38224, 38.7017464 ], [ -1.4210061, 38.6786506 ], [ -1.4464767, 38.6511839 ], [ -1.4417924, 38.6382441 ], [ -1.4510787, 38.5836411 ], [ -1.486038, 38.5650059 ], [ -1.4971535, 38.5338882 ], [ -1.4794273, 38.4826717 ], [ -1.477118, 38.3782181 ], [ -1.5362427, 38.3477347 ], [ -1.5606259, 38.3258875 ], [ -1.5881017, 38.3130559 ], [ -1.6687068, 38.3141788 ], [ -1.6913133, 38.3393679 ], [ -1.6806391, 38.3620031 ], [ -1.6990135, 38.3764837 ], [ -1.7106958, 38.3735854 ], [ -1.7126563, 38.365026 ], [ -1.7422171, 38.3831452 ], [ -1.7535388, 38.3752204 ], [ -1.7668641, 38.3812894 ], [ -1.7698471, 38.3667131 ], [ -1.794459, 38.3721224 ], [ -1.7830078, 38.3580104 ], [ -1.80973, 38.3532296 ], [ -1.8206074, 38.3381094 ], [ -1.8529464, 38.3320767 ], [ -1.9062432, 38.299816 ], [ -1.9847732, 38.2835341 ], [ -2.0476978, 38.3076398 ], [ -2.0624776, 38.299448 ], [ -2.0826595, 38.2669665 ], [ -2.1124335, 38.2400602 ], [ -2.1739569, 38.2258446 ], [ -2.2122287, 38.2036669 ] ], [ [ -2.4574658, 38.7256933 ], [ -2.4574657, 38.7256933 ], [ -2.4475073, 38.7281812 ], [ -2.4574658, 38.7256933 ] ], [ [ -1.493716, 38.9716463 ], [ -1.4950675, 38.983054 ], [ -1.4979057, 38.9858557 ], [ -1.4950675, 38.9830539 ], [ -1.493716, 38.9716463 ] ] ] } },
{ "type": "Feature", "properties": { "COD_PROV": "03" }, "geometry": { "type": "MultiPolygon", "coordinates": [ [ [ [ -0.7891263, 37.8502094 ], [ -0.8289362, 37.866106599999988 ], [ -0.8988649, 37.9249795 ], [ -1.0209355, 38.0770493 ], [ -1.035344, 38.1392449 ], [ -0.9874473, 38.2014031 ], [ -0.9661037, 38.2740089 ], [ -0.9877659, 38.3223838 ], [ -1.0268172, 38.3405207 ], [ -1.083166, 38.3483323 ], [ -1.0870775, 38.4053552 ], [ -1.0837107, 38.4309283 ], [ -1.0747748, 38.433502 ], [ -1.0928384, 38.4401503 ], [ -1.0668196, 38.4521674 ], [ -1.0126063, 38.4989025 ], [ -1.0249259, 38.5243303 ], [ -1.0002355, 38.5746785 ], [ -1.0248008, 38.6575076 ], [ -0.9611467, 38.6587775 ], [ -0.914472, 38.6978175 ], [ -0.9445908, 38.7385717 ], [ -0.9601078, 38.7766426 ], [ -0.9276159, 38.7856865 ], [ -0.9135841, 38.7832658 ], [ -0.9119024, 38.7714574 ], [ -0.9029079, 38.7689001 ], [ -0.8603694, 38.7727409 ], [ -0.8332993, 38.7342832 ], [ -0.7336054, 38.7612951 ], [ -0.7319634, 38.7535511 ], [ -0.7158667, 38.7524266 ], [ -0.705863, 38.7356716 ], [ -0.6874585, 38.7431194 ], [ -0.6765249, 38.7311809 ], [ -0.6421134, 38.7296159 ], [ -0.6412511, 38.7061919 ], [ -0.627373, 38.6884032 ], [ -0.6167243, 38.6885019 ], [ -0.5057852, 38.7448248 ], [ -0.5061404, 38.7571111 ], [ -0.5301914, 38.7690759 ], [ -0.5643137, 38.7572771 ], [ -0.5829319, 38.770213 ], [ -0.5938874, 38.7969482 ], [ -0.5339755, 38.8122118 ], [ -0.4605444, 38.8094948 ], [ -0.458614, 38.8169409 ], [ -0.4027337, 38.8349733 ], [ -0.4008785, 38.8416358 ], [ -0.3810374, 38.836389 ], [ -0.3472454, 38.8631951 ], [ -0.3223316, 38.8653375 ], [ -0.3094715, 38.883359 ], [ -0.2292043, 38.855334 ], [ -0.1949802, 38.8612847 ], [ -0.1963006, 38.8681634 ], [ -0.1594943, 38.889236 ], [ -0.1537559, 38.862322 ], [ -0.1467394, 38.8602756 ], [ -0.100758, 38.8768734 ], [ -0.0907469, 38.8733725 ], [ -0.0883194, 38.8811582 ], [ -0.0692803, 38.887565 ], [ -0.0408133, 38.8582964 ], [ -0.0257984, 38.8638691 ], [ -0.0234551, 38.8741781 ], [ -0.0363534, 38.8882648 ], [ 0.0152031, 38.8658348 ], [ 0.0948561, 38.8563903 ], [ 0.1168518, 38.8474526 ], [ 0.1101822, 38.8487645 ], [ 0.121381, 38.8379985 ], [ 0.1233565, 38.8460253 ], [ 0.1259811, 38.8352009 ], [ 0.1486933, 38.833346 ], [ 0.198627, 38.8061868 ], [ 0.1838284, 38.7973125 ], [ 0.1854833, 38.787160799999988 ], [ 0.2116975, 38.7624261 ], [ 0.2260527, 38.7659041 ], [ 0.232956, 38.7332821 ], [ 0.2023539, 38.7328359 ], [ 0.1835621, 38.7227728 ], [ 0.1570359, 38.6998729 ], [ 0.1506604, 38.681126399999989 ], [ 0.1471318, 38.6895266 ], [ 0.1322159, 38.6888294 ], [ 0.116256, 38.6757232 ], [ 0.0998163, 38.6747838 ], [ 0.0764701, 38.6491762 ], [ 0.0844197, 38.63364 ], [ 0.0481379, 38.6431617 ], [ 0.0319108, 38.6277446 ], [ 0.0114456, 38.6346335 ], [ -0.0153384, 38.6283018 ], [ -0.062687, 38.5788968 ], [ -0.0476268, 38.5657609 ], [ -0.0956058, 38.5255554 ], [ -0.1070031, 38.5344953 ], [ -0.1524363, 38.5359788 ], [ -0.1716602, 38.5178487 ], [ -0.2225757, 38.5098616 ], [ -0.300113, 38.4837822 ], [ -0.3859235, 38.4326946 ], [ -0.4044898, 38.4001418 ], [ -0.4076487, 38.3597898 ], [ -0.4017869, 38.3544087 ], [ -0.4290603, 38.3552158 ], [ -0.4437788, 38.3642243 ], [ -0.4714994, 38.3503276 ], [ -0.4764983, 38.3388402 ], [ -0.4851242, 38.332555 ], [ -0.4772041, 38.3392608 ], [ -0.4793046, 38.345675199999988 ], [ -0.4871731, 38.3351782 ], [ -0.5026116, 38.3363078 ], [ -0.5183863, 38.3004659 ], [ -0.5085481, 38.204261599999988 ], [ -0.5374837, 38.1876707 ], [ -0.5906596, 38.1908723 ], [ -0.6120989, 38.1762626 ], [ -0.637203, 38.1302212 ], [ -0.6514217, 38.0256838 ], [ -0.646069, 38.0028689 ], [ -0.6543737, 37.984903 ], [ -0.6857791, 37.9662782 ], [ -0.6801189, 37.9772138 ], [ -0.6926242, 37.9737569 ], [ -0.6871737, 37.9686204 ], [ -0.6948546, 37.9719702 ], [ -0.7035695, 37.9428994 ], [ -0.7170435, 37.9369553 ], [ -0.7181947, 37.9137286 ], [ -0.7394869, 37.9107689 ], [ -0.7491898, 37.8999077 ], [ -0.7608921, 37.8488646 ], [ -0.7891263, 37.8502094 ] ] ], [ [ [ -0.4636534, 38.16496 ], [ -0.4827755, 38.1684521 ], [ -0.4707169, 38.1683112 ], [ -0.4636534, 38.16496 ] ] ], [ [ [ -0.1292015, 38.5058597 ], [ -0.1280774, 38.5029941 ], [ -0.1310348, 38.5035903 ], [ -0.1292015, 38.5058597 ] ] ] ] } },
{ "type": "Feature", "properties": { "COD_PROV": "04" }, "geometry": { "type": "Polygon", "coordinates": [ [ [ -2.6895205, 36.6900919 ], [ -2.7704507, 36.6826212 ], [ -2.7962331, 36.6973455 ], [ -2.7893192, 36.6956995 ], [ -2.7883217, 36.7001883 ], [ -2.8132347, 36.7078476 ], [ -2.8460055, 36.6969414 ], [ -2.897589, 36.7404204 ], [ -2.9260269, 36.7536228 ], [ -2.9758283, 36.7399943 ], [ -3.0211837, 36.7491618 ], [ -3.0187509, 36.7426462 ], [ -3.0332148, 36.7491703 ], [ -3.1274433, 36.7527465 ], [ -3.1389367, 36.7896406 ], [ -3.0277493, 36.8462943 ], [ -3.0420132, 36.880979499999988 ], [ -3.0684581, 36.9014924 ], [ -3.0706765, 36.9211428 ], [ -3.0546046, 36.9136974 ], [ -3.0300577, 36.9264448 ], [ -3.0304699, 36.9458879 ], [ -3.0209262, 36.9559411 ], [ -2.9889916, 36.9602075 ], [ -2.9752924, 36.9791978 ], [ -2.9812514, 37.0078282 ], [ -3.0042384, 37.0247964 ], [ -3.0283202, 37.1151166 ], [ -3.0137547, 37.1151445 ], [ -2.9989986, 37.0968379 ], [ -2.9477051, 37.0984123 ], [ -2.9457284, 37.1240654 ], [ -2.9293217, 37.1416627 ], [ -2.928135, 37.1579044 ], [ -2.8940402, 37.1689128 ], [ -2.8797256, 37.1889641 ], [ -2.8735331, 37.2336591 ], [ -2.8441241, 37.2810829 ], [ -2.818102, 37.2801895 ], [ -2.8136195, 37.2727544 ], [ -2.7777414, 37.2645179 ], [ -2.7709436, 37.241122 ], [ -2.75777, 37.228574699999989 ], [ -2.7387234, 37.2306187 ], [ -2.7317601, 37.2391834 ], [ -2.6912206, 37.2190566 ], [ -2.6588503, 37.2138551 ], [ -2.664353, 37.286949 ], [ -2.6496057, 37.3141903 ], [ -2.6534839, 37.3421082 ], [ -2.6360264, 37.3451937 ], [ -2.6340221, 37.3673334 ], [ -2.6419232, 37.3778051 ], [ -2.6343573, 37.3960715 ], [ -2.576, 37.430895 ], [ -2.5677091, 37.4476305 ], [ -2.5128845, 37.4813902 ], [ -2.4562498, 37.492689 ], [ -2.4550511, 37.511288 ], [ -2.4330093, 37.5113363 ], [ -2.4104272, 37.5268022 ], [ -2.3959436, 37.5152453 ], [ -2.3798756, 37.5247783 ], [ -2.3572354, 37.524153 ], [ -2.3544537, 37.5488517 ], [ -2.3730235, 37.5592102 ], [ -2.3661819, 37.5649056 ], [ -2.373656, 37.5796909 ], [ -2.3666196, 37.5934354 ], [ -2.374704, 37.6141191 ], [ -2.3875171, 37.6198647 ], [ -2.389994, 37.6343439 ], [ -2.3624906, 37.623329 ], [ -2.3441555, 37.6310786 ], [ -2.3145383, 37.6240517 ], [ -2.3075795, 37.6375761 ], [ -2.3186761, 37.6499522 ], [ -2.3220573, 37.6957337 ], [ -2.3119931, 37.7132313 ], [ -2.30531, 37.712074 ], [ -2.3062319, 37.7251316 ], [ -2.2752306, 37.7787082 ], [ -2.2989216, 37.7915881 ], [ -2.2922877, 37.794089 ], [ -2.3002497, 37.8121091 ], [ -2.2880944, 37.8333436 ], [ -2.2949844, 37.8616294 ], [ -2.2872254, 37.8869991 ], [ -2.2640908, 37.8828122 ], [ -2.2494842, 37.8990417 ], [ -2.2063727, 37.9184323 ], [ -2.1707116, 37.8905537 ], [ -2.1219084, 37.9023135 ], [ -2.1067706, 37.8833459 ], [ -2.0832771, 37.8741863 ], [ -2.0691273, 37.8863524 ], [ -2.0241638, 37.8707567 ], [ -2.0032338, 37.8824782 ], [ -1.9814028, 37.8757289 ], [ -1.9732116, 37.8703318 ], [ -1.9939879, 37.8432475 ], [ -2.0075499, 37.7768111 ], [ -1.9945472, 37.7299069 ], [ -2.0063685, 37.7216504 ], [ -2.0113174, 37.7027563 ], [ -2.0106381, 37.6753143 ], [ -1.9804558, 37.6385825 ], [ -1.9755233, 37.6205868 ], [ -1.954424, 37.6028064 ], [ -1.9527213, 37.5901363 ], [ -1.8439746, 37.4566842 ], [ -1.8076585, 37.435331 ], [ -1.8104691, 37.4534111 ], [ -1.7357865, 37.4444901 ], [ -1.6294831, 37.3755151 ], [ -1.6438772, 37.372689799999989 ], [ -1.6522097, 37.3563894 ], [ -1.6733438, 37.356546699999988 ], [ -1.7067675, 37.305741 ], [ -1.8015145, 37.2232737 ], [ -1.8185145, 37.1862549 ], [ -1.8317084, 37.1210168 ], [ -1.8438652, 37.1091562 ], [ -1.8486333, 37.070003899999989 ], [ -1.8758445, 37.0356404 ], [ -1.8760461, 37.0158483 ], [ -1.8979209, 36.9932764 ], [ -1.8944178, 36.9503287 ], [ -1.9024878, 36.9389641 ], [ -1.9339557, 36.9403494 ], [ -1.9529573, 36.9255184 ], [ -1.9659675, 36.9007448 ], [ -1.9789656, 36.9049052 ], [ -1.9909717, 36.8949936 ], [ -2.0025424, 36.882939 ], [ -2.0046787, 36.863596 ], [ -1.994305, 36.8521958 ], [ -1.9986597, 36.8416577 ], [ -2.0241037, 36.8366495 ], [ -2.0579814, 36.8120966 ], [ -2.0589712, 36.7797343 ], [ -2.0819403, 36.7669162 ], [ -2.1034155, 36.7653221 ], [ -2.1053389, 36.75406 ], [ -2.1194743, 36.7493596 ], [ -2.1135046, 36.7405177 ], [ -2.1231026, 36.7337096 ], [ -2.1920368, 36.7230111 ], [ -2.2558016, 36.7935152 ], [ -2.3185732, 36.8360427 ], [ -2.3668487, 36.843324 ], [ -2.4285977, 36.8123733 ], [ -2.4721635, 36.8387704 ], [ -2.4774978, 36.837732 ], [ -2.462821, 36.8275702 ], [ -2.4795056, 36.8376591 ], [ -2.5014808, 36.826547 ], [ -2.5604536, 36.8184777 ], [ -2.5973286, 36.7782226 ], [ -2.6189673, 36.7285324 ], [ -2.6462065, 36.7035103 ], [ -2.6895205, 36.6900919 ] ] ] } },
{ "type": "Feature", "properties": { "COD_PROV": "05" }, "geometry": { "type": "Polygon", "coordinates": [ [ [ -5.4696951, 40.2097382 ], [ -5.5399315, 40.1977597 ], [ -5.5898451, 40.2171996 ], [ -5.6088286, 40.2173698 ], [ -5.6176936, 40.2257438 ], [ -5.6124738, 40.2351681 ], [ -5.6207878, 40.2477712 ], [ -5.6585971, 40.2592573 ], [ -5.6553615, 40.2721227 ], [ -5.6914502, 40.2939962 ], [ -5.7363508, 40.2960133 ], [ -5.7131069, 40.3271955 ], [ -5.6718188, 40.3504259 ], [ -5.6851468, 40.3572584 ], [ -5.6856278, 40.3782631 ], [ -5.6772153, 40.3886003 ], [ -5.6899767, 40.4238838 ], [ -5.6553419, 40.4386918 ], [ -5.6215491, 40.4676489 ], [ -5.5597073, 40.4789893 ], [ -5.5598439, 40.4633412 ], [ -5.5733864, 40.4461397 ], [ -5.5435371, 40.4249852 ], [ -5.5123744, 40.4256501 ], [ -5.5084916, 40.4404171 ], [ -5.5173074, 40.4539255 ], [ -5.5086133, 40.4655544 ], [ -5.4813364, 40.4585687 ], [ -5.4643269, 40.4678054 ], [ -5.460733, 40.4930755 ], [ -5.4490918, 40.4993496 ], [ -5.4457698, 40.5219112 ], [ -5.4243327, 40.558529 ], [ -5.4298535, 40.5691237 ], [ -5.4368235, 40.5681745 ], [ -5.5234724, 40.5426232 ], [ -5.5275038, 40.5559395 ], [ -5.5170979, 40.5656698 ], [ -5.5150015, 40.5872689 ], [ -5.4996387, 40.599242 ], [ -5.4984371, 40.5834766 ], [ -5.4464274, 40.5814829 ], [ -5.4215036, 40.607139599999989 ], [ -5.3817287, 40.6226496 ], [ -5.3719407, 40.6406947 ], [ -5.3771917, 40.6473789 ], [ -5.3646656, 40.6506623 ], [ -5.3845803, 40.6652332 ], [ -5.3842306, 40.6733388 ], [ -5.3359334, 40.6911623 ], [ -5.3275255, 40.7073095 ], [ -5.2916132, 40.7121549 ], [ -5.248711, 40.7447678 ], [ -5.2132026, 40.7597147 ], [ -5.2177575, 40.7748585 ], [ -5.1831763, 40.7905806 ], [ -5.1763935, 40.8071561 ], [ -5.1602702, 40.8158898 ], [ -5.1562345, 40.8260003 ], [ -5.1677206, 40.8418803 ], [ -5.1625714, 40.8702691 ], [ -5.1288159, 40.9022097 ], [ -5.1142884, 40.9041772 ], [ -5.1108338, 40.9206004 ], [ -5.1263617, 40.9560014 ], [ -5.1036019, 40.9621388 ], [ -5.0952312, 40.9803681 ], [ -5.0983996, 40.9914543 ], [ -5.0886013, 40.9985145 ], [ -5.1053651, 41.0313818 ], [ -5.1453037, 41.0455268 ], [ -5.151025, 41.0838164 ], [ -5.1279253, 41.1072589 ], [ -5.1228023, 41.1374825 ], [ -5.1102023, 41.1368951 ], [ -5.0988881, 41.1489829 ], [ -5.0586202, 41.1405028 ], [ -5.0205347, 41.155437 ], [ -5.0126152, 41.166131 ], [ -4.9884935, 41.1626883 ], [ -4.9833005, 41.1541196 ], [ -4.9663683, 41.1541848 ], [ -4.9617263, 41.1419972 ], [ -4.9495668, 41.142592199999989 ], [ -4.8624327, 41.0958983 ], [ -4.8543106, 41.1026132 ], [ -4.8137195, 41.105331199999988 ], [ -4.8122775, 41.1312588 ], [ -4.7849396, 41.1454418 ], [ -4.720852, 41.1511996 ], [ -4.7154718, 41.134526 ], [ -4.7234033, 41.1253101 ], [ -4.7087797, 41.1011542 ], [ -4.7166356, 41.0918835 ], [ -4.7059004, 41.0906581 ], [ -4.7152636, 41.0734666 ], [ -4.7119446, 41.0648236 ], [ -4.6990099, 41.0537922 ], [ -4.6800005, 41.0530886 ], [ -4.6370388, 41.0331865 ], [ -4.6159969, 41.0055343 ], [ -4.6054971, 40.9726845 ], [ -4.5651001, 40.9580817 ], [ -4.5511977, 40.909345599999988 ], [ -4.5583134, 40.887732 ], [ -4.5340607, 40.8742553 ], [ -4.530315, 40.8605229 ], [ -4.5486059, 40.8552342 ], [ -4.557668, 40.8414735 ], [ -4.5451362, 40.8274292 ], [ -4.4925192, 40.8353988 ], [ -4.471925, 40.8019282 ], [ -4.4801417, 40.7934736 ], [ -4.4725849, 40.7765366 ], [ -4.4298732, 40.7442643 ], [ -4.4256327, 40.7314997 ], [ -4.433431, 40.708052 ], [ -4.4208531, 40.6771402 ], [ -4.4183693, 40.6353072 ], [ -4.3313763, 40.639009 ], [ -4.3268818, 40.6491417 ], [ -4.256269, 40.6552832 ], [ -4.2552934, 40.6656986 ], [ -4.2738562, 40.6781886 ], [ -4.2516457, 40.6914122 ], [ -4.182443, 40.6999059 ], [ -4.1589948, 40.6917208 ], [ -4.1723213, 40.6755259 ], [ -4.166699, 40.6496103 ], [ -4.1718566, 40.6327403 ], [ -4.1600677, 40.625247099999989 ], [ -4.2411875, 40.6041964 ], [ -4.2608215, 40.6074267 ], [ -4.2711848, 40.6309773 ], [ -4.2886985, 40.6298457 ], [ -4.2887712, 40.6102514 ], [ -4.2775205, 40.6060355 ], [ -4.2884359, 40.5663133 ], [ -4.3217456, 40.5529815 ], [ -4.3273161, 40.5366402 ], [ -4.320156, 40.5339916 ], [ -4.3264123, 40.5093545 ], [ -4.3151326, 40.4672498 ], [ -4.3251163, 40.4620908 ], [ -4.3195902, 40.4533255 ], [ -4.3314354, 40.4506053 ], [ -4.3391946, 40.4309752 ], [ -4.3229639, 40.4263227 ], [ -4.3196066, 40.4125692 ], [ -4.4206274, 40.4082836 ], [ -4.441328, 40.3875861 ], [ -4.4384895, 40.3521719 ], [ -4.459376, 40.3422173 ], [ -4.4542635, 40.3217951 ], [ -4.5031311, 40.3169813 ], [ -4.525163, 40.3467905 ], [ -4.5452216, 40.3439934 ], [ -4.527837, 40.294631 ], [ -4.5542429, 40.2789277 ], [ -4.5551556, 40.2664016 ], [ -4.5679697, 40.2590863 ], [ -4.557772, 40.2358912 ], [ -4.5643866, 40.2199181 ], [ -4.5854307, 40.2182185 ], [ -4.6156613, 40.2020967 ], [ -4.6527511, 40.200095 ], [ -4.6854125, 40.2129035 ], [ -4.6853212, 40.2376621 ], [ -4.6924357, 40.2429523 ], [ -4.6859581, 40.2514898 ], [ -4.700552, 40.2591138 ], [ -4.6929019, 40.2682713 ], [ -4.6968959, 40.2840766 ], [ -4.7273594, 40.2724014 ], [ -4.741383, 40.2771628 ], [ -4.7599478, 40.2628199 ], [ -4.8030104, 40.276976 ], [ -4.8170043, 40.2566593 ], [ -4.8064335, 40.2372028 ], [ -4.8341706, 40.2143883 ], [ -4.9234385, 40.1718679 ], [ -4.9168245, 40.1571781 ], [ -4.9242179, 40.1379204 ], [ -4.9550576, 40.1352331 ], [ -4.953311, 40.1230107 ], [ -5.0121118, 40.1129415 ], [ -5.0058167, 40.1331035 ], [ -5.0173092, 40.1609375 ], [ -5.0326794, 40.1585966 ], [ -5.0688838, 40.1507032 ], [ -5.0877887, 40.1255283 ], [ -5.1001436, 40.1288885 ], [ -5.1408319, 40.0933533 ], [ -5.2008917, 40.0847332 ], [ -5.211711, 40.1088219 ], [ -5.3146174, 40.1089186 ], [ -5.3347569, 40.1177027 ], [ -5.366776, 40.1659927 ], [ -5.3628984, 40.2051591 ], [ -5.3684508, 40.220199 ], [ -5.3419888, 40.265939 ], [ -5.3937909, 40.2523488 ], [ -5.4286082, 40.2541452 ], [ -5.4385559, 40.2355144 ], [ -5.4668559, 40.2260414 ], [ -5.4696951, 40.2097382 ] ], [ [ -4.9501535, 41.0964196 ], [ -4.940326186683196, 41.095468208391885 ], [ -4.940326186683191, 41.095468208391885 ], [ -4.9501535, 41.0964196 ] ], [ [ -4.8350587, 40.560065 ], [ -4.836822, 40.564938 ], [ -4.8377209, 40.5528978 ], [ -4.8350587, 40.560065 ] ] ] } },
{ "type": "Feature", "properties": { "COD_PROV": "06" }, "geometry": { "type": "Polygon", "coordinates": [ [ [ -6.6450107, 38.0931288 ], [ -6.6888014, 38.1019032 ], [ -6.7143039, 38.0944974 ], [ -6.7185968, 38.1024942 ], [ -6.7274202, 38.1018201 ], [ -6.7308381, 38.0919264 ], [ -6.7570651, 38.0945859 ], [ -6.7688893, 38.1015314 ], [ -6.7637774, 38.1078744 ], [ -6.7724871, 38.1065391 ], [ -6.768599, 38.1138367 ], [ -6.8071896, 38.1131115 ], [ -6.8146651, 38.1220117 ], [ -6.7983898, 38.1456734 ], [ -6.7939418, 38.1804163 ], [ -6.8212203, 38.1756937 ], [ -6.8569703, 38.1817294 ], [ -6.9003638, 38.2031987 ], [ -6.9366695, 38.2088055 ], [ -6.935325, 38.2223985 ], [ -6.9452937, 38.2137568 ], [ -6.9555974, 38.218707 ], [ -6.971111, 38.2041842 ], [ -6.9791043, 38.2130276 ], [ -7.0100681, 38.2064243 ], [ -7.0094627, 38.197691 ], [ -7.0274317, 38.1845097 ], [ -7.0421006, 38.1891306 ], [ -7.0580039, 38.1795823 ], [ -7.0554564, 38.1877488 ], [ -7.0652526, 38.1884453 ], [ -7.0649399, 38.1811885 ], [ -7.083184, 38.1713474 ], [ -7.1067286, 38.1899354 ], [ -7.116083, 38.2153675 ], [ -7.1417383, 38.2423515 ], [ -7.1495934, 38.2777946 ], [ -7.1684785, 38.281149 ], [ -7.2025507, 38.332531 ], [ -7.2666937, 38.3929499 ], [ -7.27975, 38.4223747 ], [ -7.3154189, 38.4416888 ], [ -7.3348367, 38.4370361 ], [ -7.3141406, 38.4511674 ], [ -7.3130091, 38.462537499999989 ], [ -7.2999195, 38.4679843 ], [ -7.2943615, 38.4802909 ], [ -7.3214942, 38.480113 ], [ -7.3129888, 38.515155 ], [ -7.3009436, 38.5290437 ], [ -7.3019111, 38.5467956 ], [ -7.2851473, 38.5749993 ], [ -7.2626139, 38.5902958 ], [ -7.242865, 38.6272657 ], [ -7.2638559, 38.6304106 ], [ -7.268244, 38.6389499 ], [ -7.2656645, 38.6919762 ], [ -7.2541721, 38.7277822 ], [ -7.2018114, 38.7528512 ], [ -7.1902667, 38.7703787 ], [ -7.1626518, 38.7805905 ], [ -7.1296521, 38.814448899999988 ], [ -7.0880291, 38.8207591 ], [ -7.067179, 38.8557051 ], [ -7.0381963, 38.866665 ], [ -7.031995, 38.8810652 ], [ -7.0508948, 38.9090514 ], [ -7.0257814, 38.9258466 ], [ -6.9501694, 39.0258884 ], [ -6.9667358, 39.0417093 ], [ -6.958234, 39.0563532 ], [ -6.9947258, 39.101151 ], [ -7.032265, 39.1194995 ], [ -7.0525057, 39.1196239 ], [ -7.104655, 39.101207599999988 ], [ -7.1426651, 39.111147 ], [ -7.1483738, 39.1242983 ], [ -7.1349601, 39.1469764 ], [ -7.1331523, 39.1725736 ], [ -7.2069695, 39.189209 ], [ -7.2402123, 39.2104381 ], [ -7.2467365, 39.2554187 ], [ -7.2302539, 39.2802543 ], [ -7.1788602, 39.2547347 ], [ -7.2027159, 39.2675921 ], [ -7.1540541, 39.3163423 ], [ -7.1542715, 39.331555 ], [ -7.167367, 39.3220461 ], [ -7.1766622, 39.3326802 ], [ -7.1531523, 39.3694039 ], [ -7.1177269, 39.3855534 ], [ -7.0727279, 39.3831123 ], [ -7.0618214, 39.3741642 ], [ -7.0779775, 39.3533059 ], [ -7.0974421, 39.3610166 ], [ -7.100953, 39.3482642 ], [ -7.0815992, 39.3372207 ], [ -7.0760195, 39.3120721 ], [ -7.0492364, 39.3234924 ], [ -7.0288632, 39.3527508 ], [ -7.031465, 39.3695307 ], [ -7.0081177, 39.3903778 ], [ -7.0658772, 39.4161887 ], [ -7.0482361, 39.4385665 ], [ -6.9942308, 39.4264569 ], [ -6.9346623, 39.398732 ], [ -6.8820715, 39.3846497 ], [ -6.8009136, 39.3913862 ], [ -6.789855, 39.3693765 ], [ -6.7960156, 39.3466666 ], [ -6.745588, 39.3236404 ], [ -6.760612, 39.2776783 ], [ -6.7997043, 39.2413083 ], [ -6.7935548, 39.2168382 ], [ -6.766347, 39.1902591 ], [ -6.749484, 39.1959294 ], [ -6.6798434, 39.1790405 ], [ -6.6585763, 39.20096 ], [ -6.6322058, 39.1987321 ], [ -6.5789342, 39.1816839 ], [ -6.583238, 39.1730028 ], [ -6.5729391, 39.1695813 ], [ -6.5730908, 39.1602454 ], [ -6.5375088, 39.1571607 ], [ -6.5391932, 39.1835834 ], [ -6.4899585, 39.1698107 ], [ -6.437519, 39.1777302 ], [ -6.3779268, 39.164657 ], [ -6.326197, 39.1885681 ], [ -6.3182438, 39.1863348 ], [ -6.3203416, 39.1736103 ], [ -6.3063702, 39.1486137 ], [ -6.3107646, 39.114033 ], [ -6.2941896, 39.1000281 ], [ -6.2296804, 39.0916837 ], [ -6.2019679, 39.0583861 ], [ -6.1527198, 39.0554417 ], [ -6.1409195, 39.0334645 ], [ -6.0774705, 39.0956133 ], [ -6.0174203, 39.1310032 ], [ -6.0085658, 39.0544786 ], [ -5.9809695, 39.0705477 ], [ -5.9407501, 39.1105524 ], [ -5.9254702, 39.1065229 ], [ -5.9243531, 39.0957291 ], [ -5.9364561, 39.0856698 ], [ -5.9235079, 39.0850664 ], [ -5.8708912, 39.1061691 ], [ -5.83283, 39.1120277 ], [ -5.8152423, 39.1216347 ], [ -5.8181505, 39.1313391 ], [ -5.8091747, 39.1464657 ], [ -5.7539832, 39.1341803 ], [ -5.688891, 39.0848896 ], [ -5.6697234, 39.082698 ], [ -5.6447384, 39.1042058 ], [ -5.6026204, 39.1024796 ], [ -5.582424, 39.1199932 ], [ -5.6007676, 39.130385 ], [ -5.5996757, 39.1362316 ], [ -5.5824497, 39.1409561 ], [ -5.5753613, 39.1527884 ], [ -5.6120451, 39.1901001 ], [ -5.5496534, 39.2175534 ], [ -5.5269426, 39.1933548 ], [ -5.5133754, 39.2115966 ], [ -5.4990068, 39.1894728 ], [ -5.4586374, 39.1602492 ], [ -5.4266655, 39.164368599999989 ], [ -5.4126013, 39.1585344 ], [ -5.3828161, 39.1760685 ], [ -5.3459466, 39.2410463 ], [ -5.3540213, 39.262154 ], [ -5.3388013, 39.3351948 ], [ -5.2818765, 39.3214034 ], [ -5.2464079, 39.3037059 ], [ -5.1490614, 39.3228512 ], [ -5.1223296, 39.338379499999988 ], [ -5.1106404, 39.3593959 ], [ -5.1124547, 39.3891678 ], [ -5.0893671, 39.3924932 ], [ -5.0526154, 39.3643084 ], [ -5.018382, 39.3701696 ], [ -5.0076638, 39.380156 ], [ -4.98296, 39.3736254 ], [ -4.96838, 39.3847916 ], [ -4.9720166, 39.3968481 ], [ -4.9326525, 39.3973118 ], [ -4.9308664, 39.3898184 ], [ -4.9018984, 39.3770597 ], [ -4.8697091, 39.3701934 ], [ -4.8600995, 39.3811959 ], [ -4.8434244, 39.3815064 ], [ -4.8094938, 39.3983301 ], [ -4.7744812, 39.398788 ], [ -4.6890464, 39.4536691 ], [ -4.6682666, 39.4264156 ], [ -4.7029815, 39.3663312 ], [ -4.7054313, 39.3296048 ], [ -4.7597841, 39.3226688 ], [ -4.7324529, 39.254422 ], [ -4.7123197, 39.2461968 ], [ -4.7070004, 39.2117489 ], [ -4.6639338, 39.1879994 ], [ -4.6477383, 39.1667851 ], [ -4.741321, 39.1963994 ], [ -4.7724127, 39.1913803 ], [ -4.8090468, 39.201297 ], [ -4.8301783, 39.177991 ], [ -4.8303333, 39.166112 ], [ -4.852411, 39.1535375 ], [ -4.8559428, 39.1245389 ], [ -4.8731997, 39.100901 ], [ -4.8571918, 39.0787133 ], [ -4.8245945, 39.0644315 ], [ -4.8315678, 39.0480416 ], [ -4.873866, 39.033871 ], [ -4.935031, 39.0586159 ], [ -4.9612849, 39.0606099 ], [ -4.9324496, 38.9774566 ], [ -4.9170012, 38.9589249 ], [ -4.9038513, 38.9651856 ], [ -4.8801063, 38.951055499999988 ], [ -4.8317913, 38.9411832 ], [ -4.8465977, 38.8839303 ], [ -4.9137218, 38.8893199 ], [ -4.9422671, 38.8562587 ], [ -4.9596006, 38.7916511 ], [ -4.9887791, 38.7416366 ], [ -5.0376192, 38.7351889 ], [ -5.0995785, 38.7096034 ], [ -5.1172115, 38.7179072 ], [ -5.1653962, 38.7135469 ], [ -5.1832936, 38.7215766 ], [ -5.1665486, 38.683529299999989 ], [ -5.184553, 38.6760507 ], [ -5.1778601, 38.6676044 ], [ -5.1837598, 38.6612969 ], [ -5.1964497, 38.6689067 ], [ -5.198216, 38.6582693 ], [ -5.2068086, 38.6697759 ], [ -5.2135346, 38.650445399999988 ], [ -5.2227294, 38.6583353 ], [ -5.2211753, 38.6508073 ], [ -5.2363377, 38.6395707 ], [ -5.2462504, 38.6417234 ], [ -5.243791, 38.6339653 ], [ -5.2920637, 38.6109538 ], [ -5.3085683, 38.5959874 ], [ -5.3084096, 38.579206 ], [ -5.370542, 38.5854504 ], [ -5.3744802, 38.5701432 ], [ -5.3848074, 38.5686885 ], [ -5.3821891, 38.5592558 ], [ -5.3916071, 38.554657 ], [ -5.383471, 38.5410908 ], [ -5.4059674, 38.545189 ], [ -5.4024106, 38.5379469 ], [ -5.4148223, 38.5320882 ], [ -5.409226, 38.521822 ], [ -5.4782884, 38.486555 ], [ -5.4832551, 38.4652672 ], [ -5.4899392, 38.4683436 ], [ -5.5027339, 38.4585368 ], [ -5.5185125, 38.465108199999989 ], [ -5.571851, 38.4287472 ], [ -5.5838703, 38.3877201 ], [ -5.5582857, 38.3679382 ], [ -5.5657149, 38.3644222 ], [ -5.5744234, 38.331462 ], [ -5.5500354, 38.3128567 ], [ -5.5432022, 38.2842086 ], [ -5.5247608, 38.2660006 ], [ -5.5288394, 38.2570628 ], [ -5.5225874, 38.2510816 ], [ -5.5197894, 38.2090966 ], [ -5.5377438, 38.201611 ], [ -5.5377006, 38.1635341 ], [ -5.5484307, 38.1629496 ], [ -5.5589038, 38.1504393 ], [ -5.5727954, 38.1525318 ], [ -5.584447, 38.1422292 ], [ -5.5835944, 38.133581 ], [ -5.6322396, 38.1399958 ], [ -5.6924409, 38.0856159 ], [ -5.7092362, 38.0829207 ], [ -5.7337115, 38.0881313 ], [ -5.7395488, 38.1284148 ], [ -5.7296082, 38.138979899999988 ], [ -5.7142227, 38.1357073 ], [ -5.6935202, 38.1522225 ], [ -5.704596, 38.1712582 ], [ -5.6938161, 38.1729647 ], [ -5.683052, 38.1589384 ], [ -5.6874214, 38.1837518 ], [ -5.6977627, 38.1827937 ], [ -5.69354, 38.1883982 ], [ -5.7130402, 38.1881292 ], [ -5.7269734, 38.1992941 ], [ -5.7560924, 38.1824405 ], [ -5.7805171, 38.1877546 ], [ -5.7987574, 38.1763652 ], [ -5.8503391, 38.1737805 ], [ -5.8553886, 38.1633779 ], [ -5.87633, 38.1573 ], [ -5.8796953, 38.1340788 ], [ -5.9117362, 38.1245656 ], [ -5.9253548, 38.1062888 ], [ -5.9281226, 38.0910831 ], [ -5.9096276, 38.0800749 ], [ -5.9077996, 38.0647216 ], [ -5.9180961, 38.051672 ], [ -5.9330425, 38.0487488 ], [ -5.931506, 38.0333716 ], [ -5.9525065, 37.9972197 ], [ -5.9923223, 38.0014214 ], [ -6.0159224, 37.9929963 ], [ -6.0511027, 37.9985132 ], [ -6.0766737, 37.9865026 ], [ -6.1141302, 37.9836407 ], [ -6.1666405, 37.9576975 ], [ -6.1790655, 37.9429018 ], [ -6.1950708, 37.9509987 ], [ -6.2000641, 37.9638 ], [ -6.2320717, 37.9598158 ], [ -6.2514043, 37.9734639 ], [ -6.3022011, 37.9801191 ], [ -6.3515387, 38.0092715 ], [ -6.3660793, 38.050793 ], [ -6.3872912, 38.0500141 ], [ -6.4127372, 38.0604371 ], [ -6.4512758, 38.0578353 ], [ -6.4431573, 38.0479922 ], [ -6.4726973, 38.0263034 ], [ -6.4642861, 38.0128837 ], [ -6.4905731, 38.0113396 ], [ -6.4938792, 38.0210074 ], [ -6.5445333, 38.029993 ], [ -6.5811708, 38.022719 ], [ -6.5860155, 38.0286519 ], [ -6.5793671, 38.0546474 ], [ -6.5983869, 38.0768209 ], [ -6.6212966, 38.0990344 ], [ -6.6405484, 38.0994465 ], [ -6.6450107, 38.0931288 ] ], [ [ -6.4490833, 38.3920578 ], [ -6.4357538, 38.3755051 ], [ -6.448512, 38.3947321 ], [ -6.4490833, 38.3920578 ] ] ] } },
{ "type": "Feature", "properties": { "COD_PROV": "07" }, "geometry": { "type": "MultiPolygon", "coordinates": [ [ [ [ 1.4345652, 38.7525471 ], [ 1.435493, 38.7732933 ], [ 1.4482845, 38.734356 ], [ 1.4661272, 38.7242035 ], [ 1.4742321, 38.7298317 ], [ 1.4815544, 38.7034542 ], [ 1.5039198, 38.686458 ], [ 1.5317035, 38.6743129 ], [ 1.570893, 38.693218 ], [ 1.586003, 38.6645291 ], [ 1.5700884, 38.6521873 ], [ 1.5257582, 38.6547992 ], [ 1.4815476, 38.6820329 ], [ 1.4436466, 38.6856458 ], [ 1.4075869, 38.6501155 ], [ 1.3860014, 38.6437286 ], [ 1.3818064, 38.6943016 ], [ 1.391633, 38.701150399999989 ], [ 1.3816946, 38.7211726 ], [ 1.3982122, 38.7371497 ], [ 1.4023541, 38.7299272 ], [ 1.416191, 38.7372962 ], [ 1.420557, 38.7339311 ], [ 1.4345652, 38.7525471 ] ], [ [ 1.41751, 38.7333238 ], [ 1.4086238, 38.7236853 ], [ 1.4195496, 38.7237716 ], [ 1.41751, 38.7333238 ] ] ], [ [ [ 1.4205325, 38.7966021 ], [ 1.4271945, 38.7973509 ], [ 1.4348667, 38.7766837 ], [ 1.4274791, 38.7838749 ], [ 1.4206162, 38.7803018 ], [ 1.4205325, 38.7966021 ] ] ], [ [ [ 1.4789842, 38.8067324 ], [ 1.4839914, 38.8008587 ], [ 1.4807991, 38.790962 ], [ 1.4755022, 38.8004497 ], [ 1.4789842, 38.8067324 ] ] ], [ [ [ 1.1973167, 38.8717828 ], [ 1.2042975, 38.8664474 ], [ 1.189985, 38.8645678 ], [ 1.1973167, 38.8717828 ] ] ], [ [ [ 1.2155574, 38.8697093 ], [ 1.2088782, 38.8708513 ], [ 1.2163407, 38.8711007 ], [ 1.2155574, 38.8697093 ] ] ], [ [ [ 1.4596184, 38.9058404 ], [ 1.4410436, 38.918344 ], [ 1.4399119, 38.904182 ], [ 1.4249559, 38.9067294 ], [ 1.4138765, 38.8919458 ], [ 1.4049172, 38.8761106 ], [ 1.4072692, 38.8332315 ], [ 1.3856894, 38.8440466 ], [ 1.3728369, 38.8321091 ], [ 1.358978, 38.8652185 ], [ 1.3441415, 38.8727864 ], [ 1.3218781, 38.8573389 ], [ 1.3148809, 38.8701037 ], [ 1.2987664, 38.8638441 ], [ 1.30652, 38.868848 ], [ 1.2977788, 38.8786692 ], [ 1.2733382, 38.8811317 ], [ 1.249374, 38.8575442 ], [ 1.237136, 38.8743 ], [ 1.2256156, 38.8726669 ], [ 1.2269812, 38.8895994 ], [ 1.2147603, 38.90247 ], [ 1.2249906, 38.9144468 ], [ 1.2222837, 38.9244524 ], [ 1.2373762, 38.9373159 ], [ 1.2158289, 38.9587741 ], [ 1.2302999, 38.9759708 ], [ 1.2353732, 38.970174 ], [ 1.2441152, 38.9746479 ], [ 1.2459041, 38.9676466 ], [ 1.2849373, 38.9758578 ], [ 1.3060713, 38.970482 ], [ 1.3089377, 38.979193 ], [ 1.285732, 38.995549 ], [ 1.3000384, 39.0109862 ], [ 1.2913458, 39.0300262 ], [ 1.3271523, 39.0542514 ], [ 1.342846, 39.0547262 ], [ 1.3461241, 39.0682715 ], [ 1.3604584, 39.0761949 ], [ 1.3769171, 39.0641991 ], [ 1.3986928, 39.0820623 ], [ 1.3999596, 39.0761243 ], [ 1.4180322, 39.0790629 ], [ 1.4277991, 39.0942257 ], [ 1.4414204, 39.0821374 ], [ 1.4546165, 39.0903579 ], [ 1.4539903, 39.0983886 ], [ 1.4761709, 39.1068973 ], [ 1.4861655, 39.1030178 ], [ 1.4879166, 39.1114654 ], [ 1.5000728, 39.1004945 ], [ 1.510285, 39.1048435 ], [ 1.5085127, 39.1154082 ], [ 1.5169214, 39.110433 ], [ 1.5357985, 39.119871 ], [ 1.5442777, 39.1147877 ], [ 1.5385572, 39.1083805 ], [ 1.5583859, 39.0950581 ], [ 1.593305, 39.100964399999988 ], [ 1.6060083, 39.0918445 ], [ 1.5994432, 39.0858891 ], [ 1.6114588, 39.0815839 ], [ 1.59274, 39.0770343 ], [ 1.5893999, 39.0653954 ], [ 1.6113702, 39.0454217 ], [ 1.6100656, 39.036539 ], [ 1.6213969, 39.0384588 ], [ 1.6228908, 39.0293474 ], [ 1.6073955, 39.0313006 ], [ 1.5967584, 39.0264875 ], [ 1.5962016, 39.0172251 ], [ 1.5873406, 39.017929 ], [ 1.5793897, 39.0025508 ], [ 1.5826458, 38.9909749 ], [ 1.5529548, 38.9940795 ], [ 1.5472218, 38.9847807 ], [ 1.5352114, 38.9843799 ], [ 1.5320416, 38.9573161 ], [ 1.521359, 38.9549004 ], [ 1.5303899, 38.9478875 ], [ 1.5115504, 38.9482344 ], [ 1.5067076, 38.9348731 ], [ 1.4780277, 38.9148675 ], [ 1.4577954, 38.9192171 ], [ 1.4596184, 38.9058404 ] ] ], [ [ [ 1.1986628, 38.961709 ], [ 1.1998315, 38.9579624 ], [ 1.1909656, 38.9594358 ], [ 1.1986628, 38.961709 ] ] ], [ [ [ 1.2155921, 38.970042 ], [ 1.2213879, 38.9699954 ], [ 1.2199013, 38.968072 ], [ 1.2155921, 38.970042 ] ] ], [ [ [ 1.2181703, 38.9841744 ], [ 1.2152842, 38.9777074 ], [ 1.2073715, 38.985245 ], [ 1.2145725, 38.9968438 ], [ 1.2118684, 38.9859335 ], [ 1.2181703, 38.9841744 ] ] ], [ [ [ 1.6476985, 39.0424415 ], [ 1.6519685, 39.0342123 ], [ 1.637753, 39.0423173 ], [ 1.6476985, 39.0424415 ] ] ], [ [ [ 2.592352, 39.5332206 ], [ 2.5420007, 39.5263202 ], [ 2.539413, 39.5165251 ], [ 2.5485427, 39.5132722 ], [ 2.5361866, 39.5083212 ], [ 2.5379522, 39.4894146 ], [ 2.521644, 39.4764917 ], [ 2.523592, 39.4584419 ], [ 2.5014829, 39.4634486 ], [ 2.4906842, 39.4746115 ], [ 2.4775607, 39.4679587 ], [ 2.4807919, 39.4930309 ], [ 2.4693345, 39.4919063 ], [ 2.4575899, 39.5067391 ], [ 2.4814168, 39.5200567 ], [ 2.468382, 39.5206821 ], [ 2.4539193, 39.5386725 ], [ 2.4233925, 39.5255092 ], [ 2.4250276, 39.5383247 ], [ 2.4076514, 39.5386176 ], [ 2.4063293, 39.5285079 ], [ 2.3891263, 39.5224831 ], [ 2.3896504, 39.535703 ], [ 2.3643813, 39.533864 ], [ 2.3918968, 39.5476818 ], [ 2.3731957, 39.5461942 ], [ 2.3478792, 39.5663367 ], [ 2.3557213, 39.578184 ], [ 2.3484817, 39.5964966 ], [ 2.3696487, 39.6152563 ], [ 2.3961228, 39.6186322 ], [ 2.4227279, 39.6317593 ], [ 2.4245355, 39.6400408 ], [ 2.4640637, 39.6539622 ], [ 2.5288539, 39.7030506 ], [ 2.5595175, 39.7012597 ], [ 2.6194087, 39.7446755 ], [ 2.6206031, 39.7572424 ], [ 2.665934, 39.773212 ], [ 2.6700316, 39.7935861 ], [ 2.6810961, 39.8003915 ], [ 2.6950554, 39.7924664 ], [ 2.697542, 39.798076 ], [ 2.6907017, 39.7996432 ], [ 2.7009265, 39.8122138 ], [ 2.7428225, 39.8339919 ], [ 2.7514761, 39.8294973 ], [ 2.7655946, 39.8358422 ], [ 2.7685802, 39.8445795 ], [ 2.7779278, 39.8419286 ], [ 2.7801349, 39.8573596 ], [ 2.8011558, 39.8528476 ], [ 2.805766, 39.863873 ], [ 2.8265092, 39.8584464 ], [ 2.8397578, 39.867315 ], [ 2.8465718, 39.8634837 ], [ 2.8552428, 39.876534 ], [ 2.8769995, 39.8800196 ], [ 2.9022567, 39.8983874 ], [ 2.9286292, 39.901189 ], [ 2.9521314, 39.9218362 ], [ 2.966097, 39.912361 ], [ 2.9886785, 39.9114194 ], [ 3.003082, 39.9255937 ], [ 3.0434989, 39.9394328 ], [ 3.0389535, 39.9318661 ], [ 3.0626434, 39.9342968 ], [ 3.0563262, 39.9232461 ], [ 3.0614375, 39.9211627 ], [ 3.0973969, 39.9376714 ], [ 3.1030139, 39.9368725 ], [ 3.0985094, 39.9297333 ], [ 3.1220267, 39.9330784 ], [ 3.1485728, 39.9557805 ], [ 3.1799345, 39.9634931 ], [ 3.1746171, 39.953824 ], [ 3.1801991, 39.9527794 ], [ 3.2162191, 39.9631609 ], [ 3.2035447, 39.945389299999988 ], [ 3.1818092, 39.941829899999988 ], [ 3.1557266, 39.9248222 ], [ 3.1338977, 39.9288307 ], [ 3.1291398, 39.9191335 ], [ 3.1119881, 39.9134216 ], [ 3.1122485, 39.9010129 ], [ 3.0901421, 39.9125762 ], [ 3.0813918, 39.9034263 ], [ 3.0798677, 39.8904192 ], [ 3.090706, 39.8718765 ], [ 3.1077617, 39.8592108 ], [ 3.1715472, 39.8776863 ], [ 3.1918941, 39.8940076 ], [ 3.2056728, 39.8900112 ], [ 3.1896541, 39.8833176 ], [ 3.1881544, 39.8651001 ], [ 3.1986511, 39.8642379 ], [ 3.1801791, 39.8423821 ], [ 3.1452136, 39.8350125 ], [ 3.1343976, 39.842886199999988 ], [ 3.1233038, 39.8358059 ], [ 3.1253269, 39.7979163 ], [ 3.1488345, 39.7748232 ], [ 3.2564781, 39.7314762 ], [ 3.3308756, 39.7617707 ], [ 3.3370994, 39.7860351 ], [ 3.3494346, 39.7910077 ], [ 3.375716, 39.7699687 ], [ 3.4055799, 39.7654167 ], [ 3.4186471, 39.7524576 ], [ 3.4375281, 39.7459571 ], [ 3.4627986, 39.7494885 ], [ 3.4543068, 39.7237727 ], [ 3.4798193, 39.7178754 ], [ 3.4580819, 39.7069876 ], [ 3.4571594, 39.6573279 ], [ 3.4419106, 39.6571983 ], [ 3.4401958, 39.6354257 ], [ 3.4110198, 39.6393727 ], [ 3.3951044, 39.6237668 ], [ 3.3872247, 39.5918149 ], [ 3.4050747, 39.5811302 ], [ 3.3811037, 39.5777704 ], [ 3.3698496, 39.5524705 ], [ 3.337988, 39.5424061 ], [ 3.3417207, 39.5365799 ], [ 3.3162306, 39.5225505 ], [ 3.2932452, 39.4959226 ], [ 3.2790339, 39.4581665 ], [ 3.2760438, 39.4191125 ], [ 3.2718361, 39.4155885 ], [ 3.2676616, 39.4296661 ], [ 3.2607327, 39.4191196 ], [ 3.269732, 39.4180714 ], [ 3.2556288, 39.4053192 ], [ 3.2459307, 39.3790457 ], [ 3.2384387, 39.3711684 ], [ 3.225184, 39.3722761 ], [ 3.2364102, 39.3688748 ], [ 3.2310095, 39.3609561 ], [ 3.2176213, 39.3593599 ], [ 3.2124531, 39.3661642 ], [ 3.2109631, 39.3571449 ], [ 3.2168109, 39.3565146 ], [ 3.1870972, 39.3520692 ], [ 3.1937364, 39.3478232 ], [ 3.1908612, 39.3404391 ], [ 3.1784782, 39.3308172 ], [ 3.1709111, 39.3349087 ], [ 3.1722061, 39.3280783 ], [ 3.1484994, 39.3318954 ], [ 3.066823, 39.2672642 ], [ 3.0514751, 39.2670805 ], [ 3.0048318, 39.3189606 ], [ 2.9875932, 39.317625299999989 ], [ 2.992011, 39.3357826 ], [ 2.9572645, 39.3646546 ], [ 2.9347364, 39.3652664 ], [ 2.9160487, 39.3602449 ], [ 2.9148605, 39.3537 ], [ 2.8824085, 39.3678468 ], [ 2.8453197, 39.3672711 ], [ 2.8298916, 39.3576896 ], [ 2.8070069, 39.3687738 ], [ 2.7898276, 39.364202 ], [ 2.7434441, 39.4079743 ], [ 2.748742, 39.4430092 ], [ 2.7235627, 39.4772544 ], [ 2.7527157, 39.5026798 ], [ 2.746265, 39.517009 ], [ 2.6898732, 39.5545614 ], [ 2.6709711, 39.5642153 ], [ 2.6361742, 39.5621095 ], [ 2.6456279, 39.5687361 ], [ 2.6367719, 39.5702658 ], [ 2.6285983, 39.5616266 ], [ 2.6326396, 39.5546197 ], [ 2.6213563, 39.551258 ], [ 2.6267263, 39.5466896 ], [ 2.6090261, 39.5539851 ], [ 2.592352, 39.5332206 ] ] ], [ [ [ 2.3388147, 39.600246 ], [ 2.3151181, 39.576023 ], [ 2.3051667, 39.5744772 ], [ 2.3388147, 39.600246 ] ] ], [ [ [ 2.9246309, 39.1293249 ], [ 2.9270028, 39.1404551 ], [ 2.9164144, 39.1409802 ], [ 2.9187724, 39.1634477 ], [ 2.9316732, 39.1449269 ], [ 2.9385234, 39.1457981 ], [ 2.9328755, 39.1581937 ], [ 2.9512038, 39.1500563 ], [ 2.9523376, 39.1673045 ], [ 2.9779568, 39.159788 ], [ 2.9706928, 39.14928 ], [ 2.9585638, 39.1494903 ], [ 2.9593174, 39.1283792 ], [ 2.9246309, 39.1293249 ] ] ], [ [ [ 2.9759163, 39.1690944 ], [ 2.9762863, 39.1714035 ], [ 2.9801072, 39.1691064 ], [ 2.9759163, 39.1690944 ] ] ], [ [ [ 2.9707468, 39.1866197 ], [ 2.967404, 39.1775176 ], [ 2.9574777, 39.1857708 ], [ 2.9634722, 39.1914217 ], [ 2.9707468, 39.1866197 ] ] ], [ [ [ 4.2872039, 39.8009744 ], [ 4.283645, 39.8036801 ], [ 4.2974425, 39.8019331 ], [ 4.2872039, 39.8009744 ] ] ], [ [ [ 4.2891385, 39.8163679 ], [ 4.2709504, 39.8107939 ], [ 4.239041, 39.8157791 ], [ 4.2201931, 39.8307828 ], [ 4.2085648, 39.8267686 ], [ 4.2064879, 39.8344658 ], [ 4.134095, 39.8722085 ], [ 4.0993558, 39.8803279 ], [ 4.0588647, 39.9083085 ], [ 3.9612276, 39.9395497 ], [ 3.9376954, 39.9397418 ], [ 3.9017577, 39.9242683 ], [ 3.8942432, 39.9294902 ], [ 3.8251402, 39.9238307 ], [ 3.8262719, 39.9537068 ], [ 3.8355052, 39.9620844 ], [ 3.8315434, 39.9743013 ], [ 3.8409016, 39.9801887 ], [ 3.8323576, 39.981613 ], [ 3.8288, 39.9944041 ], [ 3.8368533, 39.9958244 ], [ 3.8017137, 39.999136 ], [ 3.7938081, 40.021506099999989 ], [ 3.8120585, 40.0288126 ], [ 3.8090425, 40.0354755 ], [ 3.8257999, 40.053627 ], [ 3.8685659, 40.0598097 ], [ 3.8806452, 40.0545127 ], [ 3.8998939, 40.0614739 ], [ 3.9223424, 40.0471243 ], [ 3.9208446, 40.0586684 ], [ 3.9363054, 40.064319 ], [ 3.9857062, 40.0533464 ], [ 4.0336384, 40.0672503 ], [ 4.0557255, 40.0539762 ], [ 4.0783839, 40.061876 ], [ 4.0858992, 40.0766544 ], [ 4.0907866, 40.0705722 ], [ 4.083064, 40.0908623 ], [ 4.0991771, 40.0876924 ], [ 4.0939438, 40.0648581 ], [ 4.1046251, 40.0466281 ], [ 4.1348418, 40.0647716 ], [ 4.1214832, 40.0373666 ], [ 4.1281508, 40.0280504 ], [ 4.1423533, 40.0377597 ], [ 4.144636, 40.0572426 ], [ 4.1379096, 40.068731 ], [ 4.1743997, 40.0624122 ], [ 4.1660933, 40.059371 ], [ 4.1618978, 40.036698199999989 ], [ 4.1723434, 40.0382063 ], [ 4.1698393, 40.0295459 ], [ 4.1831901, 40.0235289 ], [ 4.195989, 40.0344256 ], [ 4.1947759, 40.0253555 ], [ 4.20407, 40.0227198 ], [ 4.1955993, 40.011419 ], [ 4.2036008, 40.0153454 ], [ 4.1991165, 40.0088769 ], [ 4.2027095, 39.9979383 ], [ 4.2100698, 39.9943569 ], [ 4.2026328, 40.0102651 ], [ 4.2081933, 40.0073412 ], [ 4.2089313, 40.0146227 ], [ 4.2219422, 39.9984663 ], [ 4.2709476, 39.998066 ], [ 4.2562412, 39.9939468 ], [ 4.2675337, 39.9832463 ], [ 4.2550668, 39.9656248 ], [ 4.271127, 39.9609817 ], [ 4.2669307, 39.948009 ], [ 4.2798001, 39.9526961 ], [ 4.2846921, 39.9463354 ], [ 4.2758797, 39.9350892 ], [ 4.3007403, 39.8987411 ], [ 4.3101061, 39.900401 ], [ 4.3112147, 39.8818457 ], [ 4.3295245, 39.878619 ], [ 4.3105053, 39.8727991 ], [ 4.3118736, 39.8796055 ], [ 4.2977828, 39.8932502 ], [ 4.2583529, 39.8989385 ], [ 4.2958311, 39.882776 ], [ 4.3089658, 39.8668786 ], [ 4.3002587, 39.8652196 ], [ 4.3072532, 39.8647187 ], [ 4.3103076, 39.8513669 ], [ 4.2891385, 39.8163679 ] ] ], [ [ [ 4.3038509, 39.8839922 ], [ 4.3076447, 39.8798054 ], [ 4.3084028, 39.8729214 ], [ 4.3031556, 39.8780371 ], [ 4.3038509, 39.8839922 ] ] ], [ [ [ 3.1485616, 39.9235083 ], [ 3.1515774, 39.9217362 ], [ 3.1454495, 39.9239064 ], [ 3.1485616, 39.9235083 ] ] ], [ [ [ 4.277308, 39.9582762 ], [ 4.2755722, 39.965798 ], [ 4.2790264, 39.9683558 ], [ 4.2854398, 39.9625357 ], [ 4.277308, 39.9582762 ] ] ], [ [ [ 4.0779891, 40.0926215 ], [ 4.0745049, 40.0941488 ], [ 4.0769058, 40.0961086 ], [ 4.0779891, 40.0926215 ] ] ] ] } },
{ "type": "Feature", "properties": { "COD_PROV": "08" }, "geometry": { "type": "MultiPolygon", "coordinates": [ [ [ [ 1.7395327, 41.212554 ], [ 1.7320255, 41.2174019 ], [ 1.7304845, 41.2114131 ], [ 1.6466406, 41.1974763 ], [ 1.6426561, 41.2135913 ], [ 1.6545701, 41.2092573 ], [ 1.642399, 41.2372118 ], [ 1.622826, 41.2250606 ], [ 1.5830633, 41.2390171 ], [ 1.5715754, 41.2625787 ], [ 1.5957227, 41.260813399999989 ], [ 1.6073857, 41.2522342 ], [ 1.6211249, 41.2555457 ], [ 1.6288786, 41.2713676 ], [ 1.6214276, 41.2789073 ], [ 1.6306053, 41.2846238 ], [ 1.6292021, 41.2965037 ], [ 1.6382128, 41.2977975 ], [ 1.6177869, 41.2949542 ], [ 1.6134772, 41.2870069 ], [ 1.5895659, 41.2958348 ], [ 1.5963999, 41.3111835 ], [ 1.5761723, 41.3169968 ], [ 1.560082, 41.3449894 ], [ 1.5793845, 41.3643003 ], [ 1.5535812, 41.369955 ], [ 1.5382402, 41.3872029 ], [ 1.5107128, 41.3962815 ], [ 1.4744612, 41.382601 ], [ 1.4915882, 41.4033256 ], [ 1.4765182, 41.4312951 ], [ 1.4966252, 41.4374538 ], [ 1.477083, 41.4379361 ], [ 1.4699064, 41.4458074 ], [ 1.4846021, 41.4596774 ], [ 1.4859854, 41.4767677 ], [ 1.4753573, 41.4881028 ], [ 1.4533782, 41.4882007 ], [ 1.4474673, 41.4966602 ], [ 1.3977696, 41.5147376 ], [ 1.4101459, 41.5367731 ], [ 1.4500075, 41.5389177 ], [ 1.4481475, 41.5542349 ], [ 1.4324531, 41.5575068 ], [ 1.4559085, 41.5710303 ], [ 1.4211071, 41.5844531 ], [ 1.3942726, 41.5769384 ], [ 1.4084675, 41.5923932 ], [ 1.4080649, 41.6023216 ], [ 1.3610462, 41.6153847 ], [ 1.3930998, 41.6359323 ], [ 1.4317183, 41.6316557 ], [ 1.4497451, 41.6379445 ], [ 1.4515712, 41.6484083 ], [ 1.43454, 41.6531761 ], [ 1.4267852, 41.6713824 ], [ 1.4164672, 41.6764285 ], [ 1.4248203, 41.685966 ], [ 1.4057411, 41.688006 ], [ 1.405617, 41.6967335 ], [ 1.3973008, 41.6979361 ], [ 1.4017618, 41.7062457 ], [ 1.3833502, 41.7076009 ], [ 1.4262772, 41.7346216 ], [ 1.4044511, 41.7471475 ], [ 1.4184342, 41.7964748 ], [ 1.4277424, 41.8037241 ], [ 1.4725142, 41.8027768 ], [ 1.4749255, 41.7843795 ], [ 1.4625492, 41.778531 ], [ 1.4853131, 41.7737795 ], [ 1.4838781, 41.7928536 ], [ 1.5062662, 41.7897332 ], [ 1.5117745, 41.773093 ], [ 1.5341956, 41.7654303 ], [ 1.5321556, 41.7544081 ], [ 1.5740155, 41.7840339 ], [ 1.5950278, 41.7797722 ], [ 1.6012607, 41.7908754 ], [ 1.5904303, 41.8058253 ], [ 1.612891, 41.8196166 ], [ 1.6114424, 41.8379692 ], [ 1.6328923, 41.846558 ], [ 1.6317418, 41.8606249 ], [ 1.6205566, 41.8833774 ], [ 1.6031713, 41.8860776 ], [ 1.5848376, 41.8752062 ], [ 1.5703624, 41.8818619 ], [ 1.5778056, 41.8934497 ], [ 1.5883125, 41.89041 ], [ 1.6019372, 41.9064388 ], [ 1.617358, 41.9078443 ], [ 1.6396885, 41.9290461 ], [ 1.6544421, 41.9306451 ], [ 1.6441383, 41.9423262 ], [ 1.6518576, 41.9466499 ], [ 1.6456937, 41.9708214 ], [ 1.6515035, 41.9815081 ], [ 1.6767294, 41.9843778 ], [ 1.6708928, 41.9717521 ], [ 1.6841846, 41.9692286 ], [ 1.7206654, 41.9863119 ], [ 1.7144164, 41.9938452 ], [ 1.7194251, 42.0013453 ], [ 1.6991799, 42.0165299 ], [ 1.6922702, 42.0077928 ], [ 1.6988753, 41.9870278 ], [ 1.6861701, 41.996751599999989 ], [ 1.6634407, 41.9929327 ], [ 1.6592948, 42.0068768 ], [ 1.6567867, 41.9953474 ], [ 1.6492937, 42.0019993 ], [ 1.6572928, 42.0227595 ], [ 1.666138, 42.0241551 ], [ 1.6617559, 42.0085071 ], [ 1.6674042, 42.0053509 ], [ 1.6738785, 42.0198892 ], [ 1.7008967, 42.0314418 ], [ 1.6939166, 42.0479793 ], [ 1.6840573, 42.0517312 ], [ 1.679994, 42.040167499999988 ], [ 1.6733127, 42.0427812 ], [ 1.6757777, 42.061028 ], [ 1.6911343, 42.0762657 ], [ 1.6927355, 42.0889485 ], [ 1.7090672, 42.0845584 ], [ 1.723492, 42.0929311 ], [ 1.723923, 42.1016466 ], [ 1.706491, 42.108515 ], [ 1.7131257, 42.1213336 ], [ 1.6999972, 42.1375645 ], [ 1.7150041, 42.1558827 ], [ 1.7357664, 42.1612099 ], [ 1.7405119, 42.178373 ], [ 1.7391433, 42.191296 ], [ 1.7229633, 42.1980505 ], [ 1.7088464, 42.1918796 ], [ 1.6818552, 42.2081857 ], [ 1.6824598, 42.2261678 ], [ 1.7056463, 42.238055 ], [ 1.6860301, 42.2583156 ], [ 1.6965041, 42.2656826 ], [ 1.6915874, 42.2789476 ], [ 1.6717534, 42.2835405 ], [ 1.6765023, 42.2877497 ], [ 1.7357748, 42.2858437 ], [ 1.7421759, 42.2924379 ], [ 1.7987267, 42.296644 ], [ 1.8059235, 42.3038793 ], [ 1.8278968, 42.3011422 ], [ 1.9045704, 42.3251433 ], [ 1.9407354, 42.3183117 ], [ 1.9446925, 42.3103081 ], [ 1.9501431, 42.3174717 ], [ 1.9852803, 42.299912 ], [ 2.0199696, 42.3121525 ], [ 2.0713493, 42.293436 ], [ 2.0285244, 42.2551651 ], [ 2.0262477, 42.2350901 ], [ 2.0181609, 42.2345533 ], [ 2.0316369, 42.2177111 ], [ 2.0547477, 42.2213739 ], [ 2.0539601, 42.1975875 ], [ 2.0649989, 42.1934532 ], [ 2.0619641, 42.1797315 ], [ 2.038472, 42.1808302 ], [ 2.0242006, 42.1658825 ], [ 2.0062824, 42.1639416 ], [ 1.9969948, 42.1741411 ], [ 2.0075939, 42.185573 ], [ 1.999475, 42.1938957 ], [ 2.0087506, 42.1959096 ], [ 1.96666, 42.2009319 ], [ 1.9673421, 42.1806286 ], [ 1.9929404, 42.1844296 ], [ 2.0054335, 42.1513548 ], [ 2.0283002, 42.154403699999989 ], [ 2.0624738, 42.1375133 ], [ 2.0937703, 42.1461431 ], [ 2.1024518, 42.1420285 ], [ 2.1024947, 42.125571 ], [ 2.1273713, 42.1149527 ], [ 2.1461468, 42.1332494 ], [ 2.1828062, 42.1370866 ], [ 2.1906065, 42.1265767 ], [ 2.2025177, 42.1261258 ], [ 2.205268, 42.1336981 ], [ 2.2133537, 42.1295038 ], [ 2.2070318, 42.1352918 ], [ 2.2165726, 42.1439331 ], [ 2.2593588, 42.1405705 ], [ 2.2714745, 42.1470519 ], [ 2.2930317, 42.1311207 ], [ 2.301002, 42.1360379 ], [ 2.3048652, 42.1142695 ], [ 2.2963732, 42.1045181 ], [ 2.3213362, 42.1177556 ], [ 2.3674783, 42.1231877 ], [ 2.3813279, 42.1055589 ], [ 2.4015547, 42.1040037 ], [ 2.3964492, 42.0886141 ], [ 2.4186554, 42.066707 ], [ 2.4560585, 42.0797667 ], [ 2.4733541, 42.0663373 ], [ 2.4825315, 42.0707676 ], [ 2.4968584, 42.0623551 ], [ 2.4836721, 42.0510878 ], [ 2.5076155, 42.0341106 ], [ 2.4954905, 42.0230553 ], [ 2.4966099, 42.0135209 ], [ 2.5047903, 42.0115157 ], [ 2.5003556, 42.0033568 ], [ 2.4779701, 42.0031252 ], [ 2.4702332, 41.9956716 ], [ 2.4894762, 41.986504599999989 ], [ 2.4666668, 41.9685929 ], [ 2.4305539, 41.9707706 ], [ 2.4429296, 41.961712 ], [ 2.4436805, 41.9432298 ], [ 2.4721991, 41.9411329 ], [ 2.4826314, 41.9178577 ], [ 2.444758, 41.8898475 ], [ 2.408568, 41.8975607 ], [ 2.3840567, 41.8733541 ], [ 2.3711139, 41.8873392 ], [ 2.35672, 41.883062099999989 ], [ 2.3389755, 41.8910028 ], [ 2.3294294, 41.8848869 ], [ 2.3259099, 41.8740224 ], [ 2.3337964, 41.8653167 ], [ 2.3274373, 41.8575019 ], [ 2.3463319, 41.8391929 ], [ 2.3452067, 41.8235443 ], [ 2.3557467, 41.8089544 ], [ 2.4279948, 41.8064366 ], [ 2.4572051, 41.7860252 ], [ 2.4736279, 41.791436399999988 ], [ 2.4706001, 41.7796247 ], [ 2.4913054, 41.7673359 ], [ 2.5172114, 41.7638938 ], [ 2.5170839, 41.7505146 ], [ 2.5487646, 41.720905599999988 ], [ 2.6306386, 41.7328273 ], [ 2.6408528, 41.7447195 ], [ 2.6590542, 41.7495295 ], [ 2.6820072, 41.7414332 ], [ 2.6880366, 41.743151 ], [ 2.6832066, 41.7500973 ], [ 2.6912285, 41.7433525 ], [ 2.726263, 41.746152099999989 ], [ 2.7462108, 41.7368176 ], [ 2.7783212, 41.7373258 ], [ 2.7672984, 41.7275293 ], [ 2.7757543, 41.7020779 ], [ 2.7593304, 41.6809684 ], [ 2.7798338, 41.6506598 ], [ 2.5625759, 41.5771531 ], [ 2.5642171, 41.5811695 ], [ 2.5568258, 41.5811061 ], [ 2.4623582, 41.5442075 ], [ 2.3705105, 41.4923787 ], [ 2.2717418, 41.4626522 ], [ 2.2034157, 41.3946852 ], [ 2.1754002, 41.3451668 ], [ 2.1876891, 41.3682251 ], [ 2.186428, 41.3827066 ], [ 2.1767744, 41.3605168 ], [ 2.1523204, 41.3483658 ], [ 2.1509256, 41.3334299 ], [ 2.1573584, 41.3436296 ], [ 2.1606379, 41.3450662 ], [ 2.1665287, 41.3432706 ], [ 2.1208888, 41.2939165 ], [ 2.0279378, 41.2687189 ], [ 1.9228912, 41.261754 ], [ 1.8677966, 41.2390921 ], [ 1.8154906, 41.2376136 ], [ 1.7900284, 41.225603 ], [ 1.7426414, 41.2192602 ], [ 1.7395327, 41.212554 ] ], [ [ 1.7263471, 41.8948724 ], [ 1.7101557, 41.8987016 ], [ 1.7074122, 41.8912317 ], [ 1.7201881, 41.8842432 ], [ 1.7263471, 41.8948724 ] ], [ [ 1.6346573, 41.3153355 ], [ 1.6303957, 41.3124995 ], [ 1.643923, 41.3147981 ], [ 1.6346573, 41.3153355 ] ], [ [ 2.0328652, 42.1288512 ], [ 2.0039777, 42.1274085 ], [ 2.0089906, 42.1090932 ], [ 2.0190076, 42.1120755 ], [ 2.0211741, 42.1229558 ], [ 2.0312337, 42.1230795 ], [ 2.0328652, 42.1288512 ] ] ], [ [ [ 1.6931166, 42.1147193 ], [ 1.6689733, 42.1067282 ], [ 1.6463128, 42.1144674 ], [ 1.6931166, 42.1147193 ] ] ] ] } },
{ "type": "Feature", "properties": { "COD_PROV": "09" }, "geometry": { "type": "MultiPolygon", "coordinates": [ [ [ [ -3.9822751, 41.5878381 ], [ -3.9915844, 41.6105294 ], [ -4.00746, 41.6119056 ], [ -4.0046522, 41.6212329 ], [ -4.0274403, 41.6162774 ], [ -4.0340089, 41.6224953 ], [ -4.0247627, 41.6942572 ], [ -4.0516678, 41.7214403 ], [ -4.0750873, 41.727959 ], [ -4.0678225, 41.743043 ], [ -4.0545134, 41.7425608 ], [ -4.0367244, 41.7917284 ], [ -4.0887979, 41.832742599999989 ], [ -4.0867794, 41.846542 ], [ -4.0780497, 41.8503255 ], [ -4.0875566, 41.872527399999989 ], [ -4.0607765, 41.8788293 ], [ -4.0363043, 41.874650699999989 ], [ -3.9794275, 41.9024937 ], [ -3.9800686, 41.9325789 ], [ -3.9509112, 41.9371839 ], [ -3.9353293, 41.958863 ], [ -3.8911248, 41.9594398 ], [ -3.8901969, 41.9985187 ], [ -3.9549588, 41.9828953 ], [ -3.9894312, 41.9616266 ], [ -4.0317082, 41.9559574 ], [ -4.013506, 42.0004599 ], [ -3.9935079, 42.0072798 ], [ -3.9698026, 42.0350875 ], [ -3.9812441, 42.053203 ], [ -3.9950421, 42.0468416 ], [ -4.0379779, 42.0552257 ], [ -4.0466138, 42.0409255 ], [ -4.062409, 42.0455172 ], [ -4.0786175, 42.0386562 ], [ -4.1028361, 42.0635005 ], [ -4.1017648, 42.0889172 ], [ -4.0762146, 42.0845495 ], [ -4.0549352, 42.1027852 ], [ -4.102508, 42.111561 ], [ -4.1196601, 42.1301562 ], [ -4.1408116, 42.1214988 ], [ -4.1431178, 42.1313377 ], [ -4.1856263, 42.1282945 ], [ -4.2041475, 42.1364858 ], [ -4.1995057, 42.1521265 ], [ -4.2048297, 42.1558618 ], [ -4.1896918, 42.1657915 ], [ -4.1873708, 42.1782525 ], [ -4.2140117, 42.2087663 ], [ -4.2301655, 42.2103223 ], [ -4.2256557, 42.2314364 ], [ -4.2360355, 42.2385918 ], [ -4.2273394, 42.2514119 ], [ -4.2428314, 42.2612784 ], [ -4.2506097, 42.3118779 ], [ -4.2606138, 42.3115629 ], [ -4.2638475, 42.3252164 ], [ -4.2556062, 42.326413 ], [ -4.2684269, 42.3411063 ], [ -4.2635455, 42.3543905 ], [ -4.2792434, 42.3656623 ], [ -4.271452, 42.3875966 ], [ -4.2746755, 42.393803 ], [ -4.3203124, 42.3817759 ], [ -4.3296804, 42.3928264 ], [ -4.3340684, 42.4324909 ], [ -4.3158175, 42.4608083 ], [ -4.305753, 42.4552329 ], [ -4.2413174, 42.4581188 ], [ -4.2531391, 42.470328 ], [ -4.2437904, 42.4736803 ], [ -4.2457656, 42.4965953 ], [ -4.2613702, 42.5137155 ], [ -4.2849275, 42.5138506 ], [ -4.2708718, 42.5218619 ], [ -4.2764154, 42.5465658 ], [ -4.3020551, 42.557236 ], [ -4.2963605, 42.5622536 ], [ -4.3040699, 42.5726858 ], [ -4.269535, 42.5832668 ], [ -4.28512, 42.5849674 ], [ -4.29132, 42.607842 ], [ -4.2625958, 42.6198328 ], [ -4.275916, 42.6451454 ], [ -4.274756, 42.6749466 ], [ -4.2886975, 42.6810606 ], [ -4.2854288, 42.688282 ], [ -4.2918939, 42.692776699999989 ], [ -4.265415, 42.7071741 ], [ -4.2663628, 42.696149 ], [ -4.2557637, 42.68999 ], [ -4.2476439, 42.7002549 ], [ -4.2172931, 42.7065616 ], [ -4.1841051, 42.7380569 ], [ -4.1448533, 42.75401 ], [ -4.1234965, 42.7535264 ], [ -4.122704, 42.738045 ], [ -4.1082718, 42.7357541 ], [ -4.0839747, 42.7659576 ], [ -4.0018052, 42.7652285 ], [ -3.9893741, 42.772856 ], [ -3.9775955, 42.7599529 ], [ -3.9644047, 42.76047 ], [ -3.9292987, 42.7763593 ], [ -3.9096629, 42.7702582 ], [ -3.9083741, 42.7883157 ], [ -3.8931556, 42.8064095 ], [ -3.8620844, 42.7883302 ], [ -3.8219859, 42.8007288 ], [ -3.8147408, 42.8124341 ], [ -3.8152208, 42.8377974 ], [ -3.8328379, 42.8575807 ], [ -3.8240619, 42.8705048 ], [ -3.8624446, 42.8916798 ], [ -3.8727576, 42.8769879 ], [ -3.8672103, 42.8585694 ], [ -3.8788983, 42.8532572 ], [ -3.91419, 42.8627515 ], [ -3.8961824, 42.8821566 ], [ -3.9230589, 42.8910917 ], [ -3.8916431, 42.8892329 ], [ -3.9065288, 42.9163932 ], [ -3.867314, 42.9009465 ], [ -3.8521433, 42.9200332 ], [ -3.8322547, 42.9198558 ], [ -3.8286358, 42.9295626 ], [ -3.8382477, 42.9416496 ], [ -3.8658041, 42.9566997 ], [ -3.8860931, 42.9506376 ], [ -3.889987, 42.9273545 ], [ -3.9101999, 42.9252595 ], [ -3.9322536, 42.9014716 ], [ -3.936326, 42.9059044 ], [ -3.9283523, 42.9165701 ], [ -3.9715666, 42.9135634 ], [ -3.9896006, 42.9327052 ], [ -3.972744, 42.9704655 ], [ -3.9595278, 42.9943223 ], [ -3.9441765, 43.0076423 ], [ -3.9079727, 43.0179673 ], [ -3.8894571, 43.0436953 ], [ -3.8498252, 43.0409629 ], [ -3.8304791, 43.0656968 ], [ -3.8494282, 43.0789216 ], [ -3.8456722, 43.0862687 ], [ -3.8250425, 43.0824684 ], [ -3.808918, 43.0885268 ], [ -3.7882667, 43.0800431 ], [ -3.7557236, 43.0869178 ], [ -3.7546922, 43.1009807 ], [ -3.7033864, 43.1181467 ], [ -3.6497285, 43.1829102 ], [ -3.6111599, 43.171391299999989 ], [ -3.602254, 43.1515097 ], [ -3.5842945, 43.1563754 ], [ -3.507149, 43.1384551 ], [ -3.4434672, 43.1334068 ], [ -3.3875771, 43.1418773 ], [ -3.3493412, 43.1562281 ], [ -3.3406777, 43.168714699999988 ], [ -3.3080063, 43.1743734 ], [ -3.2768179, 43.1962981 ], [ -3.2521206, 43.2004524 ], [ -3.2227958, 43.1720047 ], [ -3.2065505, 43.181282 ], [ -3.186253, 43.1711076 ], [ -3.1667419, 43.1804577 ], [ -3.1469938, 43.1758726 ], [ -3.1400631, 43.1634096 ], [ -3.1605503, 43.1561338 ], [ -3.165475, 43.148816 ], [ -3.1601769, 43.1450584 ], [ -3.1804884, 43.1227495 ], [ -3.1507592, 43.1059899 ], [ -3.1401928, 43.112515 ], [ -3.1326413, 43.0991067 ], [ -3.1568887, 43.0758883 ], [ -3.1390127, 43.0690226 ], [ -3.1461703, 43.0367927 ], [ -3.1405611, 43.0316865 ], [ -3.1689507, 43.0309446 ], [ -3.1765044, 43.0238558 ], [ -3.14349, 43.0087087 ], [ -3.0589562, 43.0053813 ], [ -3.0356558, 42.984102299999989 ], [ -3.0435852, 42.9752576 ], [ -3.0393153, 42.9713054 ], [ -3.0183289, 42.956894 ], [ -2.9947772, 42.9547425 ], [ -2.9801683, 42.9406732 ], [ -3.0035907, 42.9288696 ], [ -3.0176045, 42.9103822 ], [ -3.0882172, 42.900866 ], [ -3.1033634, 42.9120282 ], [ -3.125232, 42.9059279 ], [ -3.1482569, 42.9191915 ], [ -3.143433, 42.9365524 ], [ -3.2234337, 42.9515613 ], [ -3.2342609, 42.9457313 ], [ -3.2472499, 42.9140142 ], [ -3.2759447, 42.9034491 ], [ -3.2751082, 42.8888907 ], [ -3.2854728, 42.8870193 ], [ -3.2156731, 42.8283842 ], [ -3.2042366, 42.8292692 ], [ -3.2208792, 42.8405034 ], [ -3.1893893, 42.8713327 ], [ -3.1594459, 42.8582024 ], [ -3.1243976, 42.8931864 ], [ -3.1136404, 42.8911179 ], [ -3.1038888, 42.8820403 ], [ -3.1118505, 42.8629331 ], [ -3.1396197, 42.8381379 ], [ -3.1579308, 42.8064603 ], [ -3.1219555, 42.791195099999989 ], [ -3.1466145, 42.7585664 ], [ -3.0993486, 42.7690354 ], [ -3.0831397, 42.7589622 ], [ -3.0795475, 42.769124 ], [ -3.0628926, 42.7619582 ], [ -3.0483531, 42.7674754 ], [ -3.0394621, 42.7403639 ], [ -3.0150278, 42.7423594 ], [ -3.0150138, 42.7357572 ], [ -3.0045443, 42.7343285 ], [ -3.0061558, 42.7250865 ], [ -2.9880674, 42.7211433 ], [ -2.9793274, 42.7056891 ], [ -2.9292715, 42.7100903 ], [ -2.9290127, 42.7015349 ], [ -2.901196, 42.6954721 ], [ -2.8947539, 42.6569027 ], [ -2.8567863, 42.6400744 ], [ -2.8808373, 42.6225972 ], [ -2.892689, 42.6232027 ], [ -2.8914461, 42.6295759 ], [ -2.9147024, 42.621392 ], [ -2.945146, 42.6411864 ], [ -2.9787283, 42.6371901 ], [ -3.0034524, 42.6461358 ], [ -3.0167093, 42.6340502 ], [ -3.0828502, 42.6425571 ], [ -3.0851016, 42.6295873 ], [ -3.0691549, 42.6232856 ], [ -3.0585275, 42.5910595 ], [ -3.0848935, 42.5840833 ], [ -3.0810559, 42.5758908 ], [ -3.1024434, 42.5549803 ], [ -3.1329704, 42.5439252 ], [ -3.106154, 42.5306415 ], [ -3.0880003, 42.5401496 ], [ -3.0704759, 42.5295433 ], [ -3.0779896, 42.5009645 ], [ -3.0933934, 42.4899461 ], [ -3.0891199, 42.479756 ], [ -3.0629064, 42.472819099999988 ], [ -3.0447011, 42.4470256 ], [ -3.0619971, 42.4267823 ], [ -3.0560944, 42.4190317 ], [ -3.0627182, 42.4061497 ], [ -3.0518407, 42.3752897 ], [ -3.0563927, 42.3719918 ], [ -3.0813508, 42.3992568 ], [ -3.0768774, 42.4176237 ], [ -3.0890536, 42.4242428 ], [ -3.1000457, 42.41865 ], [ -3.0944371, 42.4070539 ], [ -3.1030938, 42.3872781 ], [ -3.0835097, 42.3872603 ], [ -3.0624028, 42.3579589 ], [ -3.1079565, 42.3537541 ], [ -3.1093905, 42.3404519 ], [ -3.0945627, 42.3287824 ], [ -3.1053653, 42.3144729 ], [ -3.0883215, 42.2749219 ], [ -3.0964192, 42.2649635 ], [ -3.0872895, 42.2475972 ], [ -3.1011834, 42.2341045 ], [ -3.1047129, 42.2136373 ], [ -3.1280948, 42.2013311 ], [ -3.1111799, 42.1777155 ], [ -3.0952718, 42.1713268 ], [ -3.0848871, 42.1374258 ], [ -3.0576525, 42.1288416 ], [ -3.0330699, 42.0878351 ], [ -2.9298692, 42.0886459 ], [ -2.9123158, 42.0247238 ], [ -2.930863, 42.0198447 ], [ -2.9492169, 41.9957728 ], [ -2.9644941, 41.9679112 ], [ -2.9586263, 41.9531467 ], [ -2.9694838, 41.9311454 ], [ -2.9971776, 41.9344735 ], [ -3.0067661, 41.9240986 ], [ -3.0154651, 41.8887827 ], [ -3.0573318, 41.8931996 ], [ -3.0864352, 41.8782216 ], [ -3.0958667, 41.8829342 ], [ -3.0958617, 41.8632627 ], [ -3.1113016, 41.852567199999989 ], [ -3.1349047, 41.8138205 ], [ -3.1700585, 41.7948958 ], [ -3.1872954, 41.803541 ], [ -3.1969253, 41.8190901 ], [ -3.1932039, 41.8308054 ], [ -3.2330961, 41.842522 ], [ -3.2455144, 41.8582019 ], [ -3.2420495, 41.8658764 ], [ -3.2677237, 41.870942 ], [ -3.269741, 41.8806394 ], [ -3.2824661, 41.8856892 ], [ -3.2882786, 41.8782892 ], [ -3.2777445, 41.8697924 ], [ -3.2877168, 41.8443431 ], [ -3.27985, 41.824781 ], [ -3.2854196, 41.8072318 ], [ -3.2770458, 41.816735 ], [ -3.2740926, 41.7962062 ], [ -3.2845736, 41.7901292 ], [ -3.2741639, 41.7705558 ], [ -3.2857726, 41.7620158 ], [ -3.3059351, 41.7620343 ], [ -3.3216102, 41.742815 ], [ -3.3516119, 41.739811 ], [ -3.3593738, 41.7234645 ], [ -3.3571139, 41.6953075 ], [ -3.3921158, 41.6924997 ], [ -3.413365, 41.6667183 ], [ -3.4177839, 41.6459858 ], [ -3.4284736, 41.6481616 ], [ -3.4339513, 41.6412618 ], [ -3.4391911, 41.6313425 ], [ -3.434075, 41.6239112 ], [ -3.4578783, 41.591511 ], [ -3.5087262, 41.5990604 ], [ -3.5278715, 41.6145031 ], [ -3.5491599, 41.5984606 ], [ -3.5348569, 41.588341299999989 ], [ -3.5402898, 41.5794804 ], [ -3.565238, 41.581829 ], [ -3.5713478, 41.5672689 ], [ -3.6075279, 41.5679926 ], [ -3.6155604, 41.5790289 ], [ -3.6704486, 41.5623033 ], [ -3.6902731, 41.5364055 ], [ -3.7270308, 41.5195069 ], [ -3.7224449, 41.4810744 ], [ -3.7311317, 41.4717588 ], [ -3.7278208, 41.4594959 ], [ -3.7382087, 41.4526544 ], [ -3.7428633, 41.4629295 ], [ -3.7684779, 41.4620238 ], [ -3.7665098, 41.5408962 ], [ -3.8022638, 41.5285629 ], [ -3.801914, 41.4982923 ], [ -3.7863669, 41.4877344 ], [ -3.8225794, 41.4829971 ], [ -3.8666725, 41.5343471 ], [ -3.8845077, 41.5341747 ], [ -3.8932798, 41.5540214 ], [ -3.9517736, 41.5753045 ], [ -3.9625528, 41.5879514 ], [ -3.9822751, 41.5878381 ] ], [ [ -4.0306648, 42.0805096 ], [ -4.0230509, 42.0829447 ], [ -4.0321641, 42.1088464 ], [ -4.0364223, 42.1044597 ], [ -4.0263278, 42.0897265 ], [ -4.0306648, 42.0805096 ] ], [ [ -4.07321, 42.157996 ], [ -4.064364, 42.1653735 ], [ -4.0750182, 42.1697323 ], [ -4.0929555, 42.159594 ], [ -4.1105707, 42.1604521 ], [ -4.1087647, 42.1450576 ], [ -4.0608649, 42.1334534 ], [ -4.07321, 42.157996 ] ], [ [ -3.3583338, 42.7825495 ], [ -3.3558166, 42.7891482 ], [ -3.346168, 42.7932949 ], [ -3.3558167, 42.7891482 ], [ -3.3583338, 42.7825495 ] ], [ [ -3.3769113, 42.3952156 ], [ -3.3769112, 42.3952156 ], [ -3.3798664, 42.4037532 ], [ -3.3769113, 42.3952156 ] ], [ [ -3.1832918, 42.1378062 ], [ -3.18937, 42.134948 ], [ -3.183291742900347, 42.13780617982696 ], [ -3.1832918, 42.1378062 ] ] ], [ [ [ -4.2437795, 42.7378493 ], [ -4.2500531, 42.7284238 ], [ -4.2618709, 42.7323551 ], [ -4.2594602, 42.7405849 ], [ -4.2437795, 42.7378493 ] ] ], [ [ [ -2.937872, 42.5961655 ], [ -2.9439089, 42.6057598 ], [ -2.9331947, 42.6159474 ], [ -2.9213232, 42.6027014 ], [ -2.937872, 42.5961655 ] ] ], [ [ [ -2.9823819, 42.6137895 ], [ -2.9849433, 42.6089245 ], [ -2.9980738, 42.6028185 ], [ -2.9932203, 42.6173625 ], [ -2.9823819, 42.6137895 ] ] ], [ [ [ -2.7174043, 42.7905792 ], [ -2.6423937, 42.766584 ], [ -2.6010317, 42.7725007 ], [ -2.5880502, 42.7521925 ], [ -2.556985, 42.7646026 ], [ -2.5713112, 42.7270424 ], [ -2.5886659, 42.7126325 ], [ -2.5989927, 42.7171352 ], [ -2.6076632, 42.6978315 ], [ -2.5928194, 42.6919092 ], [ -2.5764504, 42.6700817 ], [ -2.5470598, 42.6706728 ], [ -2.5380804, 42.6884483 ], [ -2.5207049, 42.6859004 ], [ -2.5160779, 42.6482038 ], [ -2.5478476, 42.6394433 ], [ -2.5506176, 42.651125 ], [ -2.6335366, 42.6496642 ], [ -2.6578616, 42.6743247 ], [ -2.6650834, 42.6680618 ], [ -2.7040488, 42.6756888 ], [ -2.7166975, 42.6638868 ], [ -2.7665903, 42.6678802 ], [ -2.7744336, 42.6721201 ], [ -2.769199, 42.6785037 ], [ -2.7831941, 42.7008114 ], [ -2.8239946, 42.7108043 ], [ -2.8276793, 42.7208792 ], [ -2.850296, 42.72697 ], [ -2.8539156, 42.730622 ], [ -2.8454328, 42.7326286 ], [ -2.8671574, 42.741788 ], [ -2.8528953, 42.7488484 ], [ -2.8470631, 42.7651603 ], [ -2.8524535, 42.7701007 ], [ -2.8405402, 42.778063 ], [ -2.8341661, 42.798136 ], [ -2.8255049, 42.7863176 ], [ -2.7716855, 42.7959235 ], [ -2.7174043, 42.7905792 ] ] ] ] } },
{ "type": "Feature", "properties": { "COD_PROV": "10" }, "geometry": { "type": "Polygon", "coordinates": [ [ [ -6.8009136, 39.3913862 ], [ -6.8820715, 39.3846497 ], [ -6.9346623, 39.398732 ], [ -6.9942308, 39.4264569 ], [ -7.0482361, 39.4385665 ], [ -7.0658772, 39.4161887 ], [ -7.0081177, 39.3903778 ], [ -7.031465, 39.3695307 ], [ -7.0288632, 39.3527508 ], [ -7.0468742, 39.3354012 ], [ -7.0429802, 39.3288157 ], [ -7.0760195, 39.3120721 ], [ -7.0815992, 39.3372207 ], [ -7.100953, 39.3482642 ], [ -7.0974421, 39.3610166 ], [ -7.0779775, 39.3533059 ], [ -7.0618214, 39.3741642 ], [ -7.0727279, 39.3831123 ], [ -7.1032381, 39.3878476 ], [ -7.1360753, 39.378676 ], [ -7.1603205, 39.3627249 ], [ -7.1760346, 39.3394657 ], [ -7.167367, 39.3220461 ], [ -7.1542715, 39.331555 ], [ -7.1540541, 39.3163423 ], [ -7.2027159, 39.2675921 ], [ -7.2662448, 39.3032999 ], [ -7.309397, 39.3428472 ], [ -7.305262, 39.3578404 ], [ -7.3223421, 39.3838266 ], [ -7.3011212, 39.4152172 ], [ -7.3077849, 39.4334685 ], [ -7.2949211, 39.459952 ], [ -7.3234425, 39.4777517 ], [ -7.3431085, 39.4807998 ], [ -7.3458243, 39.4896869 ], [ -7.3616757, 39.4842742 ], [ -7.3801626, 39.4940244 ], [ -7.3771816, 39.4987466 ], [ -7.38878, 39.505532599999988 ], [ -7.3899812, 39.531772 ], [ -7.4282454, 39.5362078 ], [ -7.4595108, 39.574338 ], [ -7.4936304, 39.5876714 ], [ -7.5085335, 39.6198267 ], [ -7.5264827, 39.6350748 ], [ -7.5291892, 39.658661 ], [ -7.5438902, 39.6653796 ], [ -7.4508671, 39.6649031 ], [ -7.4003594, 39.6484493 ], [ -7.3729068, 39.6531353 ], [ -7.3325621, 39.6430696 ], [ -7.2625273, 39.6678111 ], [ -7.1454904, 39.6548624 ], [ -7.1230474, 39.665966 ], [ -7.0635932, 39.6597963 ], [ -7.0143472, 39.6725893 ], [ -6.9857171, 39.7301361 ], [ -6.9914598, 39.7421165 ], [ -6.9757889, 39.7742754 ], [ -6.9884194, 39.796914 ], [ -6.9855848, 39.8123051 ], [ -6.9698411, 39.8268672 ], [ -6.9475118, 39.8295863 ], [ -6.9290517, 39.855513 ], [ -6.9019444, 39.8745207 ], [ -6.8996386, 39.9138121 ], [ -6.9077813, 39.9210493 ], [ -6.8848086, 39.942123 ], [ -6.8875864, 39.964292 ], [ -6.8787201, 39.9732804 ], [ -6.8845817, 39.9812795 ], [ -6.8732993, 40.0084511 ], [ -6.8629849, 40.0137043 ], [ -6.8746514, 40.0186729 ], [ -6.8797844, 40.0430793 ], [ -6.8955622, 40.0534549 ], [ -6.8920015, 40.0625443 ], [ -6.9156452, 40.067485 ], [ -6.9239656, 40.0923298 ], [ -6.942664, 40.1064441 ], [ -6.9404829, 40.1147701 ], [ -6.9594941, 40.1112838 ], [ -6.9847901, 40.1210419 ], [ -6.9930133, 40.1148312 ], [ -6.9921765, 40.1205704 ], [ -7.0107482, 40.1287703 ], [ -7.0184963, 40.1469464 ], [ -7.0117508, 40.1529612 ], [ -7.0144935, 40.1799566 ], [ -7.0277212, 40.1872132 ], [ -7.0110112, 40.2283851 ], [ -6.9769582, 40.2427809 ], [ -6.9608778, 40.2409101 ], [ -6.9493882, 40.2601537 ], [ -6.9066776, 40.2568242 ], [ -6.8705452, 40.2640658 ], [ -6.8639271, 40.2725362 ], [ -6.8333589, 40.2494801 ], [ -6.8055271, 40.2434203 ], [ -6.7989631, 40.243943 ], [ -6.8009944, 40.2514582 ], [ -6.7803868, 40.2509916 ], [ -6.7544352, 40.2408219 ], [ -6.7506089, 40.2517536 ], [ -6.7170549, 40.2711401 ], [ -6.6889663, 40.2445626 ], [ -6.6705805, 40.2651308 ], [ -6.5858454, 40.2726208 ], [ -6.5549968, 40.2926761 ], [ -6.5635668, 40.3165128 ], [ -6.5592312, 40.3309498 ], [ -6.5351033, 40.3491435 ], [ -6.4735352, 40.3720162 ], [ -6.4371297, 40.3746701 ], [ -6.4384611, 40.3834766 ], [ -6.417639, 40.4011874 ], [ -6.3747775, 40.4020875 ], [ -6.3606771, 40.4089835 ], [ -6.3643611, 40.4242691 ], [ -6.3434524, 40.4446742 ], [ -6.2741324, 40.4604126 ], [ -6.2300719, 40.4885473 ], [ -6.2001768, 40.4847778 ], [ -6.179241, 40.4640916 ], [ -6.1565316, 40.4588686 ], [ -6.1458182, 40.4380143 ], [ -6.1149267, 40.443479 ], [ -6.1282855, 40.4226833 ], [ -6.0637587, 40.3984978 ], [ -6.0841294, 40.3918141 ], [ -6.0712786, 40.3895078 ], [ -6.0851294, 40.3799234 ], [ -6.0811797, 40.3651051 ], [ -6.104518, 40.3586877 ], [ -6.050964, 40.3434425 ], [ -6.0148162, 40.3421844 ], [ -6.0183844, 40.3245356 ], [ -6.0050003, 40.3080155 ], [ -5.93658, 40.2829573 ], [ -5.9159705, 40.2795889 ], [ -5.883039, 40.3284977 ], [ -5.8537706, 40.3402666 ], [ -5.8459203, 40.3299384 ], [ -5.8156348, 40.3528019 ], [ -5.7963048, 40.3551375 ], [ -5.7807823, 40.3143475 ], [ -5.8015264, 40.2995247 ], [ -5.7919354, 40.2885957 ], [ -5.7637812, 40.2826685 ], [ -5.7363508, 40.2960133 ], [ -5.6914502, 40.2939962 ], [ -5.6553615, 40.2721227 ], [ -5.6585971, 40.2592573 ], [ -5.6479875, 40.2516104 ], [ -5.6207878, 40.2477712 ], [ -5.6124738, 40.2351681 ], [ -5.6176935, 40.2257438 ], [ -5.6088286, 40.2173698 ], [ -5.5898451, 40.2171996 ], [ -5.5399315, 40.1977597 ], [ -5.4696951, 40.2097382 ], [ -5.4668559, 40.2260414 ], [ -5.4385559, 40.2355144 ], [ -5.4286082, 40.2541452 ], [ -5.3937909, 40.2523488 ], [ -5.3419888, 40.265939 ], [ -5.3684508, 40.220199 ], [ -5.3628984, 40.2051591 ], [ -5.366776, 40.1659927 ], [ -5.3347569, 40.1177027 ], [ -5.3677927, 40.1019681 ], [ -5.3726407, 40.0612074 ], [ -5.3628515, 40.0279582 ], [ -5.363878, 39.9857327 ], [ -5.4048947, 39.8796158 ], [ -5.3252335, 39.8938532 ], [ -5.2828294, 39.8657584 ], [ -5.3113698, 39.8261598 ], [ -5.3149928, 39.7746644 ], [ -5.3076089, 39.7622723 ], [ -5.2530033, 39.7544268 ], [ -5.2048636, 39.7996109 ], [ -5.1656765, 39.8017653 ], [ -5.1572364, 39.7615426 ], [ -5.1725663, 39.7527347 ], [ -5.136572, 39.7168798 ], [ -5.1506341, 39.6978924 ], [ -5.1551827, 39.6757808 ], [ -5.1476235, 39.6699918 ], [ -5.1612029, 39.6572255 ], [ -5.1602621, 39.6449737 ], [ -5.2054073, 39.5991158 ], [ -5.0826741, 39.4925484 ], [ -5.0576717, 39.4912989 ], [ -5.0066027, 39.4362959 ], [ -4.9512895, 39.3968739 ], [ -4.973783, 39.3956581 ], [ -4.96838, 39.3847916 ], [ -4.98296, 39.3736254 ], [ -5.0076638, 39.380156 ], [ -5.018382, 39.3701696 ], [ -5.0526154, 39.3643084 ], [ -5.0893671, 39.3924932 ], [ -5.1124547, 39.3891678 ], [ -5.1106404, 39.3593959 ], [ -5.1223296, 39.338379499999988 ], [ -5.1490614, 39.3228512 ], [ -5.2464079, 39.3037059 ], [ -5.2818765, 39.3214034 ], [ -5.3388013, 39.3351948 ], [ -5.3540213, 39.262154 ], [ -5.3459466, 39.2410463 ], [ -5.3828161, 39.1760685 ], [ -5.4126013, 39.1585344 ], [ -5.4266655, 39.164368599999989 ], [ -5.4586374, 39.1602492 ], [ -5.4990068, 39.1894728 ], [ -5.5133754, 39.2115966 ], [ -5.5269426, 39.1933548 ], [ -5.5496534, 39.2175534 ], [ -5.6120451, 39.1901001 ], [ -5.5753613, 39.1527884 ], [ -5.5824497, 39.1409561 ], [ -5.5996757, 39.1362316 ], [ -5.6007676, 39.130385 ], [ -5.582424, 39.1199932 ], [ -5.6026204, 39.1024796 ], [ -5.6447384, 39.1042058 ], [ -5.6697234, 39.082698 ], [ -5.688891, 39.0848896 ], [ -5.7539832, 39.1341803 ], [ -5.8091747, 39.1464657 ], [ -5.8181505, 39.1313391 ], [ -5.8152423, 39.1216347 ], [ -5.83283, 39.1120277 ], [ -5.8708912, 39.1061691 ], [ -5.9235079, 39.0850664 ], [ -5.9364561, 39.0856698 ], [ -5.9243531, 39.0957291 ], [ -5.9254702, 39.1065229 ], [ -5.9407501, 39.1105524 ], [ -5.9809695, 39.0705477 ], [ -6.0085658, 39.0544786 ], [ -6.0174203, 39.1310032 ], [ -6.0774705, 39.0956133 ], [ -6.1409195, 39.0334645 ], [ -6.1527198, 39.0554417 ], [ -6.2019679, 39.0583861 ], [ -6.2296804, 39.0916837 ], [ -6.2941896, 39.1000281 ], [ -6.3107646, 39.114033 ], [ -6.3063702, 39.1486137 ], [ -6.3203416, 39.1736103 ], [ -6.3182438, 39.1863348 ], [ -6.326197, 39.1885681 ], [ -6.3779268, 39.164657 ], [ -6.437519, 39.1777302 ], [ -6.4899585, 39.1698107 ], [ -6.5391932, 39.1835834 ], [ -6.5375088, 39.1571607 ], [ -6.5730908, 39.1602454 ], [ -6.5729391, 39.1695813 ], [ -6.583238, 39.1730028 ], [ -6.5789342, 39.1816839 ], [ -6.6322058, 39.1987321 ], [ -6.6585763, 39.20096 ], [ -6.6798434, 39.1790405 ], [ -6.749484, 39.1959294 ], [ -6.766347, 39.1902591 ], [ -6.7935548, 39.2168382 ], [ -6.7997043, 39.2413083 ], [ -6.760612, 39.2776783 ], [ -6.745588, 39.3236404 ], [ -6.7960156, 39.3466666 ], [ -6.789855, 39.3693765 ], [ -6.8009136, 39.3913862 ] ], [ [ -6.452814140421276, 39.806970716412209 ], [ -6.4406837, 39.8103123 ], [ -6.4528142, 39.8069708 ], [ -6.452814140421276, 39.806970716412209 ] ], [ [ -6.6820153, 39.4570767 ], [ -6.682383, 39.4589846 ], [ -6.6735102, 39.4531042 ], [ -6.6820153, 39.4570767 ] ], [ [ -5.5826346, 39.2269364 ], [ -5.5692867, 39.2334932 ], [ -5.5720604, 39.242187699999988 ], [ -5.5692868, 39.2334932 ], [ -5.5826346, 39.2269364 ] ] ] } },
{ "type": "Feature", "properties": { "COD_PROV": "11" }, "geometry": { "type": "Polygon", "coordinates": [ [ [ -6.1141695, 36.2964537 ], [ -6.1396101, 36.2968156 ], [ -6.1803918, 36.3705584 ], [ -6.2182044, 36.3942071 ], [ -6.2335656, 36.4364422 ], [ -6.2519631, 36.4529192 ], [ -6.2876138, 36.5249828 ], [ -6.3162902, 36.53009 ], [ -6.2848517, 36.5425483 ], [ -6.2911414, 36.5352393 ], [ -6.2768991, 36.5321966 ], [ -6.2821437, 36.5286929 ], [ -6.2748045, 36.527805099999988 ], [ -6.2672542, 36.5105032 ], [ -6.2603182, 36.5111972 ], [ -6.254419, 36.5086749 ], [ -6.265614, 36.5020244 ], [ -6.2542853, 36.47404 ], [ -6.237079, 36.4681022 ], [ -6.2001193, 36.4879332 ], [ -6.1997059, 36.5017396 ], [ -6.1752836, 36.510728 ], [ -6.1739072, 36.522389 ], [ -6.1902518, 36.5259174 ], [ -6.2024079, 36.5104246 ], [ -6.2310334, 36.5035611 ], [ -6.2446931, 36.5104607 ], [ -6.2515719, 36.5211876 ], [ -6.2318492, 36.5306704 ], [ -6.2234505, 36.5599047 ], [ -6.2280689, 36.5820196 ], [ -6.2382898, 36.5878414 ], [ -6.2642102, 36.5819524 ], [ -6.2768486, 36.6041772 ], [ -6.3037783, 36.619255 ], [ -6.3401167, 36.6269895 ], [ -6.3568337, 36.6167879 ], [ -6.3835391, 36.6285928 ], [ -6.4392123, 36.723009399999988 ], [ -6.4422904, 36.7392935 ], [ -6.3669516, 36.780347899999988 ], [ -6.3411948, 36.8049722 ], [ -6.3520338, 36.8568984 ], [ -6.336986, 36.8980855 ], [ -6.2771092, 36.9127092 ], [ -6.252612, 36.8957677 ], [ -6.2298134, 36.8999691 ], [ -6.1543211, 36.8872387 ], [ -6.1032634, 36.8591187 ], [ -5.9719361, 36.8460522 ], [ -5.951661, 36.8549918 ], [ -5.924163, 36.8549314 ], [ -5.8898658, 36.844056 ], [ -5.8753308, 36.8965764 ], [ -5.8443178, 36.9170783 ], [ -5.8037855, 36.9273245 ], [ -5.7158202, 36.9213832 ], [ -5.6949827, 36.9371443 ], [ -5.6934163, 36.9586446 ], [ -5.666753, 36.9778195 ], [ -5.6484693, 36.9561868 ], [ -5.6249481, 36.9563039 ], [ -5.6173401, 36.9423599 ], [ -5.6046915, 36.9527118 ], [ -5.5869511, 36.9487572 ], [ -5.5818604, 36.9167038 ], [ -5.532622, 36.8953159 ], [ -5.5496554, 36.9249897 ], [ -5.5445645, 36.9322353 ], [ -5.523295, 36.9394935 ], [ -5.510996, 36.959499199999989 ], [ -5.4685319, 36.9858128 ], [ -5.5097872, 37.0354709 ], [ -5.4324864, 37.0543118 ], [ -5.4198746, 37.0130154 ], [ -5.4342801, 36.9928854 ], [ -5.4590815, 36.9770082 ], [ -5.4377484, 36.9371525 ], [ -5.4116469, 36.942527 ], [ -5.4123214, 36.9553727 ], [ -5.3921194, 36.9740314 ], [ -5.3595534, 36.9870219 ], [ -5.3008995, 37.0392291 ], [ -5.299018, 37.0156081 ], [ -5.2338114, 36.9430497 ], [ -5.1614261, 36.983288 ], [ -5.1411708, 37.0057278 ], [ -5.0943679, 36.9701601 ], [ -5.1089024, 36.9611969 ], [ -5.0855562, 36.9069549 ], [ -5.1038668, 36.8998019 ], [ -5.1328624, 36.8404307 ], [ -5.1691956, 36.8254145 ], [ -5.1854541, 36.8298314 ], [ -5.2208053, 36.8445879 ], [ -5.2239578, 36.8581832 ], [ -5.2655024, 36.877595 ], [ -5.2685694, 36.8860816 ], [ -5.3003776, 36.8715088 ], [ -5.3045632, 36.8599901 ], [ -5.3313032, 36.8404688 ], [ -5.3395095, 36.8212826 ], [ -5.318614, 36.7885989 ], [ -5.2897297, 36.7770366 ], [ -5.3234215, 36.7258753 ], [ -5.326251, 36.6964555 ], [ -5.3176887, 36.6919641 ], [ -5.3291354, 36.6807732 ], [ -5.322825, 36.6752072 ], [ -5.3326201, 36.6742608 ], [ -5.3778843, 36.634464 ], [ -5.4372995, 36.6160401 ], [ -5.4547109, 36.6214505 ], [ -5.4596133, 36.590653 ], [ -5.4883515, 36.572329499999988 ], [ -5.5008551, 36.5494799 ], [ -5.5209613, 36.533656 ], [ -5.5358641, 36.5290223 ], [ -5.5423857, 36.5402645 ], [ -5.5939236, 36.5527824 ], [ -5.6105782, 36.5434683 ], [ -5.6070917, 36.5141557 ], [ -5.5708263, 36.5144476 ], [ -5.5588144, 36.5053499 ], [ -5.523048, 36.4995781 ], [ -5.4917833, 36.5379535 ], [ -5.4729128, 36.5384479 ], [ -5.464081, 36.5297421 ], [ -5.4604211, 36.5389937 ], [ -5.431103, 36.5361536 ], [ -5.4122851, 36.5225295 ], [ -5.3941092, 36.4711705 ], [ -5.3459478, 36.420511 ], [ -5.3337607, 36.3967385 ], [ -5.333686, 36.3718721 ], [ -5.3139491, 36.3451998 ], [ -5.3188777, 36.3269313 ], [ -5.2764538, 36.338935 ], [ -5.2512973, 36.3133519 ], [ -5.2666891, 36.3014534 ], [ -5.2982832, 36.2446236 ], [ -5.3166418, 36.2298846 ], [ -5.3378967, 36.1549473 ], [ -5.3829054, 36.1816066 ], [ -5.4080283, 36.1836611 ], [ -5.4236623, 36.1790303 ], [ -5.4428749, 36.1586754 ], [ -5.4459756, 36.1411434 ], [ -5.4421721, 36.1302868 ], [ -5.4417366, 36.1370303 ], [ -5.4341638, 36.1336046 ], [ -5.4399844, 36.1260164 ], [ -5.4319076, 36.1292621 ], [ -5.4337641, 36.1415275 ], [ -5.4296546, 36.1365466 ], [ -5.4310709, 36.1230318 ], [ -5.4422854, 36.1239048 ], [ -5.4293252, 36.1074855 ], [ -5.4426385, 36.096227 ], [ -5.4247138, 36.0792406 ], [ -5.4469676, 36.0599756 ], [ -5.4641868, 36.052927499999988 ], [ -5.4829352, 36.0572076 ], [ -5.5534101, 36.0249296 ], [ -5.6042708, 36.0117746 ], [ -5.6089894, 36.0028055 ], [ -5.6074873, 36.0120934 ], [ -5.6353286, 36.0442832 ], [ -5.6865707, 36.0698314 ], [ -5.7217388, 36.063044 ], [ -5.7746249, 36.0900118 ], [ -5.795479, 36.0790638 ], [ -5.8680863, 36.1556187 ], [ -5.9146157, 36.1868028 ], [ -5.9429158, 36.1911396 ], [ -5.9794439, 36.1792773 ], [ -6.024087, 36.1885656 ], [ -6.032158, 36.1830893 ], [ -6.090955, 36.2732408 ], [ -6.1141695, 36.2964537 ] ], [ [ -5.8352071, 36.367096 ], [ -5.834456105514467, 36.371296569155696 ], [ -5.8344562, 36.3712966 ], [ -5.8352071, 36.367096 ] ], [ [ -6.2816426, 36.7667239 ], [ -6.2811066, 36.7693883 ], [ -6.281642695132829, 36.766723924189677 ], [ -6.2816426, 36.7667239 ] ] ] } },
{ "type": "Feature", "properties": { "COD_PROV": "12" }, "geometry": { "type": "MultiPolygon", "coordinates": [ [ [ [ -0.3855916, 39.7710328 ], [ -0.4082516, 39.7470467 ], [ -0.4377356, 39.7387101 ], [ -0.4437432, 39.7207551 ], [ -0.4548289, 39.716548 ], [ -0.496905, 39.7494074 ], [ -0.5292395, 39.7978293 ], [ -0.5470583, 39.7975854 ], [ -0.5757036, 39.7750524 ], [ -0.5868804, 39.743541 ], [ -0.6510037, 39.7559379 ], [ -0.6433632, 39.7934395 ], [ -0.6548066, 39.8378142 ], [ -0.6897662, 39.854315 ], [ -0.7112055, 39.8186968 ], [ -0.729213, 39.8167901 ], [ -0.7722178, 39.8716489 ], [ -0.8286441, 39.9086393 ], [ -0.8449546, 39.9495536 ], [ -0.834395, 39.9618535 ], [ -0.8401302, 39.9708145 ], [ -0.8334685, 39.9811965 ], [ -0.7765385, 40.0001255 ], [ -0.7659414, 40.0118834 ], [ -0.7609246, 40.0431194 ], [ -0.7522752, 40.0484639 ], [ -0.746233, 40.0397349 ], [ -0.6815911, 40.0460795 ], [ -0.6258715, 40.0780563 ], [ -0.6122383, 40.071867 ], [ -0.6273521, 40.1039518 ], [ -0.6051877, 40.1301402 ], [ -0.5771332, 40.1399158 ], [ -0.5679054, 40.1610181 ], [ -0.570808, 40.1833293 ], [ -0.5565355, 40.2026946 ], [ -0.5428331, 40.2535138 ], [ -0.4931606, 40.2305866 ], [ -0.4686186, 40.241987699999989 ], [ -0.4624584, 40.2357188 ], [ -0.4267152, 40.245657 ], [ -0.3822676, 40.2667005 ], [ -0.3814535, 40.2801769 ], [ -0.398747, 40.2960157 ], [ -0.3887521, 40.307492 ], [ -0.3649137, 40.3069061 ], [ -0.3671453, 40.3139633 ], [ -0.3516223, 40.3152217 ], [ -0.3484386, 40.3298059 ], [ -0.3417945, 40.3272663 ], [ -0.3392557, 40.3418454 ], [ -0.3032355, 40.3645458 ], [ -0.2810244, 40.3669444 ], [ -0.283881, 40.388171 ], [ -0.345994, 40.4457935 ], [ -0.3312478, 40.4609016 ], [ -0.271444, 40.4755293 ], [ -0.278374, 40.4853026 ], [ -0.2734044, 40.4987781 ], [ -0.2867697, 40.5114246 ], [ -0.2963287, 40.507623599999988 ], [ -0.3004981, 40.517818 ], [ -0.2887469, 40.5458061 ], [ -0.2985037, 40.5791819 ], [ -0.2919217, 40.6128952 ], [ -0.3102134, 40.6133061 ], [ -0.3207224, 40.6046952 ], [ -0.3691212, 40.6154464 ], [ -0.3783067, 40.6253834 ], [ -0.3694343, 40.6526286 ], [ -0.3801514, 40.6634363 ], [ -0.376729, 40.6692696 ], [ -0.3274542, 40.6821338 ], [ -0.3056337, 40.6613516 ], [ -0.2922618, 40.675818899999989 ], [ -0.2346239, 40.6929614 ], [ -0.2378886, 40.7199006 ], [ -0.2226655, 40.7560136 ], [ -0.2116764, 40.759917 ], [ -0.1958065, 40.7863111 ], [ -0.1635864, 40.7904853 ], [ -0.143162, 40.7872986 ], [ -0.1424706, 40.7705455 ], [ -0.1244238, 40.754695 ], [ -0.0633259, 40.7292589 ], [ -0.0293818, 40.7244631 ], [ -0.0163415, 40.7330517 ], [ 0.0171116, 40.7302815 ], [ 0.0297393, 40.7150358 ], [ 0.0278122, 40.6968026 ], [ 0.0435491, 40.6928588 ], [ 0.0740615, 40.7161596 ], [ 0.113877, 40.7289898 ], [ 0.1427238, 40.7203152 ], [ 0.1651865, 40.7254566 ], [ 0.1721014, 40.734687 ], [ 0.1986697, 40.7260188 ], [ 0.2274937, 40.7350159 ], [ 0.2373643, 40.7039284 ], [ 0.2632353, 40.7078094 ], [ 0.2932201, 40.690402 ], [ 0.2696403, 40.6614077 ], [ 0.2675784, 40.6460734 ], [ 0.2802096, 40.6319067 ], [ 0.3166209, 40.6161484 ], [ 0.4033455, 40.6042306 ], [ 0.4320679, 40.5815196 ], [ 0.4453299, 40.5800717 ], [ 0.4347969, 40.567228 ], [ 0.4393498, 40.5489079 ], [ 0.5165423, 40.5247692 ], [ 0.4791535, 40.4604708 ], [ 0.4760426, 40.4680399 ], [ 0.462464, 40.4564694 ], [ 0.4371814, 40.4124708 ], [ 0.4351422, 40.418017 ], [ 0.418629, 40.4014283 ], [ 0.4048932, 40.3652334 ], [ 0.4100258, 40.3593712 ], [ 0.3937651, 40.353725499999989 ], [ 0.3312096, 40.2811303 ], [ 0.2803218, 40.2463329 ], [ 0.2663912, 40.2113411 ], [ 0.2025123, 40.1825937 ], [ 0.162247, 40.1257655 ], [ 0.1490011, 40.0846312 ], [ 0.1385458, 40.0837077 ], [ 0.1218479, 40.0642362 ], [ 0.0834186, 40.0579788 ], [ 0.0498063, 40.0363223 ], [ 0.021898, 39.976191 ], [ 0.0295653, 39.9708563 ], [ 0.0185394, 39.9762138 ], [ 0.0254127, 39.970126 ], [ 0.0104727, 39.9679679 ], [ -0.0050179, 39.9169523 ], [ -0.064891, 39.8700759 ], [ -0.0658283, 39.859597 ], [ -0.0693776, 39.8665694 ], [ -0.0673787, 39.8607988 ], [ -0.0826394, 39.8581579 ], [ -0.1871799, 39.7237986 ], [ -0.2596135, 39.7458998 ], [ -0.2698373, 39.7523028 ], [ -0.2751722, 39.7723901 ], [ -0.3146706, 39.8016792 ], [ -0.3765681, 39.8017279 ], [ -0.3904511, 39.7817441 ], [ -0.3855916, 39.7710328 ] ] ], [ [ [ 0.691743, 39.8995681 ], [ 0.6828768, 39.8987027 ], [ 0.6921515, 39.9042267 ], [ 0.691743, 39.8995681 ] ] ] ] } },
{ "type": "Feature", "properties": { "COD_PROV": "13" }, "geometry": { "type": "MultiPolygon", "coordinates": [ [ [ [ -4.1742235, 38.3864538 ], [ -4.2219328, 38.3992951 ], [ -4.2663253, 38.400294 ], [ -4.2774204, 38.3793648 ], [ -4.2676294, 38.3490477 ], [ -4.2751446, 38.3527681 ], [ -4.2860901, 38.3446364 ], [ -4.3207821, 38.3646287 ], [ -4.3307592, 38.3625417 ], [ -4.3874734, 38.3877478 ], [ -4.4052128, 38.385004699999989 ], [ -4.4339386, 38.4041107 ], [ -4.4517538, 38.402748 ], [ -4.51206, 38.465939 ], [ -4.5332652, 38.4713856 ], [ -4.5402578, 38.4837746 ], [ -4.5571562, 38.4784344 ], [ -4.5645485, 38.4926555 ], [ -4.5848059, 38.4946078 ], [ -4.5924632, 38.4882579 ], [ -4.6073578, 38.4965814 ], [ -4.6210406, 38.5253444 ], [ -4.6660057, 38.5496488 ], [ -4.7018396, 38.5544132 ], [ -4.7061429, 38.5738231 ], [ -4.7321842, 38.5765212 ], [ -4.786324, 38.5989302 ], [ -4.8175951, 38.5977277 ], [ -4.8589518, 38.6158572 ], [ -4.8676614, 38.6828126 ], [ -4.8757512, 38.6879713 ], [ -4.934993, 38.6832409 ], [ -5.0033853, 38.6969734 ], [ -4.999221, 38.7030902 ], [ -5.0068113, 38.7171068 ], [ -5.0457356, 38.730967 ], [ -4.9887791, 38.7416366 ], [ -4.9596006, 38.7916511 ], [ -4.9422671, 38.8562587 ], [ -4.9137218, 38.8893199 ], [ -4.8465977, 38.8839303 ], [ -4.829908, 38.9374904 ], [ -4.8417941, 38.9469727 ], [ -4.8905214, 38.9547898 ], [ -4.9038513, 38.9651856 ], [ -4.9170012, 38.9589249 ], [ -4.9324496, 38.9774566 ], [ -4.9612849, 39.0606099 ], [ -4.935031, 39.0586159 ], [ -4.873866, 39.033871 ], [ -4.8315678, 39.0480416 ], [ -4.8245945, 39.0644315 ], [ -4.8571918, 39.0787133 ], [ -4.8731997, 39.100901 ], [ -4.8559428, 39.1245389 ], [ -4.852411, 39.1535375 ], [ -4.8303333, 39.166112 ], [ -4.8301783, 39.177991 ], [ -4.8090468, 39.201297 ], [ -4.7724127, 39.1913803 ], [ -4.741321, 39.1963994 ], [ -4.6477383, 39.1667851 ], [ -4.6639338, 39.1879994 ], [ -4.7070004, 39.2117489 ], [ -4.7123197, 39.2461968 ], [ -4.7324529, 39.254422 ], [ -4.7597841, 39.3226688 ], [ -4.7054313, 39.3296048 ], [ -4.7029815, 39.3663312 ], [ -4.6682666, 39.4264156 ], [ -4.6864648, 39.4521748 ], [ -4.6168987, 39.4562799 ], [ -4.6103598, 39.4620188 ], [ -4.6171923, 39.4865323 ], [ -4.5890482, 39.5016235 ], [ -4.5666862, 39.4991621 ], [ -4.5533916, 39.5126555 ], [ -4.5597427, 39.5355373 ], [ -4.5414474, 39.5458809 ], [ -4.5298517, 39.533485 ], [ -4.5241292, 39.5633717 ], [ -4.4809488, 39.540676 ], [ -4.5004308, 39.536977 ], [ -4.5099821, 39.5240029 ], [ -4.4994928, 39.5204277 ], [ -4.4820292, 39.4902345 ], [ -4.4603465, 39.4804262 ], [ -4.4518397, 39.5191688 ], [ -4.4423508, 39.5249886 ], [ -4.4200111, 39.5088936 ], [ -4.3759658, 39.4978622 ], [ -4.240843, 39.4797775 ], [ -4.1919836, 39.4972645 ], [ -4.1574797, 39.5786399 ], [ -4.1233964, 39.5654874 ], [ -4.0405232, 39.5772345 ], [ -4.0288247, 39.5238517 ], [ -4.0585366, 39.5237117 ], [ -4.0668979, 39.5036972 ], [ -4.0575743, 39.4740653 ], [ -4.0668766, 39.458933 ], [ -4.0800678, 39.4535487 ], [ -4.1168204, 39.4587626 ], [ -4.1266469, 39.4107328 ], [ -4.1468231, 39.3646445 ], [ -4.1192871, 39.3644988 ], [ -4.1031971, 39.3429906 ], [ -4.0721197, 39.3672124 ], [ -3.9709451, 39.3540526 ], [ -3.9572169, 39.3090965 ], [ -3.9642143, 39.3000562 ], [ -3.8560965, 39.2603786 ], [ -3.8404156, 39.2614587 ], [ -3.8115019, 39.2880991 ], [ -3.7916605, 39.2941208 ], [ -3.7644324, 39.2951954 ], [ -3.7212587, 39.2714825 ], [ -3.6868728, 39.2867384 ], [ -3.6789206, 39.3001576 ], [ -3.5853261, 39.3095414 ], [ -3.5658419, 39.3012042 ], [ -3.5313174, 39.3060356 ], [ -3.4756073, 39.3450229 ], [ -3.4692096, 39.3740184 ], [ -3.4090052, 39.4064673 ], [ -3.3482878, 39.4101875 ], [ -3.3078596, 39.401029 ], [ -3.3145421, 39.4355952 ], [ -3.2929219, 39.472722 ], [ -3.1838888, 39.476026 ], [ -3.1832388, 39.4898414 ], [ -3.1560337, 39.4979906 ], [ -3.0988872, 39.4772191 ], [ -3.0683188, 39.4521464 ], [ -3.0213067, 39.458869 ], [ -3.0135858, 39.4469142 ], [ -2.9982686, 39.4435162 ], [ -2.993503, 39.4532476 ], [ -2.9555098, 39.4490859 ], [ -2.9540289, 39.4567359 ], [ -2.926418, 39.472634 ], [ -2.9305282, 39.4546969 ], [ -2.9130076, 39.4488535 ], [ -2.9021817, 39.4280866 ], [ -2.9029603, 39.4360786 ], [ -2.8961341, 39.4319813 ], [ -2.8987904, 39.4268757 ], [ -2.8883853, 39.4237941 ], [ -2.8846364, 39.407481 ], [ -2.868878, 39.3929824 ], [ -2.8693087, 39.386269899999988 ], [ -2.8852403, 39.3861713 ], [ -2.8952757, 39.3686435 ], [ -2.8810936, 39.352754 ], [ -2.8634055, 39.3586986 ], [ -2.8596175, 39.349080699999988 ], [ -2.8443863, 39.3511704 ], [ -2.8269123, 39.3587514 ], [ -2.8117892, 39.3842735 ], [ -2.791832, 39.3996056 ], [ -2.7747433, 39.3966312 ], [ -2.7707958, 39.3714666 ], [ -2.7208125, 39.2705881 ], [ -2.8413777, 39.1363616 ], [ -2.8298885, 39.1071775 ], [ -2.80373, 39.080815199999989 ], [ -2.8086539, 39.0256998 ], [ -2.8309866, 39.0251119 ], [ -2.8426643, 38.989373 ], [ -2.8695275, 38.9675084 ], [ -2.8816123, 38.9403603 ], [ -2.8749426, 38.9273769 ], [ -2.8563878, 38.9292479 ], [ -2.8345291, 38.9078449 ], [ -2.7911873, 38.9074234 ], [ -2.7893716, 38.8934439 ], [ -2.7605932, 38.8822029 ], [ -2.7498677, 38.8502176 ], [ -2.7514022, 38.8165991 ], [ -2.7332405, 38.7971559 ], [ -2.7309649, 38.7837149 ], [ -2.6961414, 38.7852798 ], [ -2.6617074, 38.755390299999988 ], [ -2.6421779, 38.7482495 ], [ -2.63661, 38.7364918 ], [ -2.6675764, 38.6510873 ], [ -2.6985445, 38.6272278 ], [ -2.7163067, 38.6269934 ], [ -2.7273229, 38.6180978 ], [ -2.7624116, 38.6297546 ], [ -2.7488174, 38.6174334 ], [ -2.7642197, 38.5757203 ], [ -2.7455105, 38.548681699999989 ], [ -2.7725261, 38.530119 ], [ -2.7691209, 38.5221366 ], [ -2.7792955, 38.5111981 ], [ -2.7856771, 38.5175184 ], [ -2.7902082, 38.505594 ], [ -2.8053147, 38.504916 ], [ -2.8113199, 38.4935002 ], [ -2.8311479, 38.4878894 ], [ -2.8297832, 38.4783233 ], [ -2.8363002, 38.486238 ], [ -2.838827, 38.4791022 ], [ -2.8596169, 38.4770026 ], [ -2.8829396, 38.4603642 ], [ -2.8802101, 38.4545147 ], [ -2.9045074, 38.4717757 ], [ -2.9623065, 38.4733237 ], [ -2.9756563, 38.4567617 ], [ -2.9922296, 38.4519875 ], [ -2.9909604, 38.4308087 ], [ -3.0012371, 38.4101259 ], [ -3.0636882, 38.4801166 ], [ -3.1289228, 38.4406347 ], [ -3.2787375, 38.4622737 ], [ -3.3039873, 38.4811449 ], [ -3.3252222, 38.4839886 ], [ -3.3737435, 38.4771044 ], [ -3.3754159, 38.4414645 ], [ -3.4082728, 38.425972 ], [ -3.4235577, 38.4086678 ], [ -3.4713309, 38.3998253 ], [ -3.5271808, 38.410509 ], [ -3.5339016, 38.4412833 ], [ -3.5660959, 38.4539012 ], [ -3.5818158, 38.453337 ], [ -3.584586, 38.4074711 ], [ -3.6192134, 38.3958563 ], [ -3.7287548, 38.4262365 ], [ -3.7384098, 38.4158572 ], [ -3.7843614, 38.4271392 ], [ -3.8288075, 38.414667 ], [ -3.829313, 38.394775 ], [ -3.8586376, 38.3752132 ], [ -3.9606929, 38.3679692 ], [ -4.1742235, 38.3864538 ] ], [ [ -4.133759552462762, 38.832969706091433 ], [ -4.1538896, 38.835307 ], [ -4.1337596, 38.8329697 ], [ -4.133759552462762, 38.832969706091433 ] ], [ [ -3.9557947, 38.9250544 ], [ -3.9753675, 38.919728 ], [ -3.9516209, 38.9312527 ], [ -3.9557947, 38.9250544 ] ], [ [ -3.152313869705122, 38.795586997451821 ], [ -3.1326771, 38.7939353 ], [ -3.1523138, 38.795587 ], [ -3.152313869705122, 38.795586997451821 ] ] ], [ [ [ -4.7423351, 39.4542145 ], [ -4.7660431, 39.4348573 ], [ -4.7649664, 39.4257906 ], [ -4.7524807, 39.4273028 ], [ -4.7541423, 39.4175921 ], [ -4.7744812, 39.398788 ], [ -4.8094938, 39.3983301 ], [ -4.8434244, 39.3815064 ], [ -4.8600995, 39.3811959 ], [ -4.8697091, 39.3701934 ], [ -4.8994913, 39.3760544 ], [ -4.9395183, 39.3970004 ], [ -4.9069856, 39.4955723 ], [ -4.8618943, 39.5580277 ], [ -4.7612432, 39.5159169 ], [ -4.741621, 39.4894282 ], [ -4.7487214, 39.4702293 ], [ -4.7423351, 39.4542145 ] ] ] ] } },
{ "type": "Feature", "properties": { "COD_PROV": "14" }, "geometry": { "type": "MultiPolygon", "coordinates": [ [ [ [ -5.0299798, 37.6433933 ], [ -5.0324054, 37.6226042 ], [ -5.0169367, 37.5939776 ], [ -5.0297959, 37.612474 ], [ -5.0466986, 37.6100106 ], [ -5.0389136, 37.6277555 ], [ -5.0837632, 37.6456629 ], [ -5.082875, 37.6499762 ], [ -5.0525794, 37.6442441 ], [ -5.0455838, 37.6338132 ], [ -5.0299798, 37.6433933 ] ] ], [ [ [ -5.252432, 37.637920799999989 ], [ -5.3222893, 37.6159292 ], [ -5.350659, 37.5861613 ], [ -5.3570989, 37.5874831 ], [ -5.3584034, 37.606922 ], [ -5.3802467, 37.6130982 ], [ -5.4131941, 37.6479421 ], [ -5.3925472, 37.6586077 ], [ -5.4112911, 37.665832 ], [ -5.4042948, 37.6938651 ], [ -5.3870509, 37.6996675 ], [ -5.3829507, 37.6831864 ], [ -5.3739302, 37.6797921 ], [ -5.3603941, 37.6998722 ], [ -5.343636, 37.7072158 ], [ -5.3258983, 37.6934924 ], [ -5.3184399, 37.7030733 ], [ -5.306402, 37.7011101 ], [ -5.3036036, 37.7323362 ], [ -5.3172785, 37.7611496 ], [ -5.3088333, 37.7761025 ], [ -5.3281916, 37.7801286 ], [ -5.3487151, 37.7961386 ], [ -5.3382047, 37.8333842 ], [ -5.3435996, 37.8419362 ], [ -5.4137378, 37.8717057 ], [ -5.4208637, 37.8907529 ], [ -5.4125073, 37.9033148 ], [ -5.420877, 37.9203004 ], [ -5.4154317, 37.9304794 ], [ -5.4229775, 37.9288458 ], [ -5.4144117, 37.9455488 ], [ -5.4730974, 37.9772274 ], [ -5.4919564, 37.9976357 ], [ -5.4878449, 38.0299364 ], [ -5.4943577, 38.0442691 ], [ -5.5383796, 38.0840263 ], [ -5.5375859, 38.0956869 ], [ -5.5804899, 38.1173487 ], [ -5.584447, 38.1422292 ], [ -5.5377006, 38.1635341 ], [ -5.5377438, 38.201611 ], [ -5.5196259, 38.2126339 ], [ -5.5247608, 38.2660006 ], [ -5.5432022, 38.2842086 ], [ -5.5548426, 38.3201405 ], [ -5.5744234, 38.331462 ], [ -5.5584088, 38.3694841 ], [ -5.5838703, 38.3877201 ], [ -5.5832968, 38.4021575 ], [ -5.571851, 38.4287472 ], [ -5.5515958, 38.4474978 ], [ -5.5185125, 38.465108199999989 ], [ -5.5027339, 38.4585368 ], [ -5.4899392, 38.4683436 ], [ -5.4832551, 38.4652672 ], [ -5.4782884, 38.486555 ], [ -5.409226, 38.521822 ], [ -5.4148223, 38.5320882 ], [ -5.4024106, 38.5379469 ], [ -5.4059674, 38.545189 ], [ -5.383471, 38.5410908 ], [ -5.3916071, 38.554657 ], [ -5.3821891, 38.5592558 ], [ -5.3848074, 38.5686885 ], [ -5.3744802, 38.5701432 ], [ -5.370542, 38.5854504 ], [ -5.3084096, 38.579206 ], [ -5.3085683, 38.5959874 ], [ -5.2920637, 38.6109538 ], [ -5.243791, 38.6339653 ], [ -5.2462504, 38.6417234 ], [ -5.2363377, 38.6395707 ], [ -5.2211753, 38.6508073 ], [ -5.2227294, 38.6583353 ], [ -5.2135346, 38.650445399999988 ], [ -5.2068086, 38.6697759 ], [ -5.198216, 38.6582693 ], [ -5.1964497, 38.6689067 ], [ -5.1837598, 38.6612969 ], [ -5.1778601, 38.6676044 ], [ -5.184553, 38.6760507 ], [ -5.1665486, 38.683529299999989 ], [ -5.1832936, 38.7215766 ], [ -5.1653962, 38.7135469 ], [ -5.1172115, 38.7179072 ], [ -5.0995785, 38.7096034 ], [ -5.0457356, 38.730967 ], [ -5.0234824, 38.7283163 ], [ -5.0008065, 38.7100548 ], [ -5.0033853, 38.6969734 ], [ -4.934993, 38.6832409 ], [ -4.8757512, 38.6879713 ], [ -4.8676614, 38.6828126 ], [ -4.8589518, 38.6158572 ], [ -4.8175951, 38.5977277 ], [ -4.786324, 38.5989302 ], [ -4.7321842, 38.5765212 ], [ -4.7061429, 38.5738231 ], [ -4.7018396, 38.5544132 ], [ -4.6660057, 38.5496488 ], [ -4.6210406, 38.5253444 ], [ -4.6073578, 38.4965814 ], [ -4.5924632, 38.4882579 ], [ -4.5848059, 38.4946078 ], [ -4.5645485, 38.4926555 ], [ -4.5571562, 38.4784344 ], [ -4.5402578, 38.4837746 ], [ -4.5332652, 38.4713856 ], [ -4.51206, 38.465939 ], [ -4.4517538, 38.402748 ], [ -4.4339386, 38.4041107 ], [ -4.4052128, 38.385004699999989 ], [ -4.3874734, 38.3877478 ], [ -4.3307592, 38.3625417 ], [ -4.3207821, 38.3646287 ], [ -4.2860901, 38.3446364 ], [ -4.2751446, 38.3527681 ], [ -4.2545548, 38.342069 ], [ -4.2362007, 38.3434158 ], [ -4.2375196, 38.3173405 ], [ -4.2263182, 38.3029124 ], [ -4.208976, 38.3033262 ], [ -4.213544, 38.2713596 ], [ -4.2071667, 38.2686768 ], [ -4.2152668, 38.2485048 ], [ -4.1946719, 38.2393353 ], [ -4.1994935, 38.214945 ], [ -4.1674817, 38.1838773 ], [ -4.1601179, 38.1464793 ], [ -4.1923737, 38.1292752 ], [ -4.2024603, 38.1098496 ], [ -4.2169421, 38.1123338 ], [ -4.2208671, 38.1048663 ], [ -4.2131673, 38.0910024 ], [ -4.2266602, 38.0932168 ], [ -4.2206586, 38.0848078 ], [ -4.231343, 38.0848033 ], [ -4.2256026, 38.0817907 ], [ -4.2337006, 38.0656444 ], [ -4.2456684, 38.0716212 ], [ -4.2510899, 38.0639651 ], [ -4.2492767, 38.049826599999989 ], [ -4.2405705, 38.0553094 ], [ -4.2393918, 38.0482471 ], [ -4.2677009, 38.0416366 ], [ -4.2587174, 38.0241028 ], [ -4.2810118, 38.0246844 ], [ -4.2832104, 38.0057063 ], [ -4.2630752, 37.9753189 ], [ -4.2576337, 37.9366491 ], [ -4.261155, 37.9169473 ], [ -4.2735709, 37.9046636 ], [ -4.2854987, 37.798411 ], [ -4.2053387, 37.7806022 ], [ -4.2066331, 37.7715142 ], [ -4.2232742, 37.7636733 ], [ -4.2372426, 37.7216717 ], [ -4.1822703, 37.7089053 ], [ -4.1631298, 37.6833723 ], [ -4.2268652, 37.6414023 ], [ -4.2199434, 37.624296 ], [ -4.2072335, 37.6126479 ], [ -4.1864105, 37.618419 ], [ -4.1725987, 37.6119522 ], [ -4.1619054, 37.6011776 ], [ -4.1691714, 37.5906057 ], [ -4.1604814, 37.5911787 ], [ -4.1587794, 37.5763774 ], [ -4.1188709, 37.5550859 ], [ -4.1210731, 37.5487023 ], [ -4.1128915, 37.5488782 ], [ -4.1079444, 37.5351177 ], [ -4.0963296, 37.5295394 ], [ -4.0968174, 37.5134012 ], [ -4.0585327, 37.5073399 ], [ -4.0861048, 37.4878012 ], [ -4.0715033, 37.4752089 ], [ -4.0468984, 37.4698413 ], [ -3.9995779, 37.4039575 ], [ -4.0847022, 37.4056126 ], [ -4.1259796, 37.3801244 ], [ -4.1568696, 37.3439981 ], [ -4.2027977, 37.3547813 ], [ -4.235183, 37.3377193 ], [ -4.2352728, 37.2990848 ], [ -4.2468929, 37.2709875 ], [ -4.2620177, 37.2622448 ], [ -4.2540755, 37.2314326 ], [ -4.3263853, 37.1861972 ], [ -4.3309775, 37.193024099999988 ], [ -4.3213971, 37.2063896 ], [ -4.3712859, 37.2177202 ], [ -4.3837771, 37.240128 ], [ -4.3762088, 37.2436413 ], [ -4.3784643, 37.2770996 ], [ -4.4053444, 37.2759892 ], [ -4.4167337, 37.2842723 ], [ -4.4322754, 37.2758184 ], [ -4.445596, 37.2781915 ], [ -4.4657368, 37.2529658 ], [ -4.475815, 37.2592315 ], [ -4.4844939, 37.2538503 ], [ -4.4765862, 37.2461612 ], [ -4.4899352, 37.2404508 ], [ -4.4968488, 37.2252045 ], [ -4.4981147, 37.2322188 ], [ -4.5325096, 37.2139859 ], [ -4.5599411, 37.221182 ], [ -4.5749792, 37.2110318 ], [ -4.6010685, 37.2111044 ], [ -4.5952952, 37.2275243 ], [ -4.6131291, 37.2450836 ], [ -4.6125365, 37.2569523 ], [ -4.644099, 37.2487218 ], [ -4.6606111, 37.284949 ], [ -4.6797132, 37.29227 ], [ -4.6735908, 37.3036116 ], [ -4.6593834, 37.2963141 ], [ -4.6646324, 37.3005497 ], [ -4.6574419, 37.3065626 ], [ -4.6828054, 37.3176424 ], [ -4.680255, 37.3252495 ], [ -4.6683193, 37.320867 ], [ -4.678135, 37.3314169 ], [ -4.6706822, 37.3368569 ], [ -4.6837433, 37.3318582 ], [ -4.685848, 37.3432126 ], [ -4.7183841, 37.3601476 ], [ -4.7208843, 37.3489804 ], [ -4.7317242, 37.3446509 ], [ -4.7248386, 37.3436953 ], [ -4.7288661, 37.3371839 ], [ -4.7475016, 37.3327811 ], [ -4.7652486, 37.339694 ], [ -4.7810008, 37.3303718 ], [ -4.8209046, 37.3600638 ], [ -4.8223912, 37.3706307 ], [ -4.813698, 37.3796335 ], [ -4.8247978, 37.3809497 ], [ -4.8485909, 37.4125297 ], [ -4.8364245, 37.4251116 ], [ -4.8389691, 37.4367349 ], [ -4.8835222, 37.4398549 ], [ -4.8741239, 37.4523233 ], [ -4.9033562, 37.4700892 ], [ -4.9089428, 37.4821208 ], [ -4.903736, 37.4917382 ], [ -4.9142174, 37.4867218 ], [ -4.9048036, 37.5017078 ], [ -4.923392, 37.5022542 ], [ -4.932729, 37.5217204 ], [ -4.9477195, 37.5238173 ], [ -4.9308096, 37.5477805 ], [ -4.9364388, 37.5737139 ], [ -4.9290871, 37.577549 ], [ -4.930492, 37.619199 ], [ -4.9389323, 37.6231161 ], [ -4.9640965, 37.6127498 ], [ -4.9727449, 37.6017712 ], [ -4.956947, 37.6235114 ], [ -4.9525523, 37.6543155 ], [ -4.9814792, 37.6781654 ], [ -4.9986091, 37.7084635 ], [ -5.0465358, 37.7200577 ], [ -5.0713729, 37.7095671 ], [ -5.0878407, 37.6965333 ], [ -5.090297, 37.6818201 ], [ -5.0694204, 37.662569 ], [ -5.0966697, 37.6721628 ], [ -5.092244, 37.6768657 ], [ -5.1069761, 37.7022307 ], [ -5.1285028, 37.7006189 ], [ -5.1120179, 37.6900477 ], [ -5.1067121, 37.6644505 ], [ -5.132853, 37.6703591 ], [ -5.148847, 37.6627889 ], [ -5.1755621, 37.6824486 ], [ -5.252432, 37.637920799999989 ] ], [ [ -4.751853, 38.5039141 ], [ -4.73128, 38.5082217 ], [ -4.7596909, 38.4994262 ], [ -4.751853, 38.5039141 ] ] ] ] } },
{ "type": "Feature", "properties": { "COD_PROV": "15" }, "geometry": { "type": "MultiPolygon", "coordinates": [ [ [ [ -9.0170882, 42.4704714 ], [ -9.0134921, 42.4873307 ], [ -8.9985972, 42.4716411 ], [ -9.0084618, 42.4653447 ], [ -9.0170882, 42.4704714 ] ] ], [ [ [ -9.0046147, 42.4987432 ], [ -9.0065823, 42.5028902 ], [ -9.0023068, 42.5019448 ], [ -9.0046147, 42.4987432 ] ] ], [ [ [ -9.0496902, 42.5113796 ], [ -9.0454702, 42.5129084 ], [ -9.0473059, 42.5091205 ], [ -9.0496902, 42.5113796 ] ] ], [ [ [ -8.843619, 42.6888954 ], [ -8.8387837, 42.662759 ], [ -8.8509925, 42.6670314 ], [ -8.8594701, 42.6491697 ], [ -8.8363848, 42.6361546 ], [ -8.8571973, 42.6286525 ], [ -8.8551083, 42.6083818 ], [ -8.8863202, 42.6124114 ], [ -8.8868105, 42.622755 ], [ -8.8726354, 42.6341353 ], [ -8.9014422, 42.6442789 ], [ -8.9019058, 42.6342546 ], [ -8.9364223, 42.6099971 ], [ -8.9188739, 42.588961 ], [ -8.9497135, 42.5867278 ], [ -8.9614797, 42.5705327 ], [ -8.9896537, 42.5656374 ], [ -8.9822783, 42.545995499999989 ], [ -9.0093274, 42.5268869 ], [ -9.0049733, 42.5156474 ], [ -9.0123654, 42.5250701 ], [ -9.0407403, 42.5191082 ], [ -9.0401454, 42.5382511 ], [ -9.0288168, 42.551272 ], [ -9.0482526, 42.5751867 ], [ -9.0668456, 42.5778907 ], [ -9.0722095, 42.568559 ], [ -9.0878712, 42.5726841 ], [ -9.090122, 42.5801422 ], [ -9.0752824, 42.5869752 ], [ -9.0804276, 42.5963863 ], [ -9.063888, 42.6017022 ], [ -9.0616596, 42.6212471 ], [ -9.0371177, 42.6436733 ], [ -9.0416499, 42.6649754 ], [ -9.0299521, 42.6781682 ], [ -9.0321921, 42.6974679 ], [ -9.022704, 42.7101128 ], [ -9.0096517, 42.7124662 ], [ -9.0070404, 42.729245399999989 ], [ -8.9951492, 42.7296373 ], [ -8.9863391, 42.744494 ], [ -8.9567426, 42.7477531 ], [ -8.9395537, 42.7757443 ], [ -8.9151262, 42.7923611 ], [ -8.8892152, 42.7823506 ], [ -8.9002489, 42.8041304 ], [ -8.8953802, 42.8178228 ], [ -8.8772208, 42.818453 ], [ -8.8746542, 42.8303072 ], [ -8.8872196, 42.8184157 ], [ -8.8947795, 42.828324 ], [ -8.9042731, 42.8309191 ], [ -8.8982804, 42.8278449 ], [ -8.9061517, 42.804879899999989 ], [ -8.92221, 42.7993301 ], [ -8.930081, 42.8092649 ], [ -8.9612894, 42.7806701 ], [ -8.9731666, 42.7931998 ], [ -8.9807796, 42.7802803 ], [ -9.0137832, 42.7840252 ], [ -9.0105918, 42.7978506 ], [ -9.0193041, 42.8025926 ], [ -9.040229, 42.7896608 ], [ -9.062689, 42.7888746 ], [ -9.0468663, 42.7712779 ], [ -9.0753042, 42.7590103 ], [ -9.0750449, 42.744405 ], [ -9.0886077, 42.7408663 ], [ -9.1006305, 42.7578023 ], [ -9.1136489, 42.7561603 ], [ -9.1333552, 42.7931986 ], [ -9.1498426, 42.8000776 ], [ -9.1124146, 42.8120893 ], [ -9.104339, 42.8256471 ], [ -9.1088226, 42.8426731 ], [ -9.1370543, 42.8521479 ], [ -9.1491708, 42.8735658 ], [ -9.1455552, 42.8859212 ], [ -9.1395095, 42.8845815 ], [ -9.1417849, 42.8984563 ], [ -9.1242578, 42.9073849 ], [ -9.160905, 42.913970899999988 ], [ -9.1723926, 42.9457465 ], [ -9.1897194, 42.9592799 ], [ -9.1819329, 42.9181269 ], [ -9.208094, 42.9183793 ], [ -9.2170131, 42.9440059 ], [ -9.2319608, 42.9425514 ], [ -9.23236, 42.9285859 ], [ -9.2619359, 42.9208163 ], [ -9.2567139, 42.9104026 ], [ -9.271867, 42.8818179 ], [ -9.2806957, 42.8959141 ], [ -9.2743975, 42.9126967 ], [ -9.2969345, 42.9249563 ], [ -9.2914288, 42.9414374 ], [ -9.2808845, 42.945563 ], [ -9.2828308, 42.9573038 ], [ -9.2613195, 42.9729147 ], [ -9.2560222, 43.0044488 ], [ -9.2782045, 43.0166414 ], [ -9.2822997, 43.0381906 ], [ -9.2969309, 43.0583031 ], [ -9.2763501, 43.0461246 ], [ -9.2614684, 43.0503832 ], [ -9.2481028, 43.0739887 ], [ -9.2552195, 43.0941385 ], [ -9.2420039, 43.0869164 ], [ -9.23552, 43.0931926 ], [ -9.2198432, 43.0906117 ], [ -9.218256, 43.1157308 ], [ -9.2120885, 43.1038786 ], [ -9.196943, 43.1057129 ], [ -9.1873378, 43.0918773 ], [ -9.1824292, 43.1051761 ], [ -9.1655089, 43.1067227 ], [ -9.1567012, 43.1279754 ], [ -9.1667058, 43.1348074 ], [ -9.1643044, 43.1552358 ], [ -9.1833843, 43.1258109 ], [ -9.2016951, 43.1301719 ], [ -9.2128763, 43.1635155 ], [ -9.1983027, 43.1562273 ], [ -9.1788469, 43.1695512 ], [ -9.1724645, 43.1919339 ], [ -9.1574771, 43.1847136 ], [ -9.1477116, 43.1890045 ], [ -9.1492066, 43.1973685 ], [ -9.1345153, 43.1935694 ], [ -9.1293943, 43.2010097 ], [ -9.1098727, 43.1877988 ], [ -9.0888823, 43.1924495 ], [ -9.0913611, 43.1821565 ], [ -9.0591331, 43.1859981 ], [ -9.0385674, 43.1975849 ], [ -9.0325727, 43.2174641 ], [ -9.0212036, 43.2162537 ], [ -9.0093436, 43.2265395 ], [ -9.0115724, 43.2356572 ], [ -8.9913889, 43.2184549 ], [ -8.9791207, 43.2311614 ], [ -8.9419451, 43.2287958 ], [ -8.9372961, 43.2380651 ], [ -8.9523513, 43.2517728 ], [ -8.9510082, 43.265247099999989 ], [ -8.9748784, 43.2648535 ], [ -8.9899065, 43.276999 ], [ -8.9569418, 43.2967949 ], [ -8.9243517, 43.2846028 ], [ -8.9260798, 43.2939929 ], [ -8.903478, 43.2969127 ], [ -8.9101247, 43.3234471 ], [ -8.8742785, 43.3148666 ], [ -8.8689528, 43.3252061 ], [ -8.8451591, 43.3207576 ], [ -8.8474624, 43.3393071 ], [ -8.8375014, 43.3485861 ], [ -8.8275076, 43.3422645 ], [ -8.8254314, 43.3297511 ], [ -8.8048922, 43.3279915 ], [ -8.8014747, 43.3146711 ], [ -8.7839421, 43.3054518 ], [ -8.6987897, 43.2918798 ], [ -8.6061743, 43.323399 ], [ -8.5444284, 43.3139756 ], [ -8.5017741, 43.3330643 ], [ -8.4926002, 43.3618549 ], [ -8.4857981, 43.362632499999989 ], [ -8.484032, 43.3544186 ], [ -8.4559678, 43.3613012 ], [ -8.4561324, 43.3713674 ], [ -8.43861, 43.3836261 ], [ -8.4085731, 43.3706709 ], [ -8.4028208, 43.3774421 ], [ -8.410296, 43.3868101 ], [ -8.3995539, 43.391902 ], [ -8.3903871, 43.387376 ], [ -8.3958921, 43.383073 ], [ -8.3854002, 43.3674916 ], [ -8.3970078, 43.3717506 ], [ -8.4027904, 43.3632397 ], [ -8.394997, 43.3653725 ], [ -8.3857593, 43.3552682 ], [ -8.3839789, 43.3413087 ], [ -8.3592069, 43.3436262 ], [ -8.3481663, 43.3471152 ], [ -8.3501279, 43.3583211 ], [ -8.3366762, 43.3734366 ], [ -8.3367125, 43.3819871 ], [ -8.3539992, 43.3833289 ], [ -8.3416599, 43.3934584 ], [ -8.3485224, 43.3987632 ], [ -8.3048158, 43.4066394 ], [ -8.2940436, 43.3867835 ], [ -8.2663396, 43.3865809 ], [ -8.2482267, 43.3659733 ], [ -8.2535409, 43.356231199999989 ], [ -8.2471758, 43.3495305 ], [ -8.2086322, 43.3296014 ], [ -8.2116642, 43.3425248 ], [ -8.1999854, 43.3372148 ], [ -8.219037, 43.3552665 ], [ -8.207366, 43.3667744 ], [ -8.21695, 43.3693157 ], [ -8.2135854, 43.379706899999988 ], [ -8.2216275, 43.3888281 ], [ -8.2046458, 43.4113085 ], [ -8.1725557, 43.4136687 ], [ -8.1716093, 43.4211021 ], [ -8.1953458, 43.4285755 ], [ -8.2134133, 43.4207825 ], [ -8.2369357, 43.4318664 ], [ -8.2426875, 43.419539 ], [ -8.2774952, 43.4388751 ], [ -8.3156601, 43.4467882 ], [ -8.3028521, 43.4502288 ], [ -8.3104655, 43.4568681 ], [ -8.2691088, 43.4658648 ], [ -8.2655187, 43.4578469 ], [ -8.2537496, 43.4684724 ], [ -8.2254471, 43.4600588 ], [ -8.1926956, 43.4656594 ], [ -8.167736, 43.4813687 ], [ -8.1658509, 43.5003957 ], [ -8.1513002, 43.5059687 ], [ -8.1591929, 43.504253 ], [ -8.1501892, 43.5184703 ], [ -8.1716523, 43.5152933 ], [ -8.163894, 43.5112141 ], [ -8.1726673, 43.5056231 ], [ -8.1663542, 43.4991146 ], [ -8.1990612, 43.4896758 ], [ -8.1915634, 43.4825651 ], [ -8.2051726, 43.4785126 ], [ -8.2182341, 43.4850387 ], [ -8.2321821, 43.4733435 ], [ -8.2302103, 43.4832747 ], [ -8.2388175, 43.4757396 ], [ -8.2471818, 43.4795326 ], [ -8.245852, 43.4952663 ], [ -8.2586224, 43.4885481 ], [ -8.2646338, 43.4698328 ], [ -8.2985859, 43.4627518 ], [ -8.3153073, 43.4724528 ], [ -8.3394194, 43.4605037 ], [ -8.346483, 43.4651971 ], [ -8.3209062, 43.4909867 ], [ -8.3184662, 43.5041454 ], [ -8.3293789, 43.508964 ], [ -8.322792, 43.5272679 ], [ -8.3036142, 43.5264146 ], [ -8.2957726, 43.5333508 ], [ -8.3021085, 43.5488469 ], [ -8.3227317, 43.5568797 ], [ -8.3205235, 43.5670653 ], [ -8.3067074, 43.5704465 ], [ -8.2948769, 43.5579687 ], [ -8.2567632, 43.5608127 ], [ -8.2139081, 43.5848813 ], [ -8.2144172, 43.5943386 ], [ -8.1995256, 43.6054896 ], [ -8.1904121, 43.6042478 ], [ -8.1954335, 43.6142002 ], [ -8.1876088, 43.615133199999988 ], [ -8.1869221, 43.6231231 ], [ -8.1713588, 43.6141976 ], [ -8.1494721, 43.618626 ], [ -8.1214226, 43.6457544 ], [ -8.1110362, 43.6419894 ], [ -8.1082394, 43.6509455 ], [ -8.0992179, 43.6492422 ], [ -8.0918508, 43.6682346 ], [ -8.0831136, 43.6469005 ], [ -8.0530758, 43.6504498 ], [ -8.0544178, 43.6624282 ], [ -8.0692187, 43.6569267 ], [ -8.0745357, 43.6620382 ], [ -8.0737686, 43.684083099999988 ], [ -8.0651017, 43.6841338 ], [ -8.0612978, 43.7065498 ], [ -8.0306532, 43.7156651 ], [ -8.0017285, 43.7063683 ], [ -7.9526412, 43.7292815 ], [ -7.9457727, 43.7364665 ], [ -7.9497082, 43.7432276 ], [ -7.9212324, 43.7450088 ], [ -7.9028452, 43.7711513 ], [ -7.8872749, 43.7650145 ], [ -7.8668878, 43.7753758 ], [ -7.8582905, 43.7648128 ], [ -7.863085, 43.7374209 ], [ -7.8704097, 43.7349646 ], [ -7.8546145, 43.7268073 ], [ -7.8483271, 43.7121475 ], [ -7.8618807, 43.7127689 ], [ -7.8747975, 43.7252541 ], [ -7.8678901, 43.7088214 ], [ -7.8782489, 43.702364 ], [ -7.8760111, 43.6897858 ], [ -7.8891817, 43.691706 ], [ -7.8898374, 43.6861985 ], [ -7.8699512, 43.682221 ], [ -7.8709958, 43.6733821 ], [ -7.8854247, 43.6795336 ], [ -7.9030394, 43.6733142 ], [ -7.8724442, 43.6634062 ], [ -7.8480384, 43.6753844 ], [ -7.8411306, 43.671548 ], [ -7.859268, 43.6846405 ], [ -7.8662496, 43.7006823 ], [ -7.8344531, 43.7058496 ], [ -7.8277892, 43.7036928 ], [ -7.8413876, 43.6956639 ], [ -7.805256, 43.696742 ], [ -7.8283678, 43.7105749 ], [ -7.8233568, 43.7174038 ], [ -7.8056997, 43.7176261 ], [ -7.8121025, 43.7282772 ], [ -7.7967575, 43.7242312 ], [ -7.7915257, 43.7376764 ], [ -7.7758884, 43.7351196 ], [ -7.7486989, 43.7486139 ], [ -7.7233643, 43.7509714 ], [ -7.7135653, 43.7582301 ], [ -7.7153816, 43.7664711 ], [ -7.6858903, 43.7778962 ], [ -7.6864524, 43.7919003 ], [ -7.6602857, 43.778892 ], [ -7.6872986, 43.7579511 ], [ -7.6870561, 43.7432615 ], [ -7.7003671, 43.7377088 ], [ -7.6922174, 43.7179771 ], [ -7.706026, 43.7126733 ], [ -7.6973588, 43.6975546 ], [ -7.7013578, 43.6882522 ], [ -7.7180629, 43.6892813 ], [ -7.6897783, 43.6565698 ], [ -7.7000823, 43.645939 ], [ -7.7158782, 43.6473829 ], [ -7.717073, 43.6352699 ], [ -7.7342443, 43.6231899 ], [ -7.721091, 43.6100145 ], [ -7.7291231, 43.6046938 ], [ -7.7196311, 43.6008725 ], [ -7.7165645, 43.5859115 ], [ -7.7475227, 43.5795688 ], [ -7.742575, 43.5720858 ], [ -7.7589308, 43.550105 ], [ -7.7467378, 43.5437963 ], [ -7.7538207, 43.5339416 ], [ -7.7431373, 43.5318375 ], [ -7.748305, 43.5215508 ], [ -7.7432316, 43.5139745 ], [ -7.7570276, 43.5110312 ], [ -7.7788494, 43.4508085 ], [ -7.8060439, 43.4392427 ], [ -7.8041427, 43.4285111 ], [ -7.8218369, 43.4026472 ], [ -7.8684278, 43.4100932 ], [ -7.8897666, 43.4002961 ], [ -7.896982, 43.3916395 ], [ -7.8843412, 43.3773806 ], [ -7.880392, 43.3543509 ], [ -7.8865809, 43.3381878 ], [ -7.9458894, 43.2879268 ], [ -7.920631, 43.2713652 ], [ -7.9601698, 43.1917439 ], [ -7.9490255, 43.1791739 ], [ -7.9358571, 43.1137094 ], [ -7.9156106, 43.0901773 ], [ -7.9417692, 43.0695288 ], [ -7.9040987, 42.9873009 ], [ -7.9150908, 42.934207 ], [ -7.9421098, 42.9192581 ], [ -7.934298, 42.9053631 ], [ -7.9549643, 42.8863727 ], [ -7.976679, 42.8793347 ], [ -7.9938781, 42.8525294 ], [ -8.0230977, 42.8490676 ], [ -8.0447235, 42.8333949 ], [ -8.061926, 42.8380804 ], [ -8.0590908, 42.8449946 ], [ -8.0705747, 42.8543433 ], [ -8.0876469, 42.8555645 ], [ -8.1151609, 42.8430737 ], [ -8.1189545, 42.8522496 ], [ -8.1368557, 42.8448906 ], [ -8.1825108, 42.86193 ], [ -8.2021506, 42.8462108 ], [ -8.2195966, 42.846208 ], [ -8.2047921, 42.834134 ], [ -8.209187, 42.8256062 ], [ -8.2351403, 42.8347187 ], [ -8.245433, 42.8297367 ], [ -8.2540273, 42.8383272 ], [ -8.2756792, 42.823555 ], [ -8.2782727, 42.8128122 ], [ -8.2983879, 42.8208184 ], [ -8.2922478, 42.8315291 ], [ -8.3091248, 42.8323576 ], [ -8.3142939, 42.8478151 ], [ -8.3248345, 42.8331198 ], [ -8.3285486, 42.8439998 ], [ -8.3382989, 42.8425822 ], [ -8.3448387, 42.8341741 ], [ -8.3292454, 42.8292315 ], [ -8.3308834, 42.7961443 ], [ -8.3531724, 42.7807764 ], [ -8.391075, 42.791084399999988 ], [ -8.3902447, 42.7785935 ], [ -8.398927, 42.7823047 ], [ -8.4142937, 42.7661296 ], [ -8.4058093, 42.7561254 ], [ -8.468697, 42.7455857 ], [ -8.4920178, 42.7583214 ], [ -8.532322, 42.7538268 ], [ -8.5553456, 42.7625212 ], [ -8.5534792, 42.7486417 ], [ -8.598738, 42.7450359 ], [ -8.6054446, 42.7170703 ], [ -8.6227722, 42.7161732 ], [ -8.6497528, 42.7310731 ], [ -8.6537999, 42.7224192 ], [ -8.6765086, 42.7137391 ], [ -8.7161808, 42.7082853 ], [ -8.7306636, 42.689833799999988 ], [ -8.7263212, 42.679392799999988 ], [ -8.7437377, 42.6682387 ], [ -8.7463249, 42.652147 ], [ -8.7688024, 42.6549293 ], [ -8.7946023, 42.6382379 ], [ -8.8195536, 42.6466458 ], [ -8.8118446, 42.6677625 ], [ -8.8281492, 42.6684982 ], [ -8.843619, 42.6888954 ] ], [ [ -8.323200950354678, 43.242309048952272 ], [ -8.3232009, 43.242309 ], [ -8.308731, 43.256577 ], [ -8.323200950354678, 43.242309048952272 ] ] ], [ [ [ -8.8341544, 43.3554724 ], [ -8.8308715, 43.3576405 ], [ -8.8302914, 43.354556 ], [ -8.8341544, 43.3554724 ] ] ], [ [ [ -8.8369493, 43.3650344 ], [ -8.8444623, 43.3568262 ], [ -8.8484345, 43.3636073 ], [ -8.8369493, 43.3650344 ] ] ], [ [ [ -8.8346204, 43.3587792 ], [ -8.8320137, 43.3641337 ], [ -8.8291358, 43.3593496 ], [ -8.8346204, 43.3587792 ] ] ], [ [ [ -8.3363628, 43.5122748 ], [ -8.3391282, 43.5136139 ], [ -8.3357176, 43.5135119 ], [ -8.3363628, 43.5122748 ] ] ], [ [ [ -7.8359647, 43.712287 ], [ -7.8317015, 43.7114409 ], [ -7.833563, 43.7094349 ], [ -7.8359647, 43.712287 ] ] ] ] } },
{ "type": "Feature", "properties": { "COD_PROV": "16" }, "geometry": { "type": "Polygon", "coordinates": [ [ [ -2.6336808, 39.3286299 ], [ -2.7409642, 39.3200256 ], [ -2.7707958, 39.3714666 ], [ -2.7747433, 39.3966312 ], [ -2.791832, 39.3996056 ], [ -2.8117892, 39.3842735 ], [ -2.8269123, 39.3587514 ], [ -2.8443863, 39.3511704 ], [ -2.8596175, 39.349080699999988 ], [ -2.8634055, 39.3586986 ], [ -2.8810936, 39.352754 ], [ -2.8918522, 39.360587 ], [ -2.8952757, 39.3686435 ], [ -2.8852403, 39.3861713 ], [ -2.8693087, 39.386269899999988 ], [ -2.868878, 39.3929824 ], [ -2.8846364, 39.407481 ], [ -2.8883853, 39.4237941 ], [ -2.8987904, 39.4268757 ], [ -2.8961341, 39.4319813 ], [ -2.9029603, 39.4360786 ], [ -2.9021817, 39.4280866 ], [ -2.9130076, 39.4488535 ], [ -2.9305282, 39.4546969 ], [ -2.926418, 39.472634 ], [ -2.933336, 39.4840816 ], [ -2.933795, 39.5274762 ], [ -2.9193634, 39.5610144 ], [ -2.9242293, 39.6036737 ], [ -2.9124616, 39.6156042 ], [ -2.9165743, 39.624933 ], [ -2.9069477, 39.6442079 ], [ -2.9964646, 39.7207425 ], [ -3.0142441, 39.7666205 ], [ -3.0392545, 39.7894555 ], [ -3.0583924, 39.8393465 ], [ -3.0750088, 39.857582199999989 ], [ -3.0949836, 39.870981199999989 ], [ -3.1259454, 39.8765577 ], [ -3.1055948, 39.9050129 ], [ -3.0957747, 39.9353398 ], [ -3.0953104, 39.9888137 ], [ -3.1412807, 39.9868381 ], [ -3.1689502, 40.0500131 ], [ -3.1600914, 40.0670005 ], [ -3.1165799, 40.0635668 ], [ -3.08737, 40.072368499999989 ], [ -3.0594639, 40.0922413 ], [ -3.0520333, 40.1009673 ], [ -3.0552358, 40.115049 ], [ -3.0763596, 40.1368656 ], [ -3.0927048, 40.1406743 ], [ -3.0966468, 40.1553567 ], [ -3.0869478, 40.1646527 ], [ -3.0665445, 40.1593956 ], [ -3.0624798, 40.1701277 ], [ -3.0152288, 40.1543318 ], [ -3.0112288, 40.1760649 ], [ -3.0184807, 40.1950544 ], [ -3.0048648, 40.2103719 ], [ -2.9456933, 40.1714832 ], [ -2.9118264, 40.1590405 ], [ -2.8724467, 40.1754462 ], [ -2.8618341, 40.2019839 ], [ -2.8202378, 40.2070538 ], [ -2.8013355, 40.2658994 ], [ -2.8156358, 40.3656645 ], [ -2.8060183, 40.4091266 ], [ -2.7984036, 40.4251695 ], [ -2.78539, 40.4286681 ], [ -2.7796506, 40.4460449 ], [ -2.7586459, 40.4435423 ], [ -2.7685735, 40.4232752 ], [ -2.7587273, 40.4142094 ], [ -2.7216031, 40.3989906 ], [ -2.7267302, 40.4132992 ], [ -2.7155379, 40.4093082 ], [ -2.7106902, 40.4157377 ], [ -2.716134, 40.4216972 ], [ -2.7031633, 40.4172783 ], [ -2.6893711, 40.3970081 ], [ -2.6794724, 40.4045854 ], [ -2.7027193, 40.4244226 ], [ -2.7005192, 40.431444 ], [ -2.6832182, 40.4301169 ], [ -2.6750592, 40.4376534 ], [ -2.6838551, 40.4451638 ], [ -2.6745757, 40.449851 ], [ -2.6620991, 40.4380048 ], [ -2.6407975, 40.4505533 ], [ -2.5973827, 40.445390499999988 ], [ -2.5841941, 40.451957 ], [ -2.5450856, 40.4365478 ], [ -2.5403511, 40.4271231 ], [ -2.5141634, 40.4261517 ], [ -2.503233, 40.4505198 ], [ -2.5206794, 40.468116 ], [ -2.5431529, 40.4765038 ], [ -2.5274252, 40.5002524 ], [ -2.5449651, 40.5208267 ], [ -2.537902, 40.5350975 ], [ -2.5259338, 40.5461468 ], [ -2.5122996, 40.5176388 ], [ -2.4946684, 40.5106824 ], [ -2.447337, 40.5264003 ], [ -2.424921, 40.5425266 ], [ -2.4105161, 40.5274993 ], [ -2.3953925, 40.5353405 ], [ -2.3786971, 40.5454573 ], [ -2.3818995, 40.555494 ], [ -2.415115, 40.5824232 ], [ -2.4111448, 40.6039876 ], [ -2.3974233, 40.615636699999989 ], [ -2.3577221, 40.5987115 ], [ -2.3527496, 40.591026199999988 ], [ -2.358539, 40.5825086 ], [ -2.3421304, 40.5712539 ], [ -2.2963503, 40.5747143 ], [ -2.2847307, 40.5940934 ], [ -2.293472, 40.624777 ], [ -2.273289, 40.6466245 ], [ -2.2125017, 40.6210467 ], [ -2.1884617, 40.632158 ], [ -2.1690271, 40.6317495 ], [ -2.1556214, 40.6605616 ], [ -2.0898855, 40.6482327 ], [ -2.0332252, 40.6028023 ], [ -1.9842078, 40.5873005 ], [ -1.9645858, 40.5938462 ], [ -1.9636248, 40.6132343 ], [ -1.9522057, 40.6018536 ], [ -1.9253874, 40.5959852 ], [ -1.9151699, 40.5846908 ], [ -1.9031676, 40.5483261 ], [ -1.9077516, 40.543136 ], [ -1.8981713, 40.5426228 ], [ -1.8801374, 40.519333599999989 ], [ -1.8864946, 40.5075288 ], [ -1.871557, 40.4748708 ], [ -1.8595097, 40.4666559 ], [ -1.8637018, 40.4565623 ], [ -1.8517325, 40.4253072 ], [ -1.8430394, 40.4208062 ], [ -1.8350665, 40.4292761 ], [ -1.8103563, 40.4018628 ], [ -1.7771148, 40.3939936 ], [ -1.7399911, 40.3514334 ], [ -1.6963549, 40.3231573 ], [ -1.7055176, 40.3154675 ], [ -1.71883, 40.3203736 ], [ -1.7279216, 40.3050236 ], [ -1.7179533, 40.2789677 ], [ -1.7087104, 40.2825389 ], [ -1.6990757, 40.308937 ], [ -1.689023, 40.3115262 ], [ -1.5391596, 40.192668 ], [ -1.5095786, 40.2055791 ], [ -1.4730915, 40.1869054 ], [ -1.4378828, 40.1988764 ], [ -1.4410411, 40.1594597 ], [ -1.4548897, 40.1328182 ], [ -1.406272, 40.1032656 ], [ -1.4189612, 40.0953764 ], [ -1.3818115, 40.0408286 ], [ -1.3755344, 40.0183614 ], [ -1.3344487, 40.0185354 ], [ -1.2467351, 39.9969258 ], [ -1.1638568, 40.0119568 ], [ -1.162179, 40.0019921 ], [ -1.1460204, 39.9904566 ], [ -1.1410641, 39.9737021 ], [ -1.206855, 39.9456648 ], [ -1.2076378, 39.9300208 ], [ -1.194531, 39.9157884 ], [ -1.1986492, 39.8612935 ], [ -1.2136756, 39.810632 ], [ -1.2741131, 39.7388496 ], [ -1.26067, 39.7007641 ], [ -1.2782555, 39.6797468 ], [ -1.3115034, 39.6723434 ], [ -1.3672126, 39.6914747 ], [ -1.4166119, 39.656796 ], [ -1.4607646, 39.578480899999988 ], [ -1.5030464, 39.5657635 ], [ -1.5018701, 39.553889 ], [ -1.5195359, 39.5507199 ], [ -1.5019749, 39.5490166 ], [ -1.5056859, 39.5225048 ], [ -1.4998563, 39.5176882 ], [ -1.5059016, 39.5097218 ], [ -1.4978377, 39.5023114 ], [ -1.5023449, 39.4933595 ], [ -1.5111393, 39.4981296 ], [ -1.5038003, 39.4900164 ], [ -1.5112429, 39.4850946 ], [ -1.5021257, 39.4819028 ], [ -1.5125372, 39.4598182 ], [ -1.527553, 39.4571261 ], [ -1.5171566, 39.4508052 ], [ -1.5233006, 39.4449452 ], [ -1.5142644, 39.4408938 ], [ -1.5195363, 39.4333813 ], [ -1.4950781, 39.4306995 ], [ -1.5038614, 39.4198571 ], [ -1.5543672, 39.4037087 ], [ -1.6255163, 39.3627918 ], [ -1.7379761, 39.3230236 ], [ -1.7613534, 39.3038375 ], [ -1.7685491, 39.2823703 ], [ -1.8438887, 39.287980399999988 ], [ -1.8857754, 39.3066549 ], [ -1.988499, 39.2955439 ], [ -1.9934702, 39.3111951 ], [ -2.0276376, 39.3399308 ], [ -2.0190324, 39.3536898 ], [ -2.0430611, 39.361036399999989 ], [ -2.0949611, 39.3607842 ], [ -2.0723972, 39.3229873 ], [ -2.0757299, 39.3095148 ], [ -2.0496645, 39.2685429 ], [ -2.1671545, 39.2828939 ], [ -2.180555, 39.2711764 ], [ -2.2176338, 39.2633837 ], [ -2.2873839, 39.2285287 ], [ -2.3005373, 39.2654796 ], [ -2.3198983, 39.2856068 ], [ -2.3488444, 39.2800616 ], [ -2.3597989, 39.2484211 ], [ -2.3727853, 39.2346516 ], [ -2.5097543, 39.3440245 ], [ -2.5281529, 39.3294496 ], [ -2.5495624, 39.3253613 ], [ -2.5914343, 39.341051 ], [ -2.617968, 39.342014 ], [ -2.6336808, 39.3286299 ] ] ] } },
{ "type": "Feature", "properties": { "COD_PROV": "17" }, "geometry": { "type": "MultiPolygon", "coordinates": [ [ [ [ 2.5389977, 41.7235838 ], [ 2.5329157, 41.7404504 ], [ 2.5170839, 41.7505146 ], [ 2.5172114, 41.7638938 ], [ 2.4913054, 41.7673359 ], [ 2.4706001, 41.7796247 ], [ 2.4736279, 41.791436399999988 ], [ 2.4572051, 41.7860252 ], [ 2.4279948, 41.8064366 ], [ 2.3557467, 41.8089544 ], [ 2.3452067, 41.8235443 ], [ 2.3463319, 41.8391929 ], [ 2.3274373, 41.8575019 ], [ 2.3337964, 41.8653167 ], [ 2.325253, 41.877265799999989 ], [ 2.3389755, 41.8910028 ], [ 2.35672, 41.883062099999989 ], [ 2.3711139, 41.8873392 ], [ 2.3840567, 41.8733541 ], [ 2.408568, 41.8975607 ], [ 2.444758, 41.8898475 ], [ 2.4826314, 41.9178577 ], [ 2.4721991, 41.9411329 ], [ 2.4436805, 41.9432298 ], [ 2.4429296, 41.961712 ], [ 2.4305539, 41.9707706 ], [ 2.4757668, 41.9711822 ], [ 2.4738061, 41.9771472 ], [ 2.4894762, 41.986504599999989 ], [ 2.4702332, 41.9956716 ], [ 2.4779701, 42.0031252 ], [ 2.5003556, 42.0033568 ], [ 2.5047903, 42.0115157 ], [ 2.4966099, 42.0135209 ], [ 2.4954905, 42.0230553 ], [ 2.5076155, 42.0341106 ], [ 2.4836721, 42.0510878 ], [ 2.497746, 42.0607455 ], [ 2.4918056, 42.069161 ], [ 2.4755644, 42.0654917 ], [ 2.4560585, 42.0797667 ], [ 2.4186554, 42.066707 ], [ 2.3964492, 42.0886141 ], [ 2.4015547, 42.1040037 ], [ 2.3813279, 42.1055589 ], [ 2.3674783, 42.1231877 ], [ 2.3213362, 42.1177556 ], [ 2.2963732, 42.1045181 ], [ 2.3048652, 42.1142695 ], [ 2.301002, 42.1360379 ], [ 2.2930317, 42.1311207 ], [ 2.2714745, 42.1470519 ], [ 2.2593588, 42.1405705 ], [ 2.2165726, 42.1439331 ], [ 2.2070318, 42.1352918 ], [ 2.2133537, 42.1295038 ], [ 2.205268, 42.1336981 ], [ 2.2025177, 42.1261258 ], [ 2.1906065, 42.1265767 ], [ 2.1828062, 42.1370866 ], [ 2.1461468, 42.1332494 ], [ 2.1273713, 42.1149527 ], [ 2.1024947, 42.125571 ], [ 2.1024518, 42.1420285 ], [ 2.0937703, 42.1461431 ], [ 2.0624738, 42.1375133 ], [ 2.0283002, 42.154403699999989 ], [ 2.0054335, 42.1513548 ], [ 1.9929404, 42.1844296 ], [ 1.9673421, 42.1806286 ], [ 1.96666, 42.2009319 ], [ 2.0087506, 42.1959096 ], [ 1.999475, 42.1938957 ], [ 2.0075939, 42.185573 ], [ 1.9969948, 42.1741411 ], [ 2.0062824, 42.1639416 ], [ 2.0242006, 42.1658825 ], [ 2.038472, 42.1808302 ], [ 2.0619641, 42.1797315 ], [ 2.0649989, 42.1934532 ], [ 2.0539601, 42.1975875 ], [ 2.0547477, 42.2213739 ], [ 2.0316369, 42.2177111 ], [ 2.0181609, 42.2345533 ], [ 2.0262477, 42.2350901 ], [ 2.0285244, 42.2551651 ], [ 2.0713493, 42.293436 ], [ 2.0199696, 42.3121525 ], [ 1.9852803, 42.299912 ], [ 1.9501431, 42.3174717 ], [ 1.9446925, 42.3103081 ], [ 1.9407354, 42.3183117 ], [ 1.9045704, 42.3251433 ], [ 1.8440642, 42.3082466 ], [ 1.8346047, 42.3286703 ], [ 1.8412555, 42.3414717 ], [ 1.8366076, 42.3574239 ], [ 1.8460072, 42.3566912 ], [ 1.8565087, 42.3714892 ], [ 1.8314413, 42.3832477 ], [ 1.8074902, 42.371931 ], [ 1.8015002, 42.3798353 ], [ 1.8099484, 42.395657899999989 ], [ 1.8085065, 42.4204603 ], [ 1.7960755, 42.4327033 ], [ 1.7708856, 42.4298855 ], [ 1.7333761, 42.4422226 ], [ 1.727749, 42.4633597 ], [ 1.7345469, 42.4756098 ], [ 1.7257262, 42.4887958 ], [ 1.7485427, 42.4972336 ], [ 1.764294, 42.4893477 ], [ 1.8063474, 42.4920444 ], [ 1.8402981, 42.4808354 ], [ 1.8608027, 42.4648207 ], [ 1.8806392, 42.4625268 ], [ 1.8922508, 42.4498962 ], [ 1.9171087, 42.4480084 ], [ 1.9380517, 42.456317 ], [ 1.9425918, 42.432308 ], [ 1.9600222, 42.4252681 ], [ 1.9658045, 42.38438 ], [ 2.0166389, 42.349219 ], [ 2.0238079, 42.3575274 ], [ 2.085398, 42.3639796 ], [ 2.0904451, 42.375937 ], [ 2.1178374, 42.3851829 ], [ 2.1165608, 42.3961981 ], [ 2.1301761, 42.4156726 ], [ 2.1690184, 42.4268785 ], [ 2.2082367, 42.419021699999988 ], [ 2.2472566, 42.4304261 ], [ 2.2578105, 42.4406346 ], [ 2.2926768, 42.4247396 ], [ 2.3136855, 42.4304717 ], [ 2.3622891, 42.4046689 ], [ 2.4348338, 42.395149 ], [ 2.4369423, 42.3771425 ], [ 2.4676451, 42.362723 ], [ 2.4846632, 42.341706 ], [ 2.5012602, 42.3451311 ], [ 2.5275634, 42.3352566 ], [ 2.5434896, 42.335754 ], [ 2.5560223, 42.3564808 ], [ 2.572646, 42.3603977 ], [ 2.6132784, 42.3479584 ], [ 2.6731077, 42.3425821 ], [ 2.6766988, 42.358976 ], [ 2.6623036, 42.3686753 ], [ 2.6533916, 42.3889042 ], [ 2.6726909, 42.388668 ], [ 2.6734094, 42.4054915 ], [ 2.7353897, 42.426559 ], [ 2.7555241, 42.4278954 ], [ 2.7726379, 42.4139623 ], [ 2.8007801, 42.4200787 ], [ 2.8192141, 42.4417106 ], [ 2.8291723, 42.4412394 ], [ 2.8413393, 42.4610604 ], [ 2.862889, 42.4571124 ], [ 2.8722317, 42.4693699 ], [ 2.9198817, 42.4580434 ], [ 2.9485315, 42.4842434 ], [ 2.9690287, 42.467331 ], [ 2.9906996, 42.4757633 ], [ 3.0146936, 42.4682009 ], [ 3.0351598, 42.4765559 ], [ 3.0873237, 42.4276459 ], [ 3.1226132, 42.440125099999989 ], [ 3.1761529, 42.4372418 ], [ 3.162168, 42.4299777 ], [ 3.171621, 42.4271352 ], [ 3.1719459, 42.4176044 ], [ 3.1571264, 42.4079628 ], [ 3.1677132, 42.4028543 ], [ 3.1549157, 42.3932382 ], [ 3.1684693, 42.391272 ], [ 3.1565307, 42.3806111 ], [ 3.1676397, 42.3728191 ], [ 3.164624, 42.3622618 ], [ 3.1894488, 42.3539179 ], [ 3.1864043, 42.3469155 ], [ 3.1981481, 42.3368022 ], [ 3.2051387, 42.3491144 ], [ 3.2292351, 42.35324 ], [ 3.2400247, 42.3504456 ], [ 3.2515599, 42.3317224 ], [ 3.2647497, 42.342591399999989 ], [ 3.2809575, 42.3386858 ], [ 3.2870097, 42.327379799999989 ], [ 3.2957431, 42.3316158 ], [ 3.3236575, 42.3212441 ], [ 3.2880869, 42.3053943 ], [ 3.2943743, 42.3035178 ], [ 3.2882492, 42.2945221 ], [ 3.3004208, 42.286270699999989 ], [ 3.2777771, 42.2892024 ], [ 3.2887158, 42.2660444 ], [ 3.2827901, 42.2557126 ], [ 3.255934, 42.2550431 ], [ 3.254228, 42.2484756 ], [ 3.2682899, 42.2447795 ], [ 3.2662979, 42.2398482 ], [ 3.231196, 42.2533713 ], [ 3.2307736, 42.2424663 ], [ 3.219693, 42.2344035 ], [ 3.1993342, 42.2483537 ], [ 3.1844769, 42.2469536 ], [ 3.1823247, 42.2598435 ], [ 3.1666867, 42.2664748 ], [ 3.1393408, 42.2518548 ], [ 3.1187391, 42.2239474 ], [ 3.1129062, 42.1827097 ], [ 3.1250508, 42.1306533 ], [ 3.1382183, 42.1283886 ], [ 3.1391234, 42.1175215 ], [ 3.1514354, 42.1218018 ], [ 3.1783114, 42.1133482 ], [ 3.1735071, 42.1049834 ], [ 3.1852336, 42.1053678 ], [ 3.2135031, 42.070547 ], [ 3.2139637, 42.05576 ], [ 3.19947, 42.0501926 ], [ 3.1982669, 42.0058003 ], [ 3.2119018, 41.9747462 ], [ 3.2239052, 41.9759921 ], [ 3.2357852, 41.9641469 ], [ 3.2349537, 41.952330499999988 ], [ 3.2159631, 41.9379977 ], [ 3.2215777, 41.9243707 ], [ 3.2086819, 41.9188072 ], [ 3.2132975, 41.9111306 ], [ 3.2044792, 41.8935535 ], [ 3.185371, 41.8900512 ], [ 3.1792478, 41.8695978 ], [ 3.1463796, 41.8601618 ], [ 3.1465209, 41.851738 ], [ 3.1342116, 41.8441456 ], [ 3.1223264, 41.8430973 ], [ 3.129195, 41.8471964 ], [ 3.1159746, 41.8508292 ], [ 3.0984688, 41.8442475 ], [ 3.0706435, 41.8171646 ], [ 3.0583066, 41.7887523 ], [ 3.0514129, 41.7924306 ], [ 3.045775, 41.7808552 ], [ 3.0308883, 41.7813874 ], [ 3.033298, 41.773375699999988 ], [ 3.0132195, 41.7740468 ], [ 2.9776625, 41.7588316 ], [ 2.9364018, 41.7172054 ], [ 2.8258017, 41.6923331 ], [ 2.8037889, 41.674636899999989 ], [ 2.7948094, 41.675586599999988 ], [ 2.7798338, 41.6506598 ], [ 2.7593304, 41.6809684 ], [ 2.7757543, 41.7020779 ], [ 2.7672984, 41.7275293 ], [ 2.7783212, 41.7373258 ], [ 2.7462108, 41.7368176 ], [ 2.726263, 41.746152099999989 ], [ 2.6912285, 41.7433525 ], [ 2.6904337, 41.748225 ], [ 2.6832066, 41.7500973 ], [ 2.6880366, 41.743151 ], [ 2.6820072, 41.7414332 ], [ 2.6590542, 41.7495295 ], [ 2.6408528, 41.7447195 ], [ 2.6306386, 41.7328273 ], [ 2.5389977, 41.7235838 ] ] ], [ [ [ 2.0039777, 42.1274085 ], [ 2.0328652, 42.1288512 ], [ 2.0089906, 42.1090932 ], [ 2.0039777, 42.1274085 ] ] ], [ [ [ 1.9781299, 42.4880615 ], [ 1.9786714, 42.496104 ], [ 1.9983764, 42.4902644 ], [ 1.9872275, 42.4769065 ], [ 1.9932739, 42.4644071 ], [ 2.0149455, 42.4516929 ], [ 1.9616069, 42.4552973 ], [ 1.9635332, 42.4799352 ], [ 1.9781299, 42.4880615 ] ] ], [ [ [ 3.2258561, 42.0520188 ], [ 3.2243702, 42.0467159 ], [ 3.2204632, 42.0499805 ], [ 3.2258561, 42.0520188 ] ] ] ] } },
{ "type": "Feature", "properties": { "COD_PROV": "18" }, "geometry": { "type": "Polygon", "coordinates": [ [ [ -3.8202582, 36.8512116 ], [ -3.841095, 36.8600719 ], [ -3.8663743, 36.8525436 ], [ -3.8893289, 36.8694112 ], [ -3.9173615, 36.8699474 ], [ -3.9282889, 36.8847446 ], [ -3.9695431, 36.8939167 ], [ -3.9979758, 36.8916982 ], [ -4.0461738, 36.9054527 ], [ -4.0525371, 36.916836 ], [ -4.0907648, 36.9351136 ], [ -4.0986571, 36.9545732 ], [ -4.1654065, 36.9589396 ], [ -4.2141888, 36.9936331 ], [ -4.2301019, 37.0188066 ], [ -4.2506934, 37.0248475 ], [ -4.2712777, 37.0167698 ], [ -4.2858343, 37.121386 ], [ -4.3263853, 37.1861972 ], [ -4.2540755, 37.2314326 ], [ -4.2620177, 37.2622448 ], [ -4.2468929, 37.2709875 ], [ -4.2352728, 37.2990848 ], [ -4.235183, 37.3377193 ], [ -4.2027977, 37.3547813 ], [ -4.1568696, 37.3439981 ], [ -4.1259796, 37.3801244 ], [ -4.0847022, 37.4056126 ], [ -3.9995779, 37.4039575 ], [ -3.9496435, 37.380213 ], [ -3.8422827, 37.3872007 ], [ -3.82417, 37.4042908 ], [ -3.8247719, 37.4159141 ], [ -3.8009625, 37.4552162 ], [ -3.8070366, 37.4617463 ], [ -3.7904695, 37.4680494 ], [ -3.784327, 37.4927591 ], [ -3.7744543, 37.4897428 ], [ -3.7749927, 37.4783456 ], [ -3.7288537, 37.4893851 ], [ -3.6831913, 37.5195095 ], [ -3.6258184, 37.5304014 ], [ -3.5351849, 37.5826744 ], [ -3.5349067, 37.5991956 ], [ -3.5052928, 37.6190852 ], [ -3.459908, 37.6002778 ], [ -3.4356242, 37.5757547 ], [ -3.3980524, 37.565910599999988 ], [ -3.2956813, 37.5898155 ], [ -3.2612339, 37.6410679 ], [ -3.214492, 37.6460463 ], [ -3.1708019, 37.644729 ], [ -3.0904345, 37.5984183 ], [ -3.0566721, 37.6084979 ], [ -3.0503126, 37.620074599999988 ], [ -2.9769223, 37.6046165 ], [ -2.9831508, 37.6161182 ], [ -2.9727341, 37.6247692 ], [ -2.9766634, 37.6358482 ], [ -2.9009434, 37.66757 ], [ -2.8827767, 37.6831831 ], [ -2.9002656, 37.6911591 ], [ -2.9025213, 37.7530375 ], [ -2.8790312, 37.7618121 ], [ -2.8714484, 37.7938912 ], [ -2.8276261, 37.8390363 ], [ -2.8187137, 37.8538044 ], [ -2.8183359, 37.878004 ], [ -2.8049738, 37.8828046 ], [ -2.7838189, 37.9189099 ], [ -2.7730411, 37.9274436 ], [ -2.7658923, 37.9212106 ], [ -2.7418737, 37.9376457 ], [ -2.7215843, 37.9643228 ], [ -2.6929828, 37.9763177 ], [ -2.6692102, 37.9632296 ], [ -2.6044213, 37.999588 ], [ -2.5964307, 38.0090779 ], [ -2.5945715, 38.0550536 ], [ -2.6050341, 38.0637246 ], [ -2.5640946, 38.0854076 ], [ -2.43082, 38.0452015 ], [ -2.4221202, 38.035569 ], [ -2.3717855, 38.0251433 ], [ -2.3403375, 38.0278636 ], [ -2.2971771, 38.0039834 ], [ -2.2755623, 37.9619147 ], [ -2.2521261, 37.9414273 ], [ -2.2063727, 37.9184323 ], [ -2.2494842, 37.8990417 ], [ -2.2640908, 37.8828122 ], [ -2.2872254, 37.8869991 ], [ -2.2936554, 37.8781799 ], [ -2.2880944, 37.8333436 ], [ -2.3002497, 37.8121091 ], [ -2.2922877, 37.794089 ], [ -2.2989216, 37.7915881 ], [ -2.2752306, 37.7787082 ], [ -2.3062319, 37.7251316 ], [ -2.30531, 37.712074 ], [ -2.3119931, 37.7132313 ], [ -2.3220573, 37.6957337 ], [ -2.3186761, 37.6499522 ], [ -2.3075795, 37.6375761 ], [ -2.3145383, 37.6240517 ], [ -2.3441555, 37.6310786 ], [ -2.3624906, 37.623329 ], [ -2.389994, 37.6343439 ], [ -2.3875171, 37.6198647 ], [ -2.374704, 37.6141191 ], [ -2.3666196, 37.5934354 ], [ -2.373656, 37.5796909 ], [ -2.3661819, 37.5649056 ], [ -2.3730235, 37.5592102 ], [ -2.3544537, 37.5488517 ], [ -2.3572354, 37.524153 ], [ -2.3798756, 37.5247783 ], [ -2.3959436, 37.5152453 ], [ -2.4104272, 37.5268022 ], [ -2.4330093, 37.5113363 ], [ -2.4550511, 37.511288 ], [ -2.4562498, 37.492689 ], [ -2.5128845, 37.4813902 ], [ -2.5677091, 37.4476305 ], [ -2.576, 37.430895 ], [ -2.6343573, 37.3960715 ], [ -2.6419232, 37.3778051 ], [ -2.6340221, 37.3673334 ], [ -2.6360264, 37.3451937 ], [ -2.6534839, 37.3421082 ], [ -2.6496057, 37.3141903 ], [ -2.664353, 37.286949 ], [ -2.6588503, 37.2138551 ], [ -2.6912206, 37.2190566 ], [ -2.7317601, 37.2391834 ], [ -2.7387234, 37.2306187 ], [ -2.75777, 37.228574699999989 ], [ -2.7709436, 37.241122 ], [ -2.7777414, 37.2645179 ], [ -2.8136195, 37.2727544 ], [ -2.818102, 37.2801895 ], [ -2.8441241, 37.2810829 ], [ -2.8735331, 37.2336591 ], [ -2.8797256, 37.1889641 ], [ -2.8940402, 37.1689128 ], [ -2.928135, 37.1579044 ], [ -2.9293217, 37.1416627 ], [ -2.9457284, 37.1240654 ], [ -2.9477051, 37.0984123 ], [ -2.9989986, 37.0968379 ], [ -3.0137547, 37.1151445 ], [ -3.0283202, 37.1151166 ], [ -3.0042384, 37.0247964 ], [ -2.9812514, 37.0078282 ], [ -2.9752924, 36.9791978 ], [ -2.9889916, 36.9602075 ], [ -3.0209262, 36.9559411 ], [ -3.0304699, 36.9458879 ], [ -3.0300577, 36.9264448 ], [ -3.0546046, 36.9136974 ], [ -3.0706765, 36.9211428 ], [ -3.0684581, 36.9014924 ], [ -3.0420132, 36.880979499999988 ], [ -3.0277493, 36.8462943 ], [ -3.1389367, 36.7896406 ], [ -3.1274433, 36.7527465 ], [ -3.2108772, 36.7470753 ], [ -3.2494643, 36.7563676 ], [ -3.3036342, 36.7397616 ], [ -3.3371493, 36.740257299999989 ], [ -3.3607468, 36.7180484 ], [ -3.4020401, 36.7087491 ], [ -3.4191119, 36.695951199999989 ], [ -3.466874, 36.6951058 ], [ -3.5259811, 36.7265209 ], [ -3.5207257, 36.7194224 ], [ -3.5658191, 36.7208927 ], [ -3.6010336, 36.74635 ], [ -3.6566331, 36.7483268 ], [ -3.6771445, 36.7317967 ], [ -3.7177658, 36.734263 ], [ -3.7282806, 36.7210181 ], [ -3.7479105, 36.7394947 ], [ -3.7628905, 36.7309258 ], [ -3.7762042, 36.7396205 ], [ -3.7810447, 36.766317 ], [ -3.7657502, 36.786564 ], [ -3.7669085, 36.8038193 ], [ -3.8202582, 36.8512116 ] ], [ [ -4.0737717, 37.2339344 ], [ -4.0625978, 37.2409926 ], [ -4.0719329, 37.2298668 ], [ -4.0737717, 37.2339344 ] ], [ [ -3.317568, 37.3096126 ], [ -3.3175681, 37.3096126 ], [ -3.3314549, 37.3008508 ], [ -3.317568, 37.3096126 ] ] ] } },
{ "type": "Feature", "properties": { "COD_PROV": "19" }, "geometry": { "type": "MultiPolygon", "coordinates": [ [ [ [ -3.1520682, 40.2659504 ], [ -3.1719034, 40.2359044 ], [ -3.1944194, 40.2496165 ], [ -3.1948594, 40.259517699999989 ], [ -3.1822722, 40.2711518 ], [ -3.1812315, 40.3086126 ], [ -3.1402514, 40.3526799 ], [ -3.1520999, 40.3692335 ], [ -3.1375118, 40.3778837 ], [ -3.1429904, 40.3893188 ], [ -3.1343944, 40.3919051 ], [ -3.1291913, 40.4069395 ], [ -3.1547379, 40.4410612 ], [ -3.1974432, 40.4441859 ], [ -3.199379, 40.516559 ], [ -3.2485106, 40.5455994 ], [ -3.2883872, 40.5335783 ], [ -3.295721, 40.5391904 ], [ -3.280551, 40.5542844 ], [ -3.2869539, 40.5601329 ], [ -3.2820718, 40.5733232 ], [ -3.3092945, 40.5814348 ], [ -3.3291851, 40.5992708 ], [ -3.3208407, 40.6140519 ], [ -3.3363343, 40.6272676 ], [ -3.3221211, 40.6320012 ], [ -3.3137082, 40.651106 ], [ -3.3161568, 40.6561527 ], [ -3.3376084, 40.638418 ], [ -3.3641605, 40.6498037 ], [ -3.3715652, 40.6797455 ], [ -3.3920053, 40.694576 ], [ -3.3987458, 40.6935817 ], [ -3.4037284, 40.6719801 ], [ -3.4247388, 40.6845169 ], [ -3.4259526, 40.6744761 ], [ -3.4406357, 40.6761496 ], [ -3.466219, 40.6915891 ], [ -3.432908, 40.7326378 ], [ -3.4497497, 40.7398788 ], [ -3.4421194, 40.7626916 ], [ -3.464592, 40.7861325 ], [ -3.509379, 40.7904928 ], [ -3.4899483, 40.8012802 ], [ -3.4750248, 40.8281231 ], [ -3.4777338, 40.840355 ], [ -3.4691396, 40.8462091 ], [ -3.4754902, 40.853373 ], [ -3.4664607, 40.8583645 ], [ -3.4719513, 40.8662949 ], [ -3.4395861, 40.8779817 ], [ -3.4390494, 40.8938019 ], [ -3.4589324, 40.9004357 ], [ -3.4587982, 40.9102103 ], [ -3.4432656, 40.9100543 ], [ -3.4459262, 40.9242772 ], [ -3.432426, 40.9394288 ], [ -3.4169053, 40.9894536 ], [ -3.3933463, 41.002131 ], [ -3.4370037, 41.0444811 ], [ -3.4245823, 41.0853004 ], [ -3.4472631, 41.0835819 ], [ -3.4743296, 41.0975994 ], [ -3.4868322, 41.0959258 ], [ -3.4983334, 41.1255947 ], [ -3.539271, 41.1523892 ], [ -3.5384958, 41.1668871 ], [ -3.5145994, 41.1643193 ], [ -3.4993965, 41.1809692 ], [ -3.4656365, 41.1851389 ], [ -3.4428752, 41.2172151 ], [ -3.4012066, 41.2154931 ], [ -3.405028, 41.2354772 ], [ -3.3982224, 41.2564188 ], [ -3.4093451, 41.261821 ], [ -3.4138695, 41.2750716 ], [ -3.4085016, 41.2624996 ], [ -3.3350693, 41.2549084 ], [ -3.3214568, 41.2636932 ], [ -3.2888846, 41.2598077 ], [ -3.2698198, 41.2770307 ], [ -3.2578104, 41.2716085 ], [ -3.2535493, 41.2596206 ], [ -3.2376506, 41.2898223 ], [ -3.1984684, 41.3063075 ], [ -3.0606087, 41.2753042 ], [ -3.0167203, 41.2909924 ], [ -3.0046934, 41.2862729 ], [ -2.9488333, 41.294515 ], [ -2.9398914, 41.3158141 ], [ -2.9053674, 41.3295079 ], [ -2.8871233, 41.3271129 ], [ -2.8655437, 41.314949 ], [ -2.8717368, 41.3003804 ], [ -2.8628016, 41.2892286 ], [ -2.865587, 41.2763423 ], [ -2.8209428, 41.2584911 ], [ -2.7742076, 41.251957 ], [ -2.7596415, 41.2758996 ], [ -2.7154673, 41.2775442 ], [ -2.708241, 41.2538552 ], [ -2.6680076, 41.2389734 ], [ -2.6447082, 41.242082 ], [ -2.6278918, 41.2170884 ], [ -2.6225938, 41.2256089 ], [ -2.5881791, 41.2264114 ], [ -2.5918578, 41.2027873 ], [ -2.618702, 41.1972409 ], [ -2.6207599, 41.1898612 ], [ -2.576814, 41.1811507 ], [ -2.5947145, 41.1534143 ], [ -2.5742698, 41.141343 ], [ -2.5405625, 41.1529407 ], [ -2.5352018, 41.164396 ], [ -2.5156285, 41.1483177 ], [ -2.5075404, 41.1207275 ], [ -2.4790885, 41.1154509 ], [ -2.4681545, 41.0799796 ], [ -2.428431, 41.0741594 ], [ -2.4175968, 41.0595768 ], [ -2.3540136, 41.0883255 ], [ -2.3220913, 41.058379 ], [ -2.2922645, 41.0731248 ], [ -2.2622262, 41.0694064 ], [ -2.2308285, 41.098882499999988 ], [ -2.1739788, 41.0856244 ], [ -2.1305345, 41.1199684 ], [ -2.1080969, 41.0994193 ], [ -2.0801384, 41.088221 ], [ -2.070368, 41.0743605 ], [ -2.055112, 41.0715593 ], [ -2.0468571, 41.0802488 ], [ -2.0643001, 41.0976588 ], [ -2.0613979, 41.1149838 ], [ -2.0492672, 41.1277656 ], [ -2.0462941, 41.1545225 ], [ -1.9576915, 41.1743545 ], [ -1.9311208, 41.1404584 ], [ -1.8892432, 41.1351896 ], [ -1.8679245, 41.109777 ], [ -1.8012359, 41.0910783 ], [ -1.7564206, 41.0569422 ], [ -1.7458035, 41.0357656 ], [ -1.6161165, 40.9455985 ], [ -1.6065706, 40.929486 ], [ -1.6246423, 40.9005424 ], [ -1.6189746, 40.8813523 ], [ -1.5874486, 40.8468918 ], [ -1.5691576, 40.8319466 ], [ -1.555428, 40.8306692 ], [ -1.5410011, 40.8130823 ], [ -1.5385752, 40.7625976 ], [ -1.560685, 40.7416161 ], [ -1.5520037, 40.7077463 ], [ -1.5343056, 40.6888843 ], [ -1.5376598, 40.6599567 ], [ -1.5635255, 40.616607699999989 ], [ -1.5441838, 40.5970594 ], [ -1.5974199, 40.5639195 ], [ -1.6767732, 40.5928188 ], [ -1.6919575, 40.5795156 ], [ -1.688312, 40.5683572 ], [ -1.7005659, 40.5400821 ], [ -1.691186, 40.488689 ], [ -1.7472761, 40.4647619 ], [ -1.7841116, 40.4150495 ], [ -1.7993212, 40.4160812 ], [ -1.8050377, 40.4000962 ], [ -1.8350665, 40.4292761 ], [ -1.8430394, 40.4208062 ], [ -1.8551432, 40.4306563 ], [ -1.8637018, 40.4565623 ], [ -1.8595097, 40.4666559 ], [ -1.871557, 40.4748708 ], [ -1.8864946, 40.5075288 ], [ -1.8801374, 40.519333599999989 ], [ -1.8981713, 40.5426228 ], [ -1.9077516, 40.543136 ], [ -1.9031676, 40.5483261 ], [ -1.9223362, 40.5938932 ], [ -1.9522057, 40.6018536 ], [ -1.9636248, 40.6132343 ], [ -1.9645858, 40.5938462 ], [ -1.9842078, 40.5873005 ], [ -2.0332252, 40.6028023 ], [ -2.0898855, 40.6482327 ], [ -2.1556214, 40.6605616 ], [ -2.1690271, 40.6317495 ], [ -2.1884617, 40.632158 ], [ -2.2125017, 40.6210467 ], [ -2.273289, 40.6466245 ], [ -2.293472, 40.624777 ], [ -2.2847307, 40.5940934 ], [ -2.2963503, 40.5747143 ], [ -2.3421304, 40.5712539 ], [ -2.358539, 40.5825086 ], [ -2.3527496, 40.591026199999988 ], [ -2.3577221, 40.5987115 ], [ -2.3974233, 40.615636699999989 ], [ -2.4111448, 40.6039876 ], [ -2.415115, 40.5824232 ], [ -2.3786971, 40.5454573 ], [ -2.4105161, 40.5274993 ], [ -2.424921, 40.5425266 ], [ -2.447337, 40.5264003 ], [ -2.4946684, 40.5106824 ], [ -2.5122996, 40.5176388 ], [ -2.5259338, 40.5461468 ], [ -2.5449651, 40.5208267 ], [ -2.5274252, 40.5002524 ], [ -2.5431529, 40.4765038 ], [ -2.5206794, 40.468116 ], [ -2.503233, 40.4505198 ], [ -2.5141634, 40.4261517 ], [ -2.5403511, 40.4271231 ], [ -2.5450856, 40.4365478 ], [ -2.5841941, 40.451957 ], [ -2.5973827, 40.445390499999988 ], [ -2.6407975, 40.4505533 ], [ -2.6620991, 40.4380048 ], [ -2.6745757, 40.449851 ], [ -2.6838551, 40.4451638 ], [ -2.6750592, 40.4376534 ], [ -2.6832182, 40.4301169 ], [ -2.7005192, 40.431444 ], [ -2.7027193, 40.4244226 ], [ -2.6794724, 40.4045854 ], [ -2.6893711, 40.3970081 ], [ -2.7031633, 40.4172783 ], [ -2.716134, 40.4216972 ], [ -2.7106902, 40.4157377 ], [ -2.7155379, 40.4093082 ], [ -2.7267302, 40.4132992 ], [ -2.7216031, 40.3989906 ], [ -2.7587273, 40.4142094 ], [ -2.7685735, 40.4232752 ], [ -2.7586459, 40.4435423 ], [ -2.7796506, 40.4460449 ], [ -2.78539, 40.4286681 ], [ -2.7984036, 40.4251695 ], [ -2.8060183, 40.4091266 ], [ -2.8156358, 40.3656645 ], [ -2.8013355, 40.2658994 ], [ -2.8202378, 40.2070538 ], [ -2.8618341, 40.2019839 ], [ -2.8724467, 40.1754462 ], [ -2.8862976, 40.1665046 ], [ -2.9118264, 40.1590405 ], [ -2.9335319, 40.1651983 ], [ -2.9968978, 40.2109576 ], [ -3.0184807, 40.1950544 ], [ -3.0112288, 40.1760649 ], [ -3.0152288, 40.1543318 ], [ -3.0624798, 40.1701277 ], [ -3.0665445, 40.1593956 ], [ -3.0772622, 40.1670217 ], [ -3.0841706, 40.1883329 ], [ -3.0870786, 40.2024109 ], [ -3.078041, 40.2109228 ], [ -3.0777992, 40.2258702 ], [ -3.0977746, 40.2623602 ], [ -3.0969607, 40.276956 ], [ -3.1107993, 40.2875043 ], [ -3.1520682, 40.2659504 ] ], [ [ -3.1510242, 40.4625077 ], [ -3.1360869, 40.4659864 ], [ -3.1521358, 40.4585873 ], [ -3.1510242, 40.4625077 ] ] ], [ [ [ -3.3642317, 40.6411551 ], [ -3.3697582, 40.6268248 ], [ -3.380782, 40.6316791 ], [ -3.3721659, 40.6430498 ], [ -3.3642317, 40.6411551 ] ] ] ] } },
{ "type": "Feature", "properties": { "COD_PROV": "20" }, "geometry": { "type": "MultiPolygon", "coordinates": [ [ [ [ -2.2096059, 42.9472214 ], [ -2.2342438, 42.9284781 ], [ -2.2364356, 42.8978667 ], [ -2.2494588, 42.8976011 ], [ -2.2882222, 42.9041804 ], [ -2.3010008, 42.9278246 ], [ -2.3377993, 42.9382642 ], [ -2.3534793, 42.9518982 ], [ -2.3753574, 42.9499119 ], [ -2.4085788, 42.9613729 ], [ -2.4527786, 42.958728 ], [ -2.4776399, 42.9677958 ], [ -2.4990256, 42.961706 ], [ -2.5339895, 42.9753163 ], [ -2.5440066, 42.9523289 ], [ -2.549844, 42.9604932 ], [ -2.5797095, 42.966128 ], [ -2.6013709, 42.9840975 ], [ -2.5916981, 42.9889262 ], [ -2.5996277, 43.0032357 ], [ -2.5952203, 43.0111193 ], [ -2.5482684, 43.0216596 ], [ -2.5235323, 43.0462415 ], [ -2.5468058, 43.0769529 ], [ -2.5396815, 43.0785623 ], [ -2.5453333, 43.0900493 ], [ -2.4998293, 43.0984057 ], [ -2.4949018, 43.1252805 ], [ -2.4992844, 43.1531698 ], [ -2.508403, 43.1633144 ], [ -2.4835548, 43.1734789 ], [ -2.4911567, 43.1825881 ], [ -2.4855684, 43.2033106 ], [ -2.4981663, 43.211634 ], [ -2.4964544, 43.2222071 ], [ -2.492802, 43.2275656 ], [ -2.4619376, 43.2253367 ], [ -2.4353086, 43.2455569 ], [ -2.4376901, 43.2537002 ], [ -2.4170175, 43.2699405 ], [ -2.4387605, 43.2900307 ], [ -2.4273114, 43.3107661 ], [ -2.4101459, 43.3261498 ], [ -2.3543483, 43.3015249 ], [ -2.2836983, 43.296647 ], [ -2.2262052, 43.3127705 ], [ -2.2056418, 43.3057411 ], [ -2.1995642, 43.3131725 ], [ -2.2016409, 43.3033805 ], [ -2.1772392, 43.2897739 ], [ -2.1477874, 43.2962019 ], [ -2.1285128, 43.2897282 ], [ -2.1112318, 43.301506499999988 ], [ -2.0214717, 43.3240786 ], [ -1.9894529, 43.3181808 ], [ -1.9846331, 43.3224969 ], [ -1.992991, 43.3264793 ], [ -1.9782269, 43.3257518 ], [ -1.9607889, 43.340075 ], [ -1.9222197, 43.3340452 ], [ -1.9265373, 43.337535599999988 ], [ -1.8820464, 43.3513364 ], [ -1.8637514, 43.374269299999987 ], [ -1.7865263, 43.395455 ], [ -1.7969563, 43.3825454 ], [ -1.7792717, 43.3625399 ], [ -1.7879827, 43.3552124 ], [ -1.7345115, 43.3315818 ], [ -1.738573, 43.3183086 ], [ -1.7282758, 43.2958184 ], [ -1.7818961, 43.2886948 ], [ -1.7925659, 43.2783345 ], [ -1.7936303, 43.2488024 ], [ -1.8174863, 43.2407505 ], [ -1.8320706, 43.2264929 ], [ -1.8503428, 43.2285606 ], [ -1.8590225, 43.2141135 ], [ -1.8661844, 43.2322474 ], [ -1.8793904, 43.2299828 ], [ -1.8725275, 43.2221799 ], [ -1.8803958, 43.2086967 ], [ -1.8854158, 43.21629 ], [ -1.8886338, 43.209235799999988 ], [ -1.9016146, 43.2130361 ], [ -1.9095397, 43.2291036 ], [ -1.9146273, 43.2248664 ], [ -1.9096397, 43.2062244 ], [ -1.9207096, 43.1885901 ], [ -1.9145158, 43.1665769 ], [ -1.9190667, 43.1519592 ], [ -1.9030797, 43.1456951 ], [ -1.9008796, 43.1373783 ], [ -1.9461905, 43.0993991 ], [ -1.9645278, 43.0970452 ], [ -1.971807, 43.0864851 ], [ -2.0214926, 43.0670651 ], [ -2.0195166, 43.0484811 ], [ -2.0400637, 43.0315741 ], [ -2.0269754, 43.0007116 ], [ -2.0370078, 42.9828652 ], [ -2.0939069, 42.9744261 ], [ -2.1024008, 42.9511333 ], [ -2.1281739, 42.9412468 ], [ -2.155724, 42.9441633 ], [ -2.1796356, 42.936998 ], [ -2.1910355, 42.950902 ], [ -2.2096059, 42.9472214 ] ] ], [ [ [ -1.9986609, 43.3221956 ], [ -1.9998044, 43.3239081 ], [ -1.9959296, 43.3240458 ], [ -1.9986609, 43.3221956 ] ] ] ] } },
{ "type": "Feature", "properties": { "COD_PROV": "21" }, "geometry": { "type": "Polygon", "coordinates": [ [ [ -6.9497351, 37.1681745 ], [ -6.9441203, 37.1703802 ], [ -7.0198801, 37.2028608 ], [ -7.0695718, 37.2117738 ], [ -7.2872698, 37.2018293 ], [ -7.3285249, 37.1943084 ], [ -7.3641613, 37.1734447 ], [ -7.4006914, 37.1766396 ], [ -7.4121591, 37.2264088 ], [ -7.4326486, 37.2519674 ], [ -7.4212654, 37.2774976 ], [ -7.4404249, 37.310211 ], [ -7.4387356, 37.3909493 ], [ -7.4616726, 37.4116553 ], [ -7.444438, 37.421121 ], [ -7.4575852, 37.4342812 ], [ -7.4552378, 37.4525633 ], [ -7.4667561, 37.4674556 ], [ -7.4625047, 37.4867556 ], [ -7.4833779, 37.5001124 ], [ -7.4913229, 37.5238037 ], [ -7.5114712, 37.5280693 ], [ -7.52157, 37.5585374 ], [ -7.5057739, 37.5590525 ], [ -7.5145551, 37.5706864 ], [ -7.5002749, 37.5802476 ], [ -7.4955664, 37.5963856 ], [ -7.5027318, 37.6063257 ], [ -7.4879202, 37.6055034 ], [ -7.4815033, 37.625303 ], [ -7.4694582, 37.6264897 ], [ -7.4662025, 37.6511277 ], [ -7.4545268, 37.6475819 ], [ -7.4542182, 37.6643794 ], [ -7.4431642, 37.6663395 ], [ -7.451428, 37.6796609 ], [ -7.4424593, 37.6903854 ], [ -7.4466146, 37.699218 ], [ -7.4380649, 37.7029632 ], [ -7.4267028, 37.7432085 ], [ -7.4176641, 37.74589 ], [ -7.4195586, 37.76131 ], [ -7.3945206, 37.7668584 ], [ -7.3642346, 37.7949077 ], [ -7.3229987, 37.8176334 ], [ -7.278419, 37.8785745 ], [ -7.281054, 37.899321 ], [ -7.273075, 37.9007007 ], [ -7.2609408, 37.9261721 ], [ -7.2545427, 37.9242677 ], [ -7.2473508, 37.9573047 ], [ -7.2620628, 37.9817206 ], [ -7.2423627, 37.9939095 ], [ -7.22165, 37.9917542 ], [ -7.2013211, 38.0052565 ], [ -7.1722861, 37.9950951 ], [ -7.131607, 38.0019746 ], [ -7.1195655, 38.0070815 ], [ -7.1277313, 38.0124158 ], [ -7.1271173, 38.0314791 ], [ -7.0982074, 38.0456145 ], [ -7.0659086, 38.0351833 ], [ -7.062229, 38.0215744 ], [ -7.0434708, 38.0161054 ], [ -7.022579, 38.0269285 ], [ -7.0012568, 38.0245327 ], [ -7.0015402, 38.0447815 ], [ -6.9891876, 38.0568302 ], [ -6.9862203, 38.1057687 ], [ -6.9697116, 38.1124621 ], [ -6.9649244, 38.1356382 ], [ -6.9583288, 38.1353572 ], [ -6.9577286, 38.1514559 ], [ -6.9510681, 38.1542223 ], [ -6.9677324, 38.1680604 ], [ -6.930511, 38.2101916 ], [ -6.8472806, 38.1791118 ], [ -6.7939418, 38.1804163 ], [ -6.7983898, 38.1456734 ], [ -6.8146651, 38.1220117 ], [ -6.8071896, 38.1131115 ], [ -6.768599, 38.1138367 ], [ -6.7724871, 38.1065391 ], [ -6.7637774, 38.1078744 ], [ -6.7688893, 38.1015314 ], [ -6.7570651, 38.0945859 ], [ -6.7308381, 38.0919264 ], [ -6.7274202, 38.1018201 ], [ -6.7185968, 38.1024942 ], [ -6.7143039, 38.0944974 ], [ -6.6888014, 38.1019032 ], [ -6.652554, 38.0983359 ], [ -6.648141, 38.091897 ], [ -6.6405484, 38.0994465 ], [ -6.6212966, 38.0990344 ], [ -6.5793671, 38.0546474 ], [ -6.5860155, 38.0286519 ], [ -6.5811708, 38.022719 ], [ -6.5445333, 38.029993 ], [ -6.4938792, 38.0210074 ], [ -6.4905731, 38.0113396 ], [ -6.4774937, 38.0099709 ], [ -6.4642861, 38.0128837 ], [ -6.4726973, 38.0263034 ], [ -6.464692, 38.0371956 ], [ -6.4431573, 38.0479922 ], [ -6.4512758, 38.0578353 ], [ -6.4127372, 38.0604371 ], [ -6.3872912, 38.0500141 ], [ -6.3660793, 38.050793 ], [ -6.3579282, 38.0185317 ], [ -6.3449477, 38.0043073 ], [ -6.3022011, 37.9801191 ], [ -6.2514043, 37.9734639 ], [ -6.238516, 37.9609363 ], [ -6.2000641, 37.9638 ], [ -6.1950708, 37.9509987 ], [ -6.1790655, 37.9429018 ], [ -6.1829236, 37.9300206 ], [ -6.1680253, 37.9112776 ], [ -6.1629444, 37.9195597 ], [ -6.1435992, 37.9222409 ], [ -6.1238547, 37.9066651 ], [ -6.162856, 37.864665 ], [ -6.1578596, 37.8559782 ], [ -6.1406324, 37.8567745 ], [ -6.1207294, 37.8189308 ], [ -6.125251, 37.7990427 ], [ -6.1370718, 37.7969093 ], [ -6.1328387, 37.7897044 ], [ -6.1662469, 37.7946583 ], [ -6.1864881, 37.8117542 ], [ -6.2143543, 37.7931122 ], [ -6.2045223, 37.7678998 ], [ -6.2187187, 37.7563405 ], [ -6.2208141, 37.7416058 ], [ -6.2512516, 37.7446547 ], [ -6.2434926, 37.7496241 ], [ -6.2508454, 37.7649094 ], [ -6.2773228, 37.7602843 ], [ -6.3098513, 37.7667423 ], [ -6.3888624, 37.7495669 ], [ -6.4490879, 37.7207367 ], [ -6.4726183, 37.7272074 ], [ -6.4818776, 37.7226884 ], [ -6.4722787, 37.7109644 ], [ -6.4782538, 37.712877 ], [ -6.4918695, 37.6908156 ], [ -6.500259, 37.6905779 ], [ -6.5011756, 37.6686219 ], [ -6.5243422, 37.6660026 ], [ -6.5349261, 37.6528476 ], [ -6.5284771, 37.6386996 ], [ -6.5373521, 37.628532 ], [ -6.5268361, 37.6176674 ], [ -6.5125192, 37.6270225 ], [ -6.4836286, 37.6179249 ], [ -6.4421047, 37.6252262 ], [ -6.3939571, 37.6128832 ], [ -6.400925, 37.6007702 ], [ -6.3925108, 37.5873014 ], [ -6.4012616, 37.5818153 ], [ -6.3912333, 37.5559232 ], [ -6.365309, 37.5376275 ], [ -6.3550947, 37.4983127 ], [ -6.3389318, 37.4891027 ], [ -6.3313522, 37.4663703 ], [ -6.3054592, 37.4369407 ], [ -6.3114611, 37.4205915 ], [ -6.3550889, 37.4140358 ], [ -6.3609101, 37.3777497 ], [ -6.3448676, 37.3676016 ], [ -6.3834011, 37.339357 ], [ -6.3318282, 37.3009733 ], [ -6.3416461, 37.2830171 ], [ -6.3359055, 37.2766104 ], [ -6.3477563, 37.2679864 ], [ -6.3586748, 37.239963 ], [ -6.3440728, 37.2201494 ], [ -6.3522066, 37.2008098 ], [ -6.3493889, 37.1824276 ], [ -6.3349439, 37.1714828 ], [ -6.3585013, 37.1402927 ], [ -6.341187, 37.1248432 ], [ -6.3589163, 37.1191525 ], [ -6.355135, 37.1125106 ], [ -6.3754578, 37.0994543 ], [ -6.3852137, 37.076299 ], [ -6.3529148, 36.9881159 ], [ -6.3626342, 36.9476638 ], [ -6.3777143, 36.9365697 ], [ -6.3298284, 36.9006658 ], [ -6.3441142, 36.890992 ], [ -6.3520338, 36.8568984 ], [ -6.3434164, 36.8011788 ], [ -6.3531842, 36.7952185 ], [ -6.3910455, 36.8049731 ], [ -6.4415981, 36.9013234 ], [ -6.4646775, 36.9296188 ], [ -6.5581239, 37.002272 ], [ -6.7973719, 37.1240815 ], [ -6.8924578, 37.1632882 ], [ -6.9096017, 37.1550123 ], [ -6.9497351, 37.1681745 ] ] ] } },
{ "type": "Feature", "properties": { "COD_PROV": "22" }, "geometry": { "type": "Polygon", "coordinates": [ [ [ -0.5232506, 41.8501981 ], [ -0.5538366, 41.8731888 ], [ -0.6019421, 41.8846874 ], [ -0.5937571, 41.9007888 ], [ -0.6287671, 41.914396 ], [ -0.6564562, 41.9593557 ], [ -0.7768427, 41.9592576 ], [ -0.8835697, 42.0054389 ], [ -0.8493738, 42.0280132 ], [ -0.854067, 42.0550907 ], [ -0.8034181, 42.0983058 ], [ -0.8034839, 42.075739 ], [ -0.7934111, 42.0569851 ], [ -0.7747361, 42.0581639 ], [ -0.7615011, 42.0699123 ], [ -0.7594183, 42.0813625 ], [ -0.7687942, 42.0890904 ], [ -0.7535497, 42.09246 ], [ -0.761264, 42.1038033 ], [ -0.7531293, 42.109498 ], [ -0.7521076, 42.1267691 ], [ -0.7594208, 42.1313897 ], [ -0.7521816, 42.1332293 ], [ -0.7571681, 42.1472212 ], [ -0.7460227, 42.1577842 ], [ -0.7581845, 42.1729524 ], [ -0.7502501, 42.1747895 ], [ -0.7583927, 42.179722 ], [ -0.7491235, 42.2024317 ], [ -0.7601513, 42.2163278 ], [ -0.7580096, 42.2655101 ], [ -0.7505911, 42.2654829 ], [ -0.7275646, 42.2995988 ], [ -0.7432182, 42.3405426 ], [ -0.7337455, 42.3552062 ], [ -0.7436044, 42.3630103 ], [ -0.7350572, 42.3717374 ], [ -0.7765664, 42.3931193 ], [ -0.7707919, 42.3472313 ], [ -0.7899837, 42.2970285 ], [ -0.8117285, 42.2663511 ], [ -0.8425659, 42.2846936 ], [ -0.8568094, 42.2766587 ], [ -0.8755942, 42.2835093 ], [ -0.8898108, 42.264905 ], [ -0.8879044, 42.2424542 ], [ -0.9166475, 42.2573639 ], [ -0.8876744, 42.2885674 ], [ -0.8859674, 42.3102141 ], [ -0.8545728, 42.3414654 ], [ -0.841397, 42.3682064 ], [ -0.8428224, 42.3861542 ], [ -0.8203039, 42.3864232 ], [ -0.8139779, 42.3968278 ], [ -0.8346627, 42.3977158 ], [ -0.8407187, 42.4092501 ], [ -0.8828519, 42.4229226 ], [ -0.9042659, 42.4383188 ], [ -0.8949138, 42.4456668 ], [ -0.905002, 42.451626399999988 ], [ -0.8949299, 42.4622568 ], [ -0.8763514, 42.4635067 ], [ -0.8956529, 42.4809478 ], [ -0.8889232, 42.4922326 ], [ -0.891627, 42.511717 ], [ -0.9320589, 42.5077431 ], [ -0.9150811, 42.5391876 ], [ -0.8952297, 42.5418047 ], [ -0.8937793, 42.552711 ], [ -0.8979791, 42.5618469 ], [ -0.9172362, 42.5571473 ], [ -0.9202384, 42.5731046 ], [ -0.9328023, 42.574514 ], [ -0.923424, 42.5898333 ], [ -0.9073042, 42.5889884 ], [ -0.9034803, 42.6027077 ], [ -0.9133168, 42.6041931 ], [ -0.9032935, 42.614805 ], [ -0.9262769, 42.6581078 ], [ -0.891726, 42.664211 ], [ -0.8785857, 42.6900042 ], [ -0.9001799, 42.7037382 ], [ -0.9211437, 42.702635 ], [ -0.9029832, 42.7140554 ], [ -0.9054775, 42.7284726 ], [ -0.8954971, 42.7375281 ], [ -0.8991667, 42.7623339 ], [ -0.8719408, 42.7608489 ], [ -0.8461618, 42.7877868 ], [ -0.8586367, 42.800428 ], [ -0.8500698, 42.8094524 ], [ -0.8554625, 42.8487529 ], [ -0.8171608, 42.8712331 ], [ -0.812259, 42.8900692 ], [ -0.8177223, 42.9025354 ], [ -0.7884795, 42.9204899 ], [ -0.752097, 42.9263628 ], [ -0.7261538, 42.9211228 ], [ -0.7327499, 42.9143116 ], [ -0.7264891, 42.894332 ], [ -0.6970482, 42.8808214 ], [ -0.6773815, 42.8864374 ], [ -0.6548341, 42.8606743 ], [ -0.6003747, 42.833243 ], [ -0.5990224, 42.8043543 ], [ -0.567836, 42.8087751 ], [ -0.5688171, 42.7862193 ], [ -0.5496923, 42.7795278 ], [ -0.5427714, 42.7947044 ], [ -0.5283217, 42.7934027 ], [ -0.5234804, 42.8142341 ], [ -0.5041091, 42.8290593 ], [ -0.4435642, 42.7978891 ], [ -0.4141635, 42.8082677 ], [ -0.3911677, 42.8019743 ], [ -0.3451118, 42.8391932 ], [ -0.323554, 42.8360459 ], [ -0.3116822, 42.8493729 ], [ -0.275328, 42.8398151 ], [ -0.2715142, 42.8291692 ], [ -0.2519316, 42.8210832 ], [ -0.2415167, 42.8250648 ], [ -0.2360174, 42.809570799999989 ], [ -0.1882751, 42.7889943 ], [ -0.1765835, 42.7871841 ], [ -0.158606, 42.7998773 ], [ -0.1526552, 42.7947206 ], [ -0.1581289, 42.7825317 ], [ -0.1215838, 42.7533889 ], [ -0.1046114, 42.7227053 ], [ -0.0673488, 42.7206759 ], [ -0.0602197, 42.6965662 ], [ -0.0533282, 42.6948947 ], [ 0.0021169, 42.6870604 ], [ 0.0139339, 42.7037403 ], [ 0.0596359, 42.6988723 ], [ 0.078287, 42.7161109 ], [ 0.1133284, 42.7121098 ], [ 0.1637031, 42.7242544 ], [ 0.1776165, 42.7384195 ], [ 0.2283437, 42.7192973 ], [ 0.2608382, 42.718114199999988 ], [ 0.2690704, 42.7048961 ], [ 0.264837, 42.6956524 ], [ 0.2964102, 42.6752414 ], [ 0.3222647, 42.6850119 ], [ 0.3266346, 42.708088 ], [ 0.3617533, 42.7255765 ], [ 0.3936544, 42.7137395 ], [ 0.3975186, 42.6957232 ], [ 0.4234185, 42.6921232 ], [ 0.4761187, 42.7018626 ], [ 0.5182172, 42.6937494 ], [ 0.5269528, 42.7040068 ], [ 0.5787909, 42.6955537 ], [ 0.5984921, 42.7073614 ], [ 0.6176095, 42.6976811 ], [ 0.6614901, 42.6928381 ], [ 0.6965422, 42.6605032 ], [ 0.699693, 42.6311634 ], [ 0.7098066, 42.6230474 ], [ 0.7689477, 42.6131007 ], [ 0.7599886, 42.5740477 ], [ 0.7423178, 42.5468689 ], [ 0.7509596, 42.5368502 ], [ 0.7364734, 42.5419895 ], [ 0.7230171, 42.5270309 ], [ 0.7206866, 42.5146359 ], [ 0.7409266, 42.5070879 ], [ 0.7147309, 42.4891139 ], [ 0.7019201, 42.4977679 ], [ 0.6993985, 42.4882402 ], [ 0.6919042, 42.4894839 ], [ 0.7098616, 42.4606918 ], [ 0.711562, 42.4382442 ], [ 0.7372664, 42.4158765 ], [ 0.7273646, 42.4070881 ], [ 0.7475173, 42.3866292 ], [ 0.7246908, 42.367483 ], [ 0.7727267, 42.3524938 ], [ 0.7417793, 42.3387254 ], [ 0.7450967, 42.3281719 ], [ 0.7660427, 42.3243334 ], [ 0.7462481, 42.303029 ], [ 0.7363497, 42.2540449 ], [ 0.7162695, 42.2266775 ], [ 0.7040333, 42.1918916 ], [ 0.7000036, 42.1745278 ], [ 0.7153799, 42.165276 ], [ 0.6972488, 42.1538528 ], [ 0.7009635, 42.108817 ], [ 0.6702274, 42.0630095 ], [ 0.6725879, 42.0492553 ], [ 0.6581572, 42.0422232 ], [ 0.6531193, 42.028103 ], [ 0.6652957, 42.016388 ], [ 0.6433355, 41.9839225 ], [ 0.639947, 41.9964567 ], [ 0.6251793, 41.993621 ], [ 0.605762, 41.9625083 ], [ 0.5883335, 41.9686296 ], [ 0.5632837, 41.9400718 ], [ 0.6088921, 41.9211677 ], [ 0.5963006, 41.9198073 ], [ 0.6023897, 41.9103946 ], [ 0.5941869, 41.8862685 ], [ 0.6096262, 41.8801105 ], [ 0.6087129, 41.8741594 ], [ 0.5814584, 41.8653052 ], [ 0.5814569, 41.8527631 ], [ 0.5587923, 41.8560799 ], [ 0.5437931, 41.8222352 ], [ 0.516862, 41.8242065 ], [ 0.4846314, 41.8033161 ], [ 0.4710568, 41.7674734 ], [ 0.4000731, 41.7596646 ], [ 0.3968334, 41.7338367 ], [ 0.3861386, 41.7421674 ], [ 0.3706147, 41.7265218 ], [ 0.3700545, 41.7160471 ], [ 0.3296057, 41.6829255 ], [ 0.3276359, 41.6640544 ], [ 0.3593761, 41.6335726 ], [ 0.34721, 41.623718 ], [ 0.3510065, 41.6013188 ], [ 0.4034167, 41.5945712 ], [ 0.4298885, 41.6042299 ], [ 0.4372519, 41.5867729 ], [ 0.4317228, 41.5670898 ], [ 0.4483177, 41.5440905 ], [ 0.3992328, 41.4931221 ], [ 0.3434147, 41.4858529 ], [ 0.3459434, 41.4649511 ], [ 0.3567197, 41.4536134 ], [ 0.3363524, 41.4100789 ], [ 0.2464952, 41.4305652 ], [ 0.2204815, 41.4054224 ], [ 0.1822785, 41.3963998 ], [ 0.1659255, 41.4086406 ], [ 0.1323359, 41.3907386 ], [ 0.1076802, 41.3526736 ], [ 0.0947438, 41.3518236 ], [ 0.0110722, 41.3622858 ], [ -0.0016032, 41.3897704 ], [ -0.0225519, 41.3987355 ], [ -0.0279062, 41.3796742 ], [ -0.0065533, 41.3496619 ], [ -0.0480624, 41.3623164 ], [ -0.0713296, 41.3790126 ], [ -0.1035928, 41.4873376 ], [ -0.1334163, 41.5242446 ], [ -0.1552849, 41.5371517 ], [ -0.1560993, 41.5702352 ], [ -0.1659757, 41.5829695 ], [ -0.1550665, 41.5918325 ], [ -0.2043583, 41.60412 ], [ -0.2445923, 41.5755972 ], [ -0.3009297, 41.6097786 ], [ -0.3112138, 41.6259606 ], [ -0.3609349, 41.6396771 ], [ -0.3648843, 41.6817727 ], [ -0.3731288, 41.6899769 ], [ -0.4271654, 41.707338 ], [ -0.443545, 41.7055423 ], [ -0.4880513, 41.7335258 ], [ -0.5179942, 41.731233 ], [ -0.4993208, 41.7631766 ], [ -0.5232506, 41.8501981 ] ], [ [ -0.7925649, 42.3914474 ], [ -0.792564815492699, 42.391447403892798 ], [ -0.8139779, 42.3968278 ], [ -0.7925649, 42.3914474 ] ], [ [ 0.297103510733425, 42.02108469058475 ], [ 0.2971035, 42.0210846 ], [ 0.3065636, 42.012786399999989 ], [ 0.297103510733425, 42.02108469058475 ] ] ] } },
{ "type": "Feature", "properties": { "COD_PROV": "23" }, "geometry": { "type": "Polygon", "coordinates": [ [ [ -3.7912971, 37.4843301 ], [ -3.7853155, 37.4801788 ], [ -3.7904695, 37.4680494 ], [ -3.8070366, 37.4617463 ], [ -3.8009625, 37.4552162 ], [ -3.8247719, 37.4159141 ], [ -3.82417, 37.4042908 ], [ -3.8399771, 37.3881016 ], [ -3.9496435, 37.380213 ], [ -3.9801797, 37.3893209 ], [ -4.0176343, 37.4215965 ], [ -4.0468984, 37.4698413 ], [ -4.0715033, 37.4752089 ], [ -4.0861048, 37.4878012 ], [ -4.0585327, 37.5073399 ], [ -4.0968174, 37.5134012 ], [ -4.0963296, 37.5295394 ], [ -4.1079444, 37.5351177 ], [ -4.1128915, 37.5488782 ], [ -4.1210731, 37.5487023 ], [ -4.1188709, 37.5550859 ], [ -4.1587794, 37.5763774 ], [ -4.1604814, 37.5911787 ], [ -4.1691714, 37.5906057 ], [ -4.1619054, 37.6011776 ], [ -4.1725987, 37.6119522 ], [ -4.1864105, 37.618419 ], [ -4.2072335, 37.6126479 ], [ -4.2199434, 37.624296 ], [ -4.2268652, 37.6414023 ], [ -4.1631298, 37.6833723 ], [ -4.1822703, 37.7089053 ], [ -4.2372426, 37.7216717 ], [ -4.2232742, 37.7636733 ], [ -4.2066331, 37.7715142 ], [ -4.2053387, 37.7806022 ], [ -4.2854987, 37.798411 ], [ -4.2735709, 37.9046636 ], [ -4.261155, 37.9169473 ], [ -4.2576337, 37.9366491 ], [ -4.2630752, 37.9753189 ], [ -4.2832104, 38.0057063 ], [ -4.2810118, 38.0246844 ], [ -4.2587174, 38.0241028 ], [ -4.2677009, 38.0416366 ], [ -4.2393918, 38.0482471 ], [ -4.2405705, 38.0553094 ], [ -4.2492767, 38.049826599999989 ], [ -4.2510899, 38.0639651 ], [ -4.2456684, 38.0716212 ], [ -4.2337006, 38.0656444 ], [ -4.2256026, 38.0817907 ], [ -4.231343, 38.0848033 ], [ -4.2206586, 38.0848078 ], [ -4.2266602, 38.0932168 ], [ -4.2131673, 38.0910024 ], [ -4.2208671, 38.1048663 ], [ -4.2169421, 38.1123338 ], [ -4.2024603, 38.1098496 ], [ -4.1923737, 38.1292752 ], [ -4.1601179, 38.1464793 ], [ -4.1674817, 38.1838773 ], [ -4.1994935, 38.214945 ], [ -4.1946719, 38.2393353 ], [ -4.2152668, 38.2485048 ], [ -4.2071667, 38.2686768 ], [ -4.213544, 38.2713596 ], [ -4.208976, 38.3033262 ], [ -4.2263182, 38.3029124 ], [ -4.2375196, 38.3173405 ], [ -4.2362007, 38.3434158 ], [ -4.2676294, 38.3490477 ], [ -4.2774204, 38.3793648 ], [ -4.2663253, 38.400294 ], [ -4.0052032, 38.3699476 ], [ -3.911303, 38.3709686 ], [ -3.8530374, 38.377011499999988 ], [ -3.829313, 38.394775 ], [ -3.8288075, 38.414667 ], [ -3.7843614, 38.4271392 ], [ -3.7384098, 38.4158572 ], [ -3.7287548, 38.4262365 ], [ -3.6192134, 38.3958563 ], [ -3.5969771, 38.4003426 ], [ -3.584586, 38.4074711 ], [ -3.5818158, 38.453337 ], [ -3.5660959, 38.4539012 ], [ -3.5339016, 38.4412833 ], [ -3.5271808, 38.410509 ], [ -3.4713309, 38.3998253 ], [ -3.4235577, 38.4086678 ], [ -3.4082728, 38.425972 ], [ -3.3754159, 38.4414645 ], [ -3.3737435, 38.4771044 ], [ -3.3252222, 38.4839886 ], [ -3.3039873, 38.4811449 ], [ -3.2787375, 38.4622737 ], [ -3.1289228, 38.4406347 ], [ -3.0636882, 38.4801166 ], [ -3.0012371, 38.4101259 ], [ -2.9909604, 38.4308087 ], [ -2.9922296, 38.4519875 ], [ -2.9756563, 38.4567617 ], [ -2.9623065, 38.4733237 ], [ -2.9045074, 38.4717757 ], [ -2.8802101, 38.4545147 ], [ -2.8829396, 38.4603642 ], [ -2.8596169, 38.4770026 ], [ -2.838827, 38.4791022 ], [ -2.8363002, 38.486238 ], [ -2.8297832, 38.4783233 ], [ -2.8311479, 38.4878894 ], [ -2.8113199, 38.4935002 ], [ -2.8053147, 38.504916 ], [ -2.7902082, 38.505594 ], [ -2.7856771, 38.5175184 ], [ -2.7792955, 38.5111981 ], [ -2.7664187, 38.5347763 ], [ -2.7012306, 38.5029591 ], [ -2.6714442, 38.4984888 ], [ -2.6173233, 38.5144307 ], [ -2.5914213, 38.5126845 ], [ -2.5653461, 38.4923303 ], [ -2.5755533, 38.4783652 ], [ -2.5661209, 38.4625228 ], [ -2.5756972, 38.4361523 ], [ -2.5702608, 38.4157903 ], [ -2.5487703, 38.4049681 ], [ -2.4821166, 38.3997189 ], [ -2.4910981, 38.373160899999988 ], [ -2.4779199, 38.351068 ], [ -2.4838406, 38.3021123 ], [ -2.4394911, 38.286968 ], [ -2.4353149, 38.2739871 ], [ -2.4450615, 38.2461684 ], [ -2.4394501, 38.2342538 ], [ -2.4524106, 38.2201119 ], [ -2.4449848, 38.1870547 ], [ -2.4671704, 38.1746666 ], [ -2.4728303, 38.1576388 ], [ -2.5116399, 38.1283551 ], [ -2.5189852, 38.1096306 ], [ -2.5381284, 38.0947267 ], [ -2.6050341, 38.0637246 ], [ -2.5945715, 38.0550536 ], [ -2.5964307, 38.0090779 ], [ -2.6044213, 37.999588 ], [ -2.6692102, 37.9632296 ], [ -2.6929828, 37.9763177 ], [ -2.7215843, 37.9643228 ], [ -2.7418737, 37.9376457 ], [ -2.7658923, 37.9212106 ], [ -2.7730411, 37.9274436 ], [ -2.7838189, 37.9189099 ], [ -2.8049738, 37.8828046 ], [ -2.8183359, 37.878004 ], [ -2.8187137, 37.8538044 ], [ -2.8276261, 37.8390363 ], [ -2.8714484, 37.7938912 ], [ -2.8790312, 37.7618121 ], [ -2.9025213, 37.7530375 ], [ -2.9002656, 37.6911591 ], [ -2.8827767, 37.6831831 ], [ -2.9009434, 37.66757 ], [ -2.9766634, 37.6358482 ], [ -2.9727341, 37.6247692 ], [ -2.9831508, 37.6161182 ], [ -2.9769223, 37.6046165 ], [ -3.0503126, 37.620074599999988 ], [ -3.0566721, 37.6084979 ], [ -3.0904345, 37.5984183 ], [ -3.1708019, 37.644729 ], [ -3.214492, 37.6460463 ], [ -3.2612339, 37.6410679 ], [ -3.2956813, 37.5898155 ], [ -3.3980524, 37.565910599999988 ], [ -3.4356242, 37.5757547 ], [ -3.459908, 37.6002778 ], [ -3.5052928, 37.6190852 ], [ -3.5349067, 37.5991956 ], [ -3.5351849, 37.5826744 ], [ -3.6258184, 37.5304014 ], [ -3.6831913, 37.5195095 ], [ -3.7288537, 37.4893851 ], [ -3.7749927, 37.4783456 ], [ -3.7744543, 37.4897428 ], [ -3.7820638, 37.4937402 ], [ -3.7912971, 37.4843301 ] ], [ [ -3.4191156, 37.9946198 ], [ -3.4105229, 37.9814013 ], [ -3.419115588693183, 37.994619882606138 ], [ -3.4191156, 37.9946198 ] ], [ [ -4.025475768367713, 37.626490188753401 ], [ -4.0254757, 37.6264901 ], [ -4.0125288, 37.621887 ], [ -4.025475768367713, 37.626490188753401 ] ], [ [ -4.2100473, 37.992955 ], [ -4.2100473, 37.9929549 ], [ -4.2050294, 37.9918433 ], [ -4.2100473, 37.992955 ] ] ] } },
{ "type": "Feature", "properties": { "COD_PROV": "24" }, "geometry": { "type": "Polygon", "coordinates": [ [ [ -5.9103583, 42.1424784 ], [ -5.9468782, 42.1438165 ], [ -5.9522257, 42.1255783 ], [ -6.0275365, 42.1594886 ], [ -6.1234689, 42.1607614 ], [ -6.1360311, 42.1666122 ], [ -6.1421665, 42.1607175 ], [ -6.1589733, 42.1676678 ], [ -6.2111566, 42.149972 ], [ -6.2245802, 42.1638512 ], [ -6.2528857, 42.1689382 ], [ -6.2507249, 42.1749541 ], [ -6.2924945, 42.17993 ], [ -6.3113475, 42.208481 ], [ -6.409032, 42.1976555 ], [ -6.4266596, 42.2038382 ], [ -6.4409787, 42.1954315 ], [ -6.4586261, 42.1990423 ], [ -6.4770143, 42.1841232 ], [ -6.4963266, 42.1839211 ], [ -6.5247672, 42.2052574 ], [ -6.6120338, 42.2051141 ], [ -6.6374166, 42.2191938 ], [ -6.7184696, 42.215252 ], [ -6.7320597, 42.2259193 ], [ -6.7336158, 42.237504 ], [ -6.7578626, 42.2405633 ], [ -6.7830901, 42.2555186 ], [ -6.7657681, 42.2593592 ], [ -6.7647185, 42.2728721 ], [ -6.7399156, 42.3005628 ], [ -6.7327218, 42.3610085 ], [ -6.7653118, 42.3669478 ], [ -6.7729252, 42.3807269 ], [ -6.8195749, 42.3875427 ], [ -6.8422835, 42.4077456 ], [ -6.8300553, 42.4102545 ], [ -6.819731, 42.4233123 ], [ -6.8235768, 42.4277929 ], [ -6.8134185, 42.4288352 ], [ -6.8205512, 42.4351986 ], [ -6.8211399, 42.4558604 ], [ -6.8073666, 42.4713479 ], [ -6.824242, 42.4876033 ], [ -6.8215513, 42.4927552 ], [ -6.8361605, 42.4974803 ], [ -6.8397922, 42.4908193 ], [ -6.8588345, 42.4906571 ], [ -6.9309668, 42.5224454 ], [ -6.9588601, 42.5196632 ], [ -6.9778493, 42.4951526 ], [ -6.999729, 42.5076003 ], [ -7.0274581, 42.499765 ], [ -7.0445247, 42.5096807 ], [ -7.0758275, 42.510092 ], [ -7.0586262, 42.5312239 ], [ -7.060679, 42.5394065 ], [ -7.0697287, 42.5398334 ], [ -7.0630172, 42.5501 ], [ -7.0676867, 42.5563633 ], [ -7.0615692, 42.5546195 ], [ -7.0535034, 42.573532299999989 ], [ -7.0328828, 42.5860478 ], [ -7.0488971, 42.5998262 ], [ -7.0457768, 42.6346013 ], [ -7.0165977, 42.6471181 ], [ -7.0031283, 42.644771 ], [ -7.0202513, 42.6538411 ], [ -7.0114067, 42.6596974 ], [ -7.0142846, 42.6664956 ], [ -7.0439632, 42.6966649 ], [ -7.0096584, 42.7255595 ], [ -6.9889648, 42.728506 ], [ -6.9825102, 42.7205938 ], [ -6.9716547, 42.7269026 ], [ -6.9715884, 42.7398169 ], [ -6.9582529, 42.7569279 ], [ -6.9456642, 42.7434071 ], [ -6.9343727, 42.7427607 ], [ -6.8661975, 42.7890698 ], [ -6.8680252, 42.8026938 ], [ -6.8390866, 42.8252613 ], [ -6.8700447, 42.8757361 ], [ -6.8325057, 42.8839505 ], [ -6.8392258, 42.87998 ], [ -6.8341746, 42.8755211 ], [ -6.8136556, 42.8727156 ], [ -6.824793, 42.8788178 ], [ -6.8467578, 42.9162202 ], [ -6.7998051, 42.9120647 ], [ -6.7694327, 42.9005184 ], [ -6.7724734, 42.8847233 ], [ -6.7554315, 42.884952399999989 ], [ -6.7214217, 42.9193787 ], [ -6.6897588, 42.9241866 ], [ -6.6116878, 42.9264462 ], [ -6.6052642, 42.9179939 ], [ -6.5399949, 42.9143975 ], [ -6.533247, 42.9240689 ], [ -6.5093364, 42.930624 ], [ -6.4885288, 42.9221387 ], [ -6.4759719, 42.9358639 ], [ -6.431859, 42.941645 ], [ -6.4403686, 42.9491974 ], [ -6.4323955, 42.9660494 ], [ -6.4717695, 42.9696411 ], [ -6.4760737, 42.9937844 ], [ -6.4451962, 42.9840578 ], [ -6.4358558, 42.9949186 ], [ -6.4237666, 42.9894934 ], [ -6.4063327, 43.001376 ], [ -6.4098626, 43.0188201 ], [ -6.3931074, 43.0184998 ], [ -6.3958023, 43.0402093 ], [ -6.3723007, 43.0429929 ], [ -6.3578418, 43.061463 ], [ -6.3319102, 43.0483725 ], [ -6.3252468, 43.0332148 ], [ -6.2939203, 43.0287924 ], [ -6.2839443, 43.038255 ], [ -6.263629, 43.0190448 ], [ -6.2255616, 43.0107975 ], [ -6.2126487, 43.0485448 ], [ -6.1771532, 43.0496802 ], [ -6.135419, 43.0228747 ], [ -6.0956523, 43.0325234 ], [ -6.0885668, 43.040033699999988 ], [ -6.0906015, 43.0688003 ], [ -6.0806283, 43.077598 ], [ -6.0189633, 43.056758 ], [ -5.9879623, 43.0697026 ], [ -5.965878, 43.0602379 ], [ -5.9689958, 43.0431757 ], [ -5.9554942, 43.0204747 ], [ -5.9184089, 43.004668 ], [ -5.9133676, 42.9945767 ], [ -5.8859558, 42.9959668 ], [ -5.8878999, 42.9809059 ], [ -5.8626599, 42.9832625 ], [ -5.8418808, 42.9661575 ], [ -5.8027543, 42.9644949 ], [ -5.7616466, 42.9730304 ], [ -5.7652592, 42.9879635 ], [ -5.7271222, 43.044391 ], [ -5.6920945, 43.0583587 ], [ -5.6354533, 43.0372375 ], [ -5.573345, 43.0341047 ], [ -5.5688855, 43.0246067 ], [ -5.5391523, 43.0202282 ], [ -5.5047431, 43.0305148 ], [ -5.4924932, 43.0232271 ], [ -5.4772636, 43.0567843 ], [ -5.3891892, 43.0512097 ], [ -5.3818416, 43.0891112 ], [ -5.367873, 43.09645 ], [ -5.343554, 43.0960617 ], [ -5.3354339, 43.083827 ], [ -5.2808571, 43.0793006 ], [ -5.2672395, 43.0894313 ], [ -5.2189256, 43.0855248 ], [ -5.1465354, 43.1169925 ], [ -5.1394112, 43.1047898 ], [ -5.1004676, 43.1037192 ], [ -5.0897967, 43.1313953 ], [ -5.0936133, 43.1448772 ], [ -5.0771854, 43.1623387 ], [ -5.07459, 43.1834027 ], [ -5.0196438, 43.1869806 ], [ -4.9955887, 43.1749683 ], [ -4.995337, 43.1872638 ], [ -4.9626467, 43.2143109 ], [ -4.9061951, 43.2398197 ], [ -4.8923066, 43.2403487 ], [ -4.8588851, 43.2202767 ], [ -4.8604172, 43.2074908 ], [ -4.837931, 43.1916294 ], [ -4.8504656, 43.1747408 ], [ -4.8334673, 43.1600868 ], [ -4.8501564, 43.1278153 ], [ -4.8156343, 43.094528 ], [ -4.7652284, 43.0764184 ], [ -4.7648453, 43.0575032 ], [ -4.742716, 43.0583208 ], [ -4.7329468, 43.048941 ], [ -4.7419885, 43.0300289 ], [ -4.7375661, 43.0203175 ], [ -4.7557187, 43.0173756 ], [ -4.7656644, 43.0034368 ], [ -4.7935473, 42.9885223 ], [ -4.794402, 42.9757418 ], [ -4.8059821, 42.9695798 ], [ -4.80138, 42.951381 ], [ -4.8079658, 42.932215 ], [ -4.8365899, 42.9086054 ], [ -4.8371203, 42.8971888 ], [ -4.8542328, 42.893581 ], [ -4.8643165, 42.8624234 ], [ -4.8971033, 42.8650082 ], [ -4.8995406, 42.8534696 ], [ -4.8872889, 42.8430099 ], [ -4.9016334, 42.8111819 ], [ -4.8946103, 42.7870495 ], [ -4.9078214, 42.7813089 ], [ -4.9193552, 42.7593407 ], [ -4.9342941, 42.7583352 ], [ -4.9350942, 42.7463449 ], [ -4.9171968, 42.73611 ], [ -4.9146264, 42.7224371 ], [ -4.8900172, 42.7252858 ], [ -4.870403, 42.7098686 ], [ -4.8893092, 42.6947081 ], [ -4.899150182148994, 42.671123442781287 ], [ -4.8933921, 42.6257423 ], [ -4.9035401, 42.605014 ], [ -4.9012507, 42.5798371 ], [ -4.9139665, 42.5621184 ], [ -4.9132484, 42.5465962 ], [ -4.8867227, 42.538906 ], [ -4.8987326, 42.4525592 ], [ -4.9227189, 42.4380206 ], [ -4.9086573, 42.4357904 ], [ -4.9037177, 42.4264336 ], [ -4.9135602, 42.416327 ], [ -4.913048, 42.403072 ], [ -4.9019727, 42.3884056 ], [ -4.932035, 42.3866786 ], [ -4.9435615, 42.3783505 ], [ -4.9632312, 42.3816175 ], [ -4.9822222, 42.3443311 ], [ -4.9412312, 42.3484294 ], [ -4.9521831, 42.299036 ], [ -4.9722381, 42.2905678 ], [ -5.0370872, 42.2990079 ], [ -5.0403419, 42.2694396 ], [ -5.053548, 42.2594045 ], [ -5.0669306, 42.2630731 ], [ -5.0609277, 42.2797684 ], [ -5.0738884, 42.2807702 ], [ -5.0924917, 42.311175 ], [ -5.1107405, 42.3137222 ], [ -5.143056, 42.2834323 ], [ -5.181461, 42.2660926 ], [ -5.1966468, 42.2624254 ], [ -5.2190554, 42.2798081 ], [ -5.2271938, 42.2643491 ], [ -5.2290406, 42.2775318 ], [ -5.2352408, 42.2752328 ], [ -5.2527437, 42.2416596 ], [ -5.2265084, 42.231779 ], [ -5.2402271, 42.216402 ], [ -5.2643882, 42.2127839 ], [ -5.285669, 42.2318137 ], [ -5.3006186, 42.22404 ], [ -5.3062071, 42.201152 ], [ -5.3599792, 42.2270379 ], [ -5.3868481, 42.2233297 ], [ -5.387257, 42.2071759 ], [ -5.3789724, 42.1997722 ], [ -5.3876356, 42.1773483 ], [ -5.3702731, 42.1319514 ], [ -5.3787496, 42.1146932 ], [ -5.3751445, 42.1014029 ], [ -5.3888682, 42.0916985 ], [ -5.3699437, 42.0533213 ], [ -5.3750462, 42.0433544 ], [ -5.4108271, 42.0323499 ], [ -5.4374303, 42.0333919 ], [ -5.4796781, 42.054314 ], [ -5.4758474, 42.0583508 ], [ -5.4972166, 42.085563099999987 ], [ -5.5257571, 42.1061913 ], [ -5.5421168, 42.1012736 ], [ -5.5482087, 42.0722191 ], [ -5.5594527, 42.057858 ], [ -5.5764764, 42.067338 ], [ -5.5853619, 42.0528023 ], [ -5.5872564, 42.0792164 ], [ -5.6329503, 42.0832927 ], [ -5.6371282, 42.0869706 ], [ -5.6182404, 42.1068638 ], [ -5.643982, 42.1340551 ], [ -5.6663086, 42.1439563 ], [ -5.6857632, 42.1401533 ], [ -5.6755217, 42.122227099999989 ], [ -5.7419844, 42.1153184 ], [ -5.7539479, 42.1385161 ], [ -5.7687282, 42.1378365 ], [ -5.8040893, 42.1264774 ], [ -5.805248, 42.1324461 ], [ -5.8436073, 42.1126096 ], [ -5.865558, 42.1219774 ], [ -5.8835805, 42.1403466 ], [ -5.8797539, 42.1472136 ], [ -5.8961828, 42.1579944 ], [ -5.9103583, 42.1424784 ] ], [ [ -6.6594665, 42.6203747 ], [ -6.653427, 42.6173797 ], [ -6.6520603, 42.6142353 ], [ -6.6534269, 42.6173797 ], [ -6.6594665, 42.6203747 ] ], [ [ -5.3272474, 42.2760302 ], [ -5.3440849, 42.2696535 ], [ -5.3459142, 42.2611171 ], [ -5.3358579, 42.2327102 ], [ -5.3315801, 42.2406067 ], [ -5.3151854, 42.2430103 ], [ -5.3155062, 42.2514409 ], [ -5.3020671, 42.2538814 ], [ -5.3005, 42.2711218 ], [ -5.3190618, 42.2690733 ], [ -5.3272474, 42.2760302 ] ], [ [ -5.2260948, 42.9638434 ], [ -5.2209346, 42.9727402 ], [ -5.2364544, 42.961111699999989 ], [ -5.2260948, 42.9638434 ] ], [ [ -5.070956, 42.5201695 ], [ -5.0754378, 42.5250048 ], [ -5.0845162, 42.5172051 ], [ -5.0754378, 42.5250047 ], [ -5.070956, 42.5201695 ] ] ] } },
{ "type": "Feature", "properties": { "COD_PROV": "25" }, "geometry": { "type": "MultiPolygon", "coordinates": [ [ [ [ 0.6710205, 41.3114348 ], [ 0.6294627, 41.2928243 ], [ 0.5982009, 41.2953914 ], [ 0.5821728, 41.3219093 ], [ 0.5558217, 41.3285191 ], [ 0.5265888, 41.2920269 ], [ 0.5046667, 41.2915828 ], [ 0.48128, 41.3252988 ], [ 0.4626536, 41.3367581 ], [ 0.4361394, 41.3224496 ], [ 0.4345392, 41.277894 ], [ 0.3870521, 41.2806985 ], [ 0.3670353, 41.305827 ], [ 0.3697016, 41.320481699999988 ], [ 0.3499052, 41.3316222 ], [ 0.3751184, 41.3522564 ], [ 0.3613454, 41.3723655 ], [ 0.3213762, 41.3967171 ], [ 0.3432308, 41.4156708 ], [ 0.3567197, 41.4536134 ], [ 0.3459434, 41.4649511 ], [ 0.3434147, 41.4858529 ], [ 0.3992328, 41.4931221 ], [ 0.4483177, 41.5440905 ], [ 0.4317228, 41.5670898 ], [ 0.4372519, 41.5867729 ], [ 0.4298885, 41.6042299 ], [ 0.4034167, 41.5945712 ], [ 0.3510065, 41.6013188 ], [ 0.34721, 41.623718 ], [ 0.3593761, 41.6335726 ], [ 0.3276359, 41.6640544 ], [ 0.3296057, 41.6829255 ], [ 0.3700545, 41.7160471 ], [ 0.3706147, 41.7265218 ], [ 0.3861386, 41.7421674 ], [ 0.3968334, 41.7338367 ], [ 0.4000731, 41.7596646 ], [ 0.4710568, 41.7674734 ], [ 0.4846314, 41.8033161 ], [ 0.516862, 41.8242065 ], [ 0.5437931, 41.8222352 ], [ 0.5587923, 41.8560799 ], [ 0.5814569, 41.8527631 ], [ 0.5814584, 41.8653052 ], [ 0.6087129, 41.8741594 ], [ 0.6096262, 41.8801105 ], [ 0.5941869, 41.8862685 ], [ 0.6023897, 41.9103946 ], [ 0.5963006, 41.9198073 ], [ 0.6088921, 41.9211677 ], [ 0.5632837, 41.9400718 ], [ 0.5883335, 41.9686296 ], [ 0.605762, 41.9625083 ], [ 0.6251793, 41.993621 ], [ 0.639947, 41.9964567 ], [ 0.6433355, 41.9839225 ], [ 0.6652957, 42.016388 ], [ 0.6531193, 42.028103 ], [ 0.6581572, 42.0422232 ], [ 0.6725879, 42.0492553 ], [ 0.6702274, 42.0630095 ], [ 0.7009635, 42.108817 ], [ 0.6972488, 42.1538528 ], [ 0.7153799, 42.165276 ], [ 0.7000036, 42.1745278 ], [ 0.7040333, 42.1918916 ], [ 0.7162695, 42.2266775 ], [ 0.7363497, 42.2540449 ], [ 0.7462481, 42.303029 ], [ 0.7660427, 42.3243334 ], [ 0.7450967, 42.3281719 ], [ 0.7417793, 42.3387254 ], [ 0.7727267, 42.3524938 ], [ 0.7246908, 42.367483 ], [ 0.7475173, 42.3866292 ], [ 0.7273646, 42.4070881 ], [ 0.7372664, 42.4158765 ], [ 0.711562, 42.4382442 ], [ 0.7098616, 42.4606918 ], [ 0.6919042, 42.4894839 ], [ 0.6993985, 42.4882402 ], [ 0.7019201, 42.4977679 ], [ 0.7147309, 42.4891139 ], [ 0.7409266, 42.5070879 ], [ 0.7206866, 42.5146359 ], [ 0.7230171, 42.5270309 ], [ 0.7364734, 42.5419895 ], [ 0.7509596, 42.5368502 ], [ 0.7423178, 42.5468689 ], [ 0.7599886, 42.5740477 ], [ 0.7689477, 42.6131007 ], [ 0.7098066, 42.6230474 ], [ 0.699693, 42.6311634 ], [ 0.6965422, 42.6605032 ], [ 0.6614348, 42.6902456 ], [ 0.6777026, 42.6928948 ], [ 0.6833961, 42.7109336 ], [ 0.6647561, 42.7516003 ], [ 0.6407399, 42.7566639 ], [ 0.6697179, 42.776644 ], [ 0.6462865, 42.7849568 ], [ 0.6727068, 42.80773 ], [ 0.6622206, 42.8421828 ], [ 0.6798371, 42.8499543 ], [ 0.6796776, 42.8569543 ], [ 0.7241924, 42.8620943 ], [ 0.7368662, 42.8506511 ], [ 0.7802153, 42.8379094 ], [ 0.8032834, 42.8425832 ], [ 0.8596719, 42.827593 ], [ 0.9278625, 42.7914418 ], [ 0.9622017, 42.8071052 ], [ 0.985906, 42.7879924 ], [ 1.0084919, 42.792076099999989 ], [ 1.0455028, 42.7826044 ], [ 1.0791377, 42.789791099999988 ], [ 1.1332113, 42.751871 ], [ 1.1346565, 42.7300946 ], [ 1.1721333, 42.7100226 ], [ 1.2314239, 42.7303526 ], [ 1.2533012, 42.7166826 ], [ 1.3350619, 42.7275782 ], [ 1.3593634, 42.7225125 ], [ 1.3557837, 42.7021013 ], [ 1.3908413, 42.6887772 ], [ 1.388538, 42.6706505 ], [ 1.4157667, 42.6570086 ], [ 1.4223651, 42.6267608 ], [ 1.4434273, 42.6011764 ], [ 1.4421132, 42.5899112 ], [ 1.4287598, 42.5849371 ], [ 1.4459862, 42.5684844 ], [ 1.4276034, 42.5605543 ], [ 1.4151371, 42.5375203 ], [ 1.4451661, 42.5444602 ], [ 1.4706392, 42.5126219 ], [ 1.4272373, 42.4953465 ], [ 1.4205696, 42.4856752 ], [ 1.4424697, 42.4773257 ], [ 1.4415609, 42.4662163 ], [ 1.448909, 42.4619776 ], [ 1.444023, 42.4465549 ], [ 1.4579841, 42.4377284 ], [ 1.5171936, 42.4306704 ], [ 1.5540759, 42.4353023 ], [ 1.5626197, 42.4605399 ], [ 1.5822772, 42.4518311 ], [ 1.5990597, 42.4694625 ], [ 1.63301, 42.4649776 ], [ 1.6588908, 42.4705972 ], [ 1.6717821, 42.5060028 ], [ 1.6813193, 42.4963591 ], [ 1.7050658, 42.491636899999989 ], [ 1.7277138, 42.5067397 ], [ 1.7333761, 42.4422226 ], [ 1.8029983, 42.4267604 ], [ 1.8124656, 42.4129731 ], [ 1.8015002, 42.3798353 ], [ 1.8074902, 42.371931 ], [ 1.8314413, 42.3832477 ], [ 1.8565087, 42.3714892 ], [ 1.8460072, 42.3566912 ], [ 1.8366076, 42.3574239 ], [ 1.8412555, 42.3414717 ], [ 1.8346047, 42.3286703 ], [ 1.8440642, 42.3082466 ], [ 1.7808115, 42.2932441 ], [ 1.7421759, 42.2924379 ], [ 1.7357748, 42.2858437 ], [ 1.6717534, 42.2835405 ], [ 1.6915874, 42.2789476 ], [ 1.6965041, 42.2656826 ], [ 1.6860301, 42.2583156 ], [ 1.7056463, 42.238055 ], [ 1.6824598, 42.2261678 ], [ 1.6818552, 42.2081857 ], [ 1.7088464, 42.1918796 ], [ 1.7229633, 42.1980505 ], [ 1.7391433, 42.191296 ], [ 1.7405119, 42.178373 ], [ 1.7357664, 42.1612099 ], [ 1.7150041, 42.1558827 ], [ 1.6999972, 42.1375645 ], [ 1.7131257, 42.1213336 ], [ 1.706491, 42.108515 ], [ 1.723923, 42.1016466 ], [ 1.723492, 42.0929311 ], [ 1.7090672, 42.0845584 ], [ 1.6927355, 42.0889485 ], [ 1.6911343, 42.0762657 ], [ 1.6757777, 42.061028 ], [ 1.6733127, 42.0427812 ], [ 1.679994, 42.040167499999988 ], [ 1.6840573, 42.0517312 ], [ 1.6939166, 42.0479793 ], [ 1.7008967, 42.0314418 ], [ 1.6738785, 42.0198892 ], [ 1.6674042, 42.0053509 ], [ 1.6617559, 42.0085071 ], [ 1.666138, 42.0241551 ], [ 1.6572928, 42.0227595 ], [ 1.6492937, 42.0019993 ], [ 1.6567867, 41.9953474 ], [ 1.6592948, 42.0068768 ], [ 1.6634407, 41.9929327 ], [ 1.6861701, 41.996751599999989 ], [ 1.6988753, 41.9870278 ], [ 1.6922702, 42.0077928 ], [ 1.6991799, 42.0165299 ], [ 1.7194251, 42.0013453 ], [ 1.7144164, 41.9938452 ], [ 1.7206654, 41.9863119 ], [ 1.6841846, 41.9692286 ], [ 1.6708928, 41.9717521 ], [ 1.6767294, 41.9843778 ], [ 1.6515035, 41.9815081 ], [ 1.6456937, 41.9708214 ], [ 1.6518576, 41.9466499 ], [ 1.6441383, 41.9423262 ], [ 1.6544421, 41.9306451 ], [ 1.6396885, 41.9290461 ], [ 1.617358, 41.9078443 ], [ 1.6019372, 41.9064388 ], [ 1.5883125, 41.89041 ], [ 1.5778056, 41.8934497 ], [ 1.5703624, 41.8818619 ], [ 1.5848376, 41.8752062 ], [ 1.6031713, 41.8860776 ], [ 1.6205566, 41.8833774 ], [ 1.6317418, 41.8606249 ], [ 1.6328923, 41.846558 ], [ 1.6114424, 41.8379692 ], [ 1.612891, 41.8196166 ], [ 1.5904303, 41.8058253 ], [ 1.6012607, 41.7908754 ], [ 1.5950278, 41.7797722 ], [ 1.5740155, 41.7840339 ], [ 1.5321556, 41.7544081 ], [ 1.5341956, 41.7654303 ], [ 1.5117745, 41.773093 ], [ 1.5062662, 41.7897332 ], [ 1.4838781, 41.7928536 ], [ 1.4853131, 41.7737795 ], [ 1.4625492, 41.778531 ], [ 1.4749255, 41.7843795 ], [ 1.4725142, 41.8027768 ], [ 1.4277424, 41.8037241 ], [ 1.4184342, 41.7964748 ], [ 1.4044511, 41.7471475 ], [ 1.4262772, 41.7346216 ], [ 1.3833502, 41.7076009 ], [ 1.4017618, 41.7062457 ], [ 1.3973008, 41.6979361 ], [ 1.405617, 41.6967335 ], [ 1.4057411, 41.688006 ], [ 1.4248203, 41.685966 ], [ 1.4164672, 41.6764285 ], [ 1.4267852, 41.6713824 ], [ 1.43454, 41.6531761 ], [ 1.4515712, 41.6484083 ], [ 1.4497451, 41.6379445 ], [ 1.4317183, 41.6316557 ], [ 1.3930998, 41.6359323 ], [ 1.3610462, 41.6153847 ], [ 1.4080649, 41.6023216 ], [ 1.4084675, 41.5923932 ], [ 1.3941114, 41.5816267 ], [ 1.4048718, 41.5600094 ], [ 1.3060525, 41.5735378 ], [ 1.2212829, 41.5714279 ], [ 1.212184, 41.5504498 ], [ 1.1660716, 41.5363017 ], [ 1.1746042, 41.5333269 ], [ 1.1660472, 41.5105581 ], [ 1.1823646, 41.4899579 ], [ 1.109559, 41.4686711 ], [ 1.1069185, 41.4759609 ], [ 1.0411658, 41.5029553 ], [ 1.0490717, 41.4893245 ], [ 1.0387741, 41.4818446 ], [ 1.0765372, 41.4617523 ], [ 1.0478614, 41.4422359 ], [ 1.0283866, 41.411629 ], [ 1.0049516, 41.4067388 ], [ 0.9930808, 41.3904481 ], [ 0.9830621, 41.394001 ], [ 0.9636725, 41.3699279 ], [ 0.9657029, 41.3573212 ], [ 0.8646978, 41.3399358 ], [ 0.8461766, 41.3638353 ], [ 0.8335332, 41.3606361 ], [ 0.8209021, 41.3306757 ], [ 0.7626238, 41.3356236 ], [ 0.7529261, 41.3196862 ], [ 0.6710205, 41.3114348 ] ], [ [ 1.1050185, 42.608712 ], [ 1.1175676, 42.6136069 ], [ 1.1225425, 42.6139961 ], [ 1.1175675, 42.6136069 ], [ 1.1050185, 42.608712 ] ], [ [ 1.3991474, 41.8352836 ], [ 1.4007728, 41.831954499999988 ], [ 1.399147419755655, 41.83528365953579 ], [ 1.3991474, 41.8352836 ] ], [ [ 1.6933122, 42.1121256 ], [ 1.6845852, 42.1162729 ], [ 1.6463128, 42.1144674 ], [ 1.6807978, 42.1054098 ], [ 1.6933122, 42.1121256 ] ] ], [ [ [ 1.7074122, 41.8912317 ], [ 1.7101557, 41.8987016 ], [ 1.7263471, 41.8948724 ], [ 1.7201881, 41.8842432 ], [ 1.7074122, 41.8912317 ] ] ] ] } },
{ "type": "Feature", "properties": { "COD_PROV": "26" }, "geometry": { "type": "Polygon", "coordinates": [ [ [ -2.9123158, 42.0247238 ], [ -2.9340257, 42.09128 ], [ -3.0330699, 42.0878351 ], [ -3.0576525, 42.1288416 ], [ -3.0848871, 42.1374258 ], [ -3.0952718, 42.1713268 ], [ -3.1111799, 42.1777155 ], [ -3.1280948, 42.2013311 ], [ -3.1047129, 42.2136373 ], [ -3.1011834, 42.2341045 ], [ -3.0872895, 42.2475972 ], [ -3.0964192, 42.2649635 ], [ -3.0883215, 42.2749219 ], [ -3.1053653, 42.3144729 ], [ -3.0945627, 42.3287824 ], [ -3.1093905, 42.3404519 ], [ -3.1079565, 42.3537541 ], [ -3.0624028, 42.3579589 ], [ -3.0835097, 42.3872603 ], [ -3.1030938, 42.3872781 ], [ -3.0944371, 42.4070539 ], [ -3.1000457, 42.41865 ], [ -3.0890536, 42.4242428 ], [ -3.0768774, 42.4176237 ], [ -3.0813508, 42.3992568 ], [ -3.0631126, 42.3752136 ], [ -3.0518407, 42.3752897 ], [ -3.0619971, 42.4267823 ], [ -3.0447011, 42.4470256 ], [ -3.0629064, 42.472819099999988 ], [ -3.0891199, 42.479756 ], [ -3.0933934, 42.4899461 ], [ -3.0779896, 42.5009645 ], [ -3.0704759, 42.5295433 ], [ -3.0880003, 42.5401496 ], [ -3.106154, 42.5306415 ], [ -3.1329704, 42.5439252 ], [ -3.1024434, 42.5549803 ], [ -3.0810559, 42.5758908 ], [ -3.0848935, 42.5840833 ], [ -3.0585275, 42.5910595 ], [ -3.0691549, 42.6232856 ], [ -3.0851016, 42.6295873 ], [ -3.0828502, 42.6425571 ], [ -3.0167093, 42.6340502 ], [ -3.0034524, 42.6461358 ], [ -2.9787283, 42.6371901 ], [ -2.945146, 42.6411864 ], [ -2.9147024, 42.621392 ], [ -2.8914461, 42.6295759 ], [ -2.892689, 42.6232027 ], [ -2.8808373, 42.6225972 ], [ -2.8567863, 42.6400744 ], [ -2.8415858, 42.6314737 ], [ -2.8467747, 42.6190529 ], [ -2.8404927, 42.6104692 ], [ -2.818591, 42.616372 ], [ -2.8181683, 42.5940118 ], [ -2.8394647, 42.5834872 ], [ -2.8236852, 42.5568154 ], [ -2.8117276, 42.5714589 ], [ -2.8021786, 42.5664728 ], [ -2.7763611, 42.5837248 ], [ -2.7624101, 42.6247093 ], [ -2.7394609, 42.624423 ], [ -2.7050087, 42.6017014 ], [ -2.6792289, 42.5963891 ], [ -2.6901145, 42.544636 ], [ -2.7041823, 42.5186379 ], [ -2.6744672, 42.527599699999989 ], [ -2.6760337, 42.5119875 ], [ -2.6552269, 42.505921 ], [ -2.6464345, 42.4851357 ], [ -2.6041095, 42.5053956 ], [ -2.5909679, 42.4936953 ], [ -2.6011224, 42.4813565 ], [ -2.5956772, 42.4748081 ], [ -2.5662487, 42.4959628 ], [ -2.5555786, 42.4870061 ], [ -2.5285016, 42.4858088 ], [ -2.5365793, 42.4959199 ], [ -2.508422, 42.5219279 ], [ -2.5040547, 42.5153264 ], [ -2.516773, 42.5015033 ], [ -2.5134024, 42.4919879 ], [ -2.475779, 42.4887037 ], [ -2.447862, 42.4987605 ], [ -2.4372799, 42.4913045 ], [ -2.4142946, 42.4924417 ], [ -2.3988497, 42.4736577 ], [ -2.3754007, 42.4755221 ], [ -2.3617747, 42.4635958 ], [ -2.3509214, 42.4674975 ], [ -2.3445138, 42.4532401 ], [ -2.330512, 42.4558778 ], [ -2.3306543, 42.4699476 ], [ -2.296104, 42.4593557 ], [ -2.2955588, 42.4700158 ], [ -2.2866876, 42.4692321 ], [ -2.2724443, 42.4470331 ], [ -2.2631836, 42.4517724 ], [ -2.2365817, 42.4422406 ], [ -2.239819, 42.4319504 ], [ -2.2129644, 42.4260701 ], [ -2.2149555, 42.4175 ], [ -2.185379, 42.4206989 ], [ -2.1751273, 42.4099452 ], [ -2.157076, 42.4120738 ], [ -2.1504479, 42.4204989 ], [ -2.1099223, 42.421424 ], [ -2.1037504, 42.4178102 ], [ -2.1142884, 42.4013943 ], [ -2.0862191, 42.3854952 ], [ -2.0914822, 42.3776906 ], [ -2.0776411, 42.3706286 ], [ -2.0886321, 42.3488404 ], [ -2.0686525, 42.3443935 ], [ -2.0135176, 42.371184 ], [ -2.0052686, 42.3628553 ], [ -1.9941879, 42.3654773 ], [ -1.9773116, 42.3517572 ], [ -1.9682594, 42.354369399999989 ], [ -1.9626675, 42.3355865 ], [ -1.9414223, 42.3371935 ], [ -1.9307543, 42.3241794 ], [ -1.917179, 42.3288336 ], [ -1.9180414, 42.3188732 ], [ -1.9057264, 42.3103441 ], [ -1.9132817, 42.3028059 ], [ -1.8693224, 42.2908335 ], [ -1.8649943, 42.2778867 ], [ -1.8713482, 42.2548291 ], [ -1.8544236, 42.2515204 ], [ -1.8475998, 42.2607902 ], [ -1.829111, 42.2463283 ], [ -1.8192533, 42.251054 ], [ -1.8154877, 42.231373399999988 ], [ -1.7785662, 42.2261678 ], [ -1.7716707, 42.2168348 ], [ -1.7648525, 42.2235274 ], [ -1.7071903, 42.2115245 ], [ -1.7028991, 42.1938973 ], [ -1.6776639, 42.1901868 ], [ -1.6995563, 42.1749916 ], [ -1.6919984, 42.1598456 ], [ -1.6783176, 42.1535561 ], [ -1.7185551, 42.1353079 ], [ -1.7384023, 42.151604 ], [ -1.76337, 42.152281099999989 ], [ -1.7776667, 42.1395723 ], [ -1.8202822, 42.1554388 ], [ -1.8310802, 42.1501006 ], [ -1.8389391, 42.129995099999988 ], [ -1.891451, 42.0868705 ], [ -1.9079035, 42.0609913 ], [ -1.9002412, 42.0315488 ], [ -1.8816115, 42.0281968 ], [ -1.8538916, 42.0044728 ], [ -1.8458485, 42.0098664 ], [ -1.8499885, 41.9999389 ], [ -1.8427086, 41.9892015 ], [ -1.8638519, 41.979469 ], [ -1.8552047, 41.9682685 ], [ -1.876256, 41.9543025 ], [ -1.9053312, 41.947457 ], [ -1.9138341, 41.9341179 ], [ -1.9535243, 41.9293077 ], [ -1.9600086, 41.9221726 ], [ -1.9807559, 41.9211315 ], [ -2.0268277, 41.9549909 ], [ -2.0350585, 41.9412718 ], [ -2.043959, 41.9519375 ], [ -2.0991093, 41.9571401 ], [ -2.1147652, 41.965441 ], [ -2.122741, 41.9971773 ], [ -2.1063008, 42.0046441 ], [ -2.1156771, 42.0233771 ], [ -2.1534358, 42.0489082 ], [ -2.1605839, 42.0686032 ], [ -2.1257464, 42.0827619 ], [ -2.1259943, 42.0990373 ], [ -2.1467823, 42.10632 ], [ -2.2075558, 42.1065307 ], [ -2.2227537, 42.1000234 ], [ -2.2365158, 42.104087 ], [ -2.2575646, 42.0891478 ], [ -2.2682632, 42.0904239 ], [ -2.2804207, 42.1102615 ], [ -2.2808347, 42.133571 ], [ -2.3178124, 42.1470925 ], [ -2.4371413, 42.1391388 ], [ -2.4572955, 42.1171871 ], [ -2.4830502, 42.1082179 ], [ -2.5133587, 42.116411199999988 ], [ -2.5213388, 42.0847504 ], [ -2.5135624, 42.0707323 ], [ -2.5477498, 42.0533798 ], [ -2.5785926, 41.9981347 ], [ -2.6253206, 42.0083757 ], [ -2.6722684, 41.9999349 ], [ -2.704501, 42.0170196 ], [ -2.7448553, 42.01055 ], [ -2.7562731, 42.0344874 ], [ -2.7071094, 42.0881585 ], [ -2.7047608, 42.1043839 ], [ -2.7371183, 42.1266889 ], [ -2.749862, 42.1196388 ], [ -2.7735401, 42.1254072 ], [ -2.790297, 42.1106233 ], [ -2.7888333, 42.096092 ], [ -2.8020332, 42.0823553 ], [ -2.7936367, 42.0654166 ], [ -2.7966754, 42.0487149 ], [ -2.8113272, 42.038509 ], [ -2.8223945, 42.0429033 ], [ -2.8433257, 42.0363421 ], [ -2.8825161, 42.0113589 ], [ -2.9123158, 42.0247238 ] ], [ [ -2.9823819, 42.6137895 ], [ -2.9932203, 42.6173625 ], [ -2.9980738, 42.6028185 ], [ -2.9849433, 42.6089245 ], [ -2.9823819, 42.6137895 ] ], [ [ -2.937872, 42.5961655 ], [ -2.9213232, 42.6027014 ], [ -2.9331947, 42.6159474 ], [ -2.9439089, 42.6057598 ], [ -2.937872, 42.5961655 ] ], [ [ -2.45936016216592, 42.261171423529184 ], [ -2.4593602, 42.2611714 ], [ -2.4529733, 42.2482622 ], [ -2.45936016216592, 42.261171423529184 ] ], [ [ -2.2200922, 42.262676 ], [ -2.2200922, 42.2626759 ], [ -2.2151393, 42.2621665 ], [ -2.2200922, 42.262676 ] ] ] } },
{ "type": "Feature", "properties": { "COD_PROV": "27" }, "geometry": { "type": "Polygon", "coordinates": [ [ [ -7.6807055, 42.4244565 ], [ -7.7002687, 42.4344947 ], [ -7.7119645, 42.454287699999988 ], [ -7.7379635, 42.4585423 ], [ -7.7515214, 42.452938 ], [ -7.7876902, 42.4679053 ], [ -7.7871432, 42.4753923 ], [ -7.7471002, 42.4818981 ], [ -7.7633825, 42.4955979 ], [ -7.79859, 42.481935 ], [ -7.8183266, 42.4937375 ], [ -7.8408771, 42.492424799999988 ], [ -7.86029, 42.506023 ], [ -7.8766857, 42.5045343 ], [ -7.8742068, 42.512858 ], [ -7.9119733, 42.5102964 ], [ -7.9003949, 42.5232708 ], [ -7.9227999, 42.526956 ], [ -7.887526, 42.5400384 ], [ -7.8888352, 42.5521083 ], [ -7.9103506, 42.5579834 ], [ -7.9295429, 42.5805115 ], [ -7.9115306, 42.5935844 ], [ -7.8913437, 42.6315423 ], [ -7.8863085, 42.6627897 ], [ -7.8913968, 42.6795707 ], [ -7.8602181, 42.7081068 ], [ -7.8651816, 42.7225451 ], [ -7.9341617, 42.7416525 ], [ -7.9773825, 42.7808755 ], [ -7.9792751, 42.8132481 ], [ -7.9551975, 42.8416553 ], [ -7.9676659, 42.8515822 ], [ -7.9831778, 42.8442556 ], [ -7.9985229, 42.8508042 ], [ -7.976679, 42.8793347 ], [ -7.9549643, 42.8863727 ], [ -7.934298, 42.9053631 ], [ -7.9421098, 42.9192581 ], [ -7.9150908, 42.934207 ], [ -7.9069575, 42.9531672 ], [ -7.9040987, 42.9873009 ], [ -7.9417692, 43.0695288 ], [ -7.9156106, 43.0901773 ], [ -7.9358571, 43.1137094 ], [ -7.9490255, 43.1791739 ], [ -7.9601698, 43.1917439 ], [ -7.920631, 43.2713652 ], [ -7.9458894, 43.2879268 ], [ -7.8865809, 43.3381878 ], [ -7.880392, 43.3543509 ], [ -7.8843412, 43.3773806 ], [ -7.896982, 43.3916395 ], [ -7.8897666, 43.4002961 ], [ -7.8684278, 43.4100932 ], [ -7.8218369, 43.4026472 ], [ -7.8041427, 43.4285111 ], [ -7.8060439, 43.4392427 ], [ -7.7788494, 43.4508085 ], [ -7.7570276, 43.5110312 ], [ -7.7432316, 43.5139745 ], [ -7.748305, 43.5215508 ], [ -7.7431373, 43.5318375 ], [ -7.7538207, 43.5339416 ], [ -7.7467378, 43.5437963 ], [ -7.7589308, 43.550105 ], [ -7.742575, 43.5720858 ], [ -7.7475227, 43.5795688 ], [ -7.7165645, 43.5859115 ], [ -7.7196311, 43.6008725 ], [ -7.7291231, 43.6046938 ], [ -7.721091, 43.6100145 ], [ -7.7342443, 43.6231899 ], [ -7.717073, 43.6352699 ], [ -7.7158782, 43.6473829 ], [ -7.7000823, 43.645939 ], [ -7.6897783, 43.6565698 ], [ -7.7180629, 43.6892813 ], [ -7.7013578, 43.6882522 ], [ -7.6973588, 43.6975546 ], [ -7.706201, 43.7047776 ], [ -7.7003131, 43.7085061 ], [ -7.706026, 43.7126733 ], [ -7.6922174, 43.7179771 ], [ -7.6985693, 43.7371077 ], [ -7.6800145, 43.7324325 ], [ -7.6716891, 43.7487535 ], [ -7.6518508, 43.7451616 ], [ -7.6340009, 43.755054 ], [ -7.6278173, 43.7237059 ], [ -7.6051334, 43.7196079 ], [ -7.6122558, 43.7048793 ], [ -7.6029447, 43.6989632 ], [ -7.6124497, 43.6800717 ], [ -7.6013713, 43.6729622 ], [ -7.5924131, 43.6772157 ], [ -7.5944862, 43.6631473 ], [ -7.591368, 43.6761018 ], [ -7.5943054, 43.6845403 ], [ -7.5752889, 43.6948384 ], [ -7.5846734, 43.711029 ], [ -7.5578184, 43.7127758 ], [ -7.5496735, 43.7212484 ], [ -7.553189, 43.731751 ], [ -7.5240009, 43.7378442 ], [ -7.5132723, 43.7208406 ], [ -7.5081633, 43.7283432 ], [ -7.4666395, 43.7253854 ], [ -7.4788314, 43.7134289 ], [ -7.4674265, 43.7047749 ], [ -7.4431177, 43.7006096 ], [ -7.4457821, 43.6957006 ], [ -7.4350141, 43.7036258 ], [ -7.4367804, 43.696293 ], [ -7.3560233, 43.673629 ], [ -7.3484609, 43.6505298 ], [ -7.2949216, 43.6035906 ], [ -7.2979379, 43.5949862 ], [ -7.2440748, 43.5764586 ], [ -7.2584522, 43.5617265 ], [ -7.2683257, 43.5637434 ], [ -7.2510606, 43.5580295 ], [ -7.2603528, 43.5526976 ], [ -7.2549358, 43.5492535 ], [ -7.2415628, 43.553586 ], [ -7.2445658, 43.5667172 ], [ -7.2349443, 43.5707574 ], [ -7.1751659, 43.5656141 ], [ -7.1569504, 43.5556893 ], [ -7.1177371, 43.5564721 ], [ -7.1136117, 43.5640568 ], [ -7.0699932, 43.5545018 ], [ -7.0556182, 43.560722 ], [ -7.0334442, 43.5514439 ], [ -7.0289316, 43.536872 ], [ -7.0438725, 43.5171418 ], [ -7.0464084, 43.4797875 ], [ -7.0890775, 43.4558408 ], [ -7.0841768, 43.4463914 ], [ -7.0966828, 43.4436644 ], [ -7.101641, 43.4289209 ], [ -7.1717432, 43.432303 ], [ -7.1685443, 43.424047 ], [ -7.1755619, 43.4165346 ], [ -7.1673059, 43.4054839 ], [ -7.173332, 43.407281 ], [ -7.1809691, 43.393919 ], [ -7.1583143, 43.3766135 ], [ -7.1377715, 43.3852376 ], [ -7.1262894, 43.3744893 ], [ -7.129509, 43.3321396 ], [ -7.113989, 43.3280632 ], [ -7.1000359, 43.3060204 ], [ -7.0585456, 43.3072241 ], [ -7.0702712, 43.2731092 ], [ -7.0603546, 43.2459375 ], [ -7.0188169, 43.2151297 ], [ -7.0083459, 43.2247711 ], [ -7.000208, 43.2091655 ], [ -6.9697814, 43.2061389 ], [ -6.9638808, 43.1889786 ], [ -6.9794585, 43.1687447 ], [ -6.9561264, 43.1373679 ], [ -6.9403274, 43.1337188 ], [ -6.9009083, 43.1569867 ], [ -6.8841679, 43.1586909 ], [ -6.885035, 43.1686722 ], [ -6.8670072, 43.1919107 ], [ -6.8704744, 43.1817544 ], [ -6.8605858, 43.184143 ], [ -6.8376747, 43.1680333 ], [ -6.8203166, 43.1451328 ], [ -6.826368, 43.1250774 ], [ -6.8701119, 43.0930989 ], [ -6.8927545, 43.0936915 ], [ -6.9143598, 43.0753149 ], [ -6.9369003, 43.088586 ], [ -6.9505847, 43.0780831 ], [ -6.9492103, 43.0700809 ], [ -6.9649057, 43.063243299999989 ], [ -6.9634058, 43.0365661 ], [ -6.9712409, 43.0322594 ], [ -6.9806796, 43.043267 ], [ -6.995939, 43.0213763 ], [ -6.9609975, 42.9924956 ], [ -6.9548407, 42.9980379 ], [ -6.9632148, 43.0284583 ], [ -6.9558702, 43.038673 ], [ -6.9453189, 43.0343447 ], [ -6.9394042, 43.0132834 ], [ -6.9090865, 42.9920322 ], [ -6.8793715, 42.9932501 ], [ -6.8635679, 42.9857272 ], [ -6.8348545, 42.9596579 ], [ -6.8406382, 42.9300919 ], [ -6.8345599, 42.9182422 ], [ -6.8229526, 42.9169541 ], [ -6.8467578, 42.9162202 ], [ -6.824793, 42.8788178 ], [ -6.8136556, 42.8727156 ], [ -6.8341746, 42.8755211 ], [ -6.8392258, 42.87998 ], [ -6.8325057, 42.8839505 ], [ -6.8700447, 42.8757361 ], [ -6.8390866, 42.8252613 ], [ -6.8680252, 42.8026938 ], [ -6.8661975, 42.7890698 ], [ -6.9343727, 42.7427607 ], [ -6.9456642, 42.7434071 ], [ -6.9582529, 42.7569279 ], [ -6.9715884, 42.7398169 ], [ -6.9716547, 42.7269026 ], [ -6.9825102, 42.7205938 ], [ -6.9889648, 42.728506 ], [ -7.0096584, 42.7255595 ], [ -7.0439632, 42.6966649 ], [ -7.0142846, 42.6664956 ], [ -7.0114067, 42.6596974 ], [ -7.0202513, 42.6538411 ], [ -7.0031283, 42.644771 ], [ -7.0165977, 42.6471181 ], [ -7.0457768, 42.6346013 ], [ -7.0488971, 42.5998262 ], [ -7.0328828, 42.5860478 ], [ -7.0535034, 42.573532299999989 ], [ -7.0615692, 42.5546195 ], [ -7.0676867, 42.5563633 ], [ -7.0630172, 42.5501 ], [ -7.0697287, 42.5398334 ], [ -7.060679, 42.5394065 ], [ -7.0586262, 42.5312239 ], [ -7.0758275, 42.510092 ], [ -7.0750945, 42.4984497 ], [ -7.0990494, 42.4697608 ], [ -7.0987835, 42.4604794 ], [ -7.1504861, 42.4343503 ], [ -7.1459522, 42.423485 ], [ -7.1649778, 42.4063536 ], [ -7.1706308, 42.3811338 ], [ -7.1892937, 42.3659476 ], [ -7.2014506, 42.3276041 ], [ -7.2297115, 42.361048 ], [ -7.2286121, 42.3779342 ], [ -7.2188438, 42.3890908 ], [ -7.2465866, 42.3918098 ], [ -7.2682055, 42.4168293 ], [ -7.289605, 42.4164877 ], [ -7.3057157, 42.431352 ], [ -7.3686821, 42.4232647 ], [ -7.3980283, 42.4374662 ], [ -7.4463067, 42.4089495 ], [ -7.464612, 42.4090638 ], [ -7.527265, 42.385767 ], [ -7.548298, 42.3889309 ], [ -7.5735946, 42.4067564 ], [ -7.6154392, 42.3861349 ], [ -7.6296551, 42.4084825 ], [ -7.6609334, 42.4249404 ], [ -7.6807055, 42.4244565 ] ], [ [ -7.8011148, 43.1342573 ], [ -7.7913381, 43.1346764 ], [ -7.785797, 43.125591 ], [ -7.7913381, 43.1346765 ], [ -7.8011148, 43.1342573 ] ] ] } },
{ "type": "Feature", "properties": { "COD_PROV": "28" }, "geometry": { "type": "MultiPolygon", "coordinates": [ [ [ [ -3.9911825, 40.2115986 ], [ -4.0247661, 40.2380437 ], [ -4.0224684, 40.2509669 ], [ -4.0503776, 40.2529945 ], [ -4.069971, 40.2666807 ], [ -4.0792301, 40.2683796 ], [ -4.1029862, 40.2436761 ], [ -4.1474275, 40.248641 ], [ -4.1428192, 40.2661474 ], [ -4.162486, 40.2718158 ], [ -4.1690126, 40.2902102 ], [ -4.1901053, 40.2988493 ], [ -4.2017451, 40.2903702 ], [ -4.2025174, 40.270883 ], [ -4.2445915, 40.2755929 ], [ -4.2699924, 40.2350718 ], [ -4.2946679, 40.2209695 ], [ -4.3050132, 40.2235672 ], [ -4.3096246, 40.2359927 ], [ -4.3203589, 40.2270053 ], [ -4.3341674, 40.2406842 ], [ -4.3469734, 40.2384919 ], [ -4.3439537, 40.2552106 ], [ -4.3574683, 40.2783579 ], [ -4.3556491, 40.3115321 ], [ -4.3799394, 40.3202199 ], [ -4.3868405, 40.3031725 ], [ -4.3828041, 40.2910307 ], [ -4.426228, 40.2597211 ], [ -4.4344318, 40.2611963 ], [ -4.4361973, 40.2395698 ], [ -4.5043103, 40.222615 ], [ -4.5160819, 40.2155526 ], [ -4.5155048, 40.2075788 ], [ -4.5346132, 40.2014431 ], [ -4.5739227, 40.2089613 ], [ -4.577758, 40.2192861 ], [ -4.5595003, 40.2246405 ], [ -4.5679697, 40.2590863 ], [ -4.5551556, 40.2664016 ], [ -4.5542429, 40.2789277 ], [ -4.527837, 40.294631 ], [ -4.5452216, 40.3439934 ], [ -4.525163, 40.3467905 ], [ -4.5031311, 40.3169813 ], [ -4.4542635, 40.3217951 ], [ -4.459376, 40.3422173 ], [ -4.4384895, 40.3521719 ], [ -4.441328, 40.3875861 ], [ -4.4206274, 40.4082836 ], [ -4.3196066, 40.4125692 ], [ -4.3229639, 40.4263227 ], [ -4.3391946, 40.4309752 ], [ -4.3314354, 40.4506053 ], [ -4.3195902, 40.4533255 ], [ -4.3251163, 40.4620908 ], [ -4.3151326, 40.4672498 ], [ -4.3264123, 40.5093545 ], [ -4.320156, 40.5339916 ], [ -4.3273161, 40.5366402 ], [ -4.3217456, 40.5529815 ], [ -4.2884359, 40.5663133 ], [ -4.2775205, 40.6060355 ], [ -4.2887712, 40.6102514 ], [ -4.2886985, 40.6298457 ], [ -4.2711848, 40.6309773 ], [ -4.2608215, 40.6074267 ], [ -4.2411875, 40.6041964 ], [ -4.1600677, 40.625247099999989 ], [ -4.1718566, 40.6327403 ], [ -4.1707098, 40.6814794 ], [ -4.1437829, 40.6970355 ], [ -4.1138067, 40.744164 ], [ -4.0963953, 40.7499328 ], [ -4.0953423, 40.7665999 ], [ -4.0793306, 40.7787684 ], [ -4.0776283, 40.790757 ], [ -4.068794, 40.7956755 ], [ -4.0201682, 40.7831352 ], [ -4.0012666, 40.7903076 ], [ -3.978459, 40.7860441 ], [ -3.9783927, 40.8017192 ], [ -3.9608368, 40.8239738 ], [ -3.9636232, 40.8403288 ], [ -3.9453623, 40.8666293 ], [ -3.9420225, 40.8905285 ], [ -3.9514578, 40.8953521 ], [ -3.9365356, 40.9290495 ], [ -3.9212509, 40.9317287 ], [ -3.8938266, 40.9688442 ], [ -3.7805778, 41.0020762 ], [ -3.7380017, 41.0557381 ], [ -3.6938266, 41.0850634 ], [ -3.675549, 41.0883164 ], [ -3.6123733, 41.1509597 ], [ -3.5821851, 41.1629448 ], [ -3.5384958, 41.1668871 ], [ -3.539271, 41.1523892 ], [ -3.4983334, 41.1255947 ], [ -3.4868322, 41.0959258 ], [ -3.4743296, 41.0975994 ], [ -3.4472631, 41.0835819 ], [ -3.4245823, 41.0853004 ], [ -3.4370037, 41.0444811 ], [ -3.3933463, 41.002131 ], [ -3.4169053, 40.9894536 ], [ -3.432426, 40.9394288 ], [ -3.4459262, 40.9242772 ], [ -3.4432656, 40.9100543 ], [ -3.4587982, 40.9102103 ], [ -3.4589324, 40.9004357 ], [ -3.4390494, 40.8938019 ], [ -3.4395861, 40.8779817 ], [ -3.4719513, 40.8662949 ], [ -3.4664607, 40.8583645 ], [ -3.4754902, 40.853373 ], [ -3.4691396, 40.8462091 ], [ -3.4777338, 40.840355 ], [ -3.4750248, 40.8281231 ], [ -3.4899483, 40.8012802 ], [ -3.509379, 40.7904928 ], [ -3.464592, 40.7861325 ], [ -3.4421194, 40.7626916 ], [ -3.4497497, 40.7398788 ], [ -3.432908, 40.7326378 ], [ -3.466219, 40.6915891 ], [ -3.4406357, 40.6761496 ], [ -3.4259526, 40.6744761 ], [ -3.4247388, 40.6845169 ], [ -3.4037284, 40.6719801 ], [ -3.3987458, 40.6935817 ], [ -3.3920053, 40.694576 ], [ -3.3715652, 40.6797455 ], [ -3.3641605, 40.6498037 ], [ -3.3376084, 40.638418 ], [ -3.3161568, 40.6561527 ], [ -3.3221211, 40.6320012 ], [ -3.3363343, 40.6272676 ], [ -3.3208407, 40.6140519 ], [ -3.3291851, 40.5992708 ], [ -3.3092945, 40.5814348 ], [ -3.2820718, 40.5733232 ], [ -3.2869539, 40.5601329 ], [ -3.280551, 40.5542844 ], [ -3.295721, 40.5391904 ], [ -3.2883872, 40.5335783 ], [ -3.2485106, 40.5455994 ], [ -3.199379, 40.516559 ], [ -3.1974432, 40.4441859 ], [ -3.1547379, 40.4410612 ], [ -3.1291913, 40.4069395 ], [ -3.1343944, 40.3919051 ], [ -3.1429904, 40.3893188 ], [ -3.1375118, 40.3778837 ], [ -3.1520999, 40.3692335 ], [ -3.1402514, 40.3526799 ], [ -3.1812315, 40.3086126 ], [ -3.1822722, 40.2711518 ], [ -3.1948594, 40.259517699999989 ], [ -3.1944194, 40.2496165 ], [ -3.1719034, 40.2359044 ], [ -3.1520682, 40.2659504 ], [ -3.1107993, 40.2875043 ], [ -3.0969607, 40.276956 ], [ -3.0977746, 40.2623602 ], [ -3.0777992, 40.2258702 ], [ -3.078041, 40.2109228 ], [ -3.0870786, 40.2024109 ], [ -3.0841706, 40.1883329 ], [ -3.0772622, 40.1670217 ], [ -3.0665445, 40.1593956 ], [ -3.0869478, 40.1646527 ], [ -3.0966468, 40.1553567 ], [ -3.095586, 40.1443209 ], [ -3.0713895, 40.1325076 ], [ -3.0520333, 40.1009673 ], [ -3.08737, 40.072368499999989 ], [ -3.1165799, 40.0635668 ], [ -3.1600914, 40.0670005 ], [ -3.1650916, 40.0931497 ], [ -3.1881548, 40.0845469 ], [ -3.2037546, 40.0608588 ], [ -3.2539715, 40.0598587 ], [ -3.2563016, 40.0526824 ], [ -3.2644499, 40.0588554 ], [ -3.2755504, 40.0493046 ], [ -3.3015807, 40.0555381 ], [ -3.3103721, 40.0705245 ], [ -3.3331035, 40.0834803 ], [ -3.3756812, 40.0770799 ], [ -3.3751548, 40.0516912 ], [ -3.3930209, 40.0473637 ], [ -3.392905, 40.0373802 ], [ -3.4236866, 40.0489111 ], [ -3.428406, 40.0406161 ], [ -3.4443975, 40.0392129 ], [ -3.4510696, 40.0520428 ], [ -3.467749, 40.0428966 ], [ -3.5057825, 40.0500684 ], [ -3.5139753, 40.045133299999989 ], [ -3.5186121, 40.022749 ], [ -3.5883933, 40.015343 ], [ -3.5932968, 40.0037603 ], [ -3.6368744, 39.9906536 ], [ -3.6337487, 39.9680563 ], [ -3.6607511, 39.9680575 ], [ -3.6965634, 39.9488908 ], [ -3.7101084, 39.9569005 ], [ -3.7436585, 39.9424998 ], [ -3.7547338, 39.9234992 ], [ -3.7773892, 39.913222 ], [ -3.8026303, 39.8864627 ], [ -3.8134283, 39.8877192 ], [ -3.8330934, 39.901618 ], [ -3.8683785, 39.9065229 ], [ -3.8746267, 39.9305403 ], [ -3.8378223, 39.9440931 ], [ -3.8305823, 39.9319905 ], [ -3.8235726, 39.9486099 ], [ -3.8069275, 39.9566724 ], [ -3.799806, 39.9483427 ], [ -3.7857474, 39.9484023 ], [ -3.7873921, 39.9560494 ], [ -3.7635744, 39.9682648 ], [ -3.757684, 39.9597358 ], [ -3.7687187, 39.9508224 ], [ -3.7540157, 39.95191 ], [ -3.7501074, 39.958504 ], [ -3.7600068, 39.9728185 ], [ -3.7381824, 39.9633642 ], [ -3.724817, 39.9683785 ], [ -3.7271818, 39.9749408 ], [ -3.7393936, 39.9725379 ], [ -3.745066, 39.9826741 ], [ -3.7335486, 39.9789635 ], [ -3.7337398, 39.9869978 ], [ -3.7216448, 39.9896331 ], [ -3.7193477, 40.0028663 ], [ -3.6990868, 40.0207731 ], [ -3.6779412, 40.0179002 ], [ -3.6455222, 40.0370506 ], [ -3.6355393, 40.0538553 ], [ -3.619362, 40.057986 ], [ -3.6229843, 40.0656247 ], [ -3.6158236, 40.0699623 ], [ -3.6266027, 40.0791477 ], [ -3.6081979, 40.085409 ], [ -3.6031702, 40.096579 ], [ -3.6130143, 40.1006266 ], [ -3.6052211, 40.1108681 ], [ -3.6553314, 40.1274066 ], [ -3.6656828, 40.1454032 ], [ -3.6897933, 40.1346196 ], [ -3.7193928, 40.1498288 ], [ -3.7438579, 40.1345214 ], [ -3.7706048, 40.1414528 ], [ -3.7988967, 40.1775689 ], [ -3.8398435, 40.1644154 ], [ -3.8515468, 40.1715459 ], [ -3.8522016, 40.18164 ], [ -3.874982, 40.1929851 ], [ -3.9089869, 40.1917039 ], [ -3.9297506, 40.2058469 ], [ -3.9480504, 40.1909936 ], [ -3.9549615, 40.2004613 ], [ -3.9516876, 40.2141992 ], [ -3.9911825, 40.2115986 ] ], [ [ -3.3642317, 40.6411551 ], [ -3.3721659, 40.6430498 ], [ -3.380782, 40.6316791 ], [ -3.3697582, 40.6268248 ], [ -3.3642317, 40.6411551 ] ] ], [ [ [ -4.2891751, 40.682261 ], [ -4.2686822, 40.6773814 ], [ -4.2552934, 40.6656986 ], [ -4.256269, 40.6552832 ], [ -4.3184542, 40.6493931 ], [ -4.3235168, 40.6596047 ], [ -4.3161507, 40.6688128 ], [ -4.2891751, 40.682261 ] ] ] ] } },
{ "type": "Feature", "properties": { "COD_PROV": "29" }, "geometry": { "type": "Polygon", "coordinates": [ [ [ -5.3139491, 36.3451998 ], [ -5.333686, 36.3718721 ], [ -5.3337607, 36.3967385 ], [ -5.3560746, 36.4256996 ], [ -5.3542451, 36.4356585 ], [ -5.3941092, 36.4711705 ], [ -5.4122851, 36.5225295 ], [ -5.431103, 36.5361536 ], [ -5.4604211, 36.5389937 ], [ -5.464081, 36.5297421 ], [ -5.4729128, 36.5384479 ], [ -5.4917833, 36.5379535 ], [ -5.523048, 36.4995781 ], [ -5.5588144, 36.5053499 ], [ -5.5708263, 36.5144476 ], [ -5.6070917, 36.5141557 ], [ -5.6090247, 36.5464313 ], [ -5.5730039, 36.5501717 ], [ -5.5388271, 36.5383492 ], [ -5.5358641, 36.5290223 ], [ -5.5209613, 36.533656 ], [ -5.5008551, 36.5494799 ], [ -5.4883515, 36.572329499999988 ], [ -5.4596133, 36.590653 ], [ -5.4547109, 36.6214505 ], [ -5.4372995, 36.6160401 ], [ -5.3778843, 36.634464 ], [ -5.3326201, 36.6742608 ], [ -5.322825, 36.6752072 ], [ -5.3291354, 36.6807732 ], [ -5.3176887, 36.6919641 ], [ -5.326251, 36.6964555 ], [ -5.3234215, 36.7258753 ], [ -5.2897297, 36.7770366 ], [ -5.318614, 36.7885989 ], [ -5.3395095, 36.8212826 ], [ -5.3313032, 36.8404688 ], [ -5.3045632, 36.8599901 ], [ -5.3003776, 36.8715088 ], [ -5.2685694, 36.8860816 ], [ -5.2655024, 36.877595 ], [ -5.2239578, 36.8581832 ], [ -5.2208053, 36.8445879 ], [ -5.1691956, 36.8254145 ], [ -5.1328624, 36.8404307 ], [ -5.1038668, 36.8998019 ], [ -5.0855562, 36.9069549 ], [ -5.1089024, 36.9611969 ], [ -5.0943679, 36.9701601 ], [ -5.1411708, 37.0057278 ], [ -5.1216284, 37.029557 ], [ -5.1110151, 37.0209787 ], [ -5.0817575, 37.0333362 ], [ -5.0518759, 37.0324712 ], [ -5.0317714, 37.0508682 ], [ -5.0267489, 37.045935199999988 ], [ -5.0246952, 37.0537016 ], [ -4.9870758, 37.066443199999988 ], [ -4.9071498, 37.1165156 ], [ -4.9020929, 37.1406528 ], [ -4.9414477, 37.159453899999988 ], [ -4.9383858, 37.1775662 ], [ -4.9239424, 37.1725292 ], [ -4.9038942, 37.1837305 ], [ -4.8963993, 37.1578938 ], [ -4.879662, 37.1650018 ], [ -4.8742804, 37.1600596 ], [ -4.8554792, 37.1754324 ], [ -4.8526437, 37.2004509 ], [ -4.8246847, 37.2025721 ], [ -4.8181225, 37.1939221 ], [ -4.8262013, 37.1888125 ], [ -4.7979948, 37.1741755 ], [ -4.7929661, 37.1553583 ], [ -4.759067, 37.1789511 ], [ -4.7073786, 37.1995614 ], [ -4.710042, 37.208736 ], [ -4.7259822, 37.2129746 ], [ -4.7310814, 37.2280138 ], [ -4.7167181, 37.2417622 ], [ -4.7345191, 37.246702 ], [ -4.7184643, 37.2615653 ], [ -4.7128061, 37.2547073 ], [ -4.6898047, 37.2537198 ], [ -4.6575287, 37.2596037 ], [ -4.644099, 37.2487218 ], [ -4.6125365, 37.2569523 ], [ -4.6131291, 37.2450836 ], [ -4.5952952, 37.2275243 ], [ -4.6010685, 37.2111044 ], [ -4.5749792, 37.2110318 ], [ -4.5599411, 37.221182 ], [ -4.5382406, 37.2131737 ], [ -4.4981147, 37.2322188 ], [ -4.4968488, 37.2252045 ], [ -4.4899352, 37.2404508 ], [ -4.4765862, 37.2461612 ], [ -4.4844939, 37.2538503 ], [ -4.475815, 37.2592315 ], [ -4.4657368, 37.2529658 ], [ -4.4604295, 37.2566649 ], [ -4.4665894, 37.2597265 ], [ -4.4549456, 37.2611489 ], [ -4.4428072, 37.2798197 ], [ -4.3821814, 37.2792814 ], [ -4.3748319, 37.259087 ], [ -4.3762088, 37.2436413 ], [ -4.3837771, 37.240128 ], [ -4.3712859, 37.2177202 ], [ -4.3213971, 37.2063896 ], [ -4.3309775, 37.193024099999988 ], [ -4.2858343, 37.121386 ], [ -4.2712777, 37.0167698 ], [ -4.2506934, 37.0248475 ], [ -4.2301019, 37.0188066 ], [ -4.2141888, 36.9936331 ], [ -4.1654065, 36.9589396 ], [ -4.0986571, 36.9545732 ], [ -4.0907648, 36.9351136 ], [ -4.0525371, 36.916836 ], [ -4.0461738, 36.9054527 ], [ -3.9979758, 36.8916982 ], [ -3.9695431, 36.8939167 ], [ -3.9282889, 36.8847446 ], [ -3.9173615, 36.8699474 ], [ -3.8893289, 36.8694112 ], [ -3.8663743, 36.8525436 ], [ -3.8259331, 36.8573922 ], [ -3.7669085, 36.8038193 ], [ -3.7657502, 36.786564 ], [ -3.7810447, 36.766317 ], [ -3.7762042, 36.7396205 ], [ -3.8444844, 36.7550747 ], [ -3.9559824, 36.727737 ], [ -4.0671049, 36.7510694 ], [ -4.0822731, 36.747921 ], [ -4.1074443, 36.7261902 ], [ -4.1726456, 36.7176781 ], [ -4.3268336, 36.7134534 ], [ -4.3937593, 36.7249477 ], [ -4.413632, 36.7094879 ], [ -4.4115348, 36.7215297 ], [ -4.4215617, 36.7145315 ], [ -4.4157813, 36.7113215 ], [ -4.4285646, 36.7087688 ], [ -4.453249, 36.6658701 ], [ -4.475008, 36.6481342 ], [ -4.5081337, 36.6011341 ], [ -4.5388332, 36.5803077 ], [ -4.5578272, 36.5822328 ], [ -4.6024448, 36.564892 ], [ -4.6369801, 36.5090595 ], [ -4.7399899, 36.4866972 ], [ -4.8552807, 36.5087562 ], [ -4.9326259, 36.5020294 ], [ -5.004376, 36.4615459 ], [ -5.0334342, 36.4632906 ], [ -5.0821365, 36.4517865 ], [ -5.1205352, 36.4299118 ], [ -5.1805816, 36.4125493 ], [ -5.2208663, 36.3755476 ], [ -5.246939, 36.313614199999989 ], [ -5.2764538, 36.338935 ], [ -5.3188777, 36.3269313 ], [ -5.3139491, 36.3451998 ] ], [ [ -4.5622226, 36.706405 ], [ -4.5598803, 36.7107004 ], [ -4.559880335356708, 36.71070043516 ], [ -4.5622226, 36.706405 ] ] ] } },
{ "type": "Feature", "properties": { "COD_PROV": "30" }, "geometry": { "type": "MultiPolygon", "coordinates": [ [ [ [ -1.5460488, 37.4091851 ], [ -1.5454257, 37.4115997 ], [ -1.5426275, 37.4108188 ], [ -1.5460488, 37.4091851 ] ] ], [ [ [ -1.473549, 37.4668185 ], [ -1.4827194, 37.4377066 ], [ -1.4760544, 37.4308358 ], [ -1.4862488, 37.4241057 ], [ -1.5181378, 37.4334073 ], [ -1.5459203, 37.4123184 ], [ -1.5571113, 37.4138441 ], [ -1.5577022, 37.4066042 ], [ -1.5882825, 37.4044498 ], [ -1.6277304, 37.3756299 ], [ -1.7357865, 37.4444901 ], [ -1.8104691, 37.4534111 ], [ -1.8076585, 37.435331 ], [ -1.8439746, 37.4566842 ], [ -1.9527213, 37.5901363 ], [ -1.954424, 37.6028064 ], [ -1.9755233, 37.6205868 ], [ -1.9804558, 37.6385825 ], [ -2.0106381, 37.6753143 ], [ -2.0063685, 37.7216504 ], [ -1.9945472, 37.7299069 ], [ -2.0075499, 37.7768111 ], [ -1.9939879, 37.8432475 ], [ -1.9732116, 37.8703318 ], [ -1.9934106, 37.882341 ], [ -2.0204737, 37.870374 ], [ -2.0691273, 37.8863524 ], [ -2.0832771, 37.8741863 ], [ -2.1067706, 37.8833459 ], [ -2.1219084, 37.9023135 ], [ -2.1707116, 37.8905537 ], [ -2.1836478, 37.9054984 ], [ -2.2521261, 37.9414273 ], [ -2.2755623, 37.9619147 ], [ -2.2971771, 38.0039834 ], [ -2.3431166, 38.0317912 ], [ -2.3286064, 38.0672643 ], [ -2.2603539, 38.1148212 ], [ -2.2122287, 38.2036669 ], [ -2.1677596, 38.2282989 ], [ -2.1124335, 38.2400602 ], [ -2.0826595, 38.2669665 ], [ -2.0624776, 38.299448 ], [ -2.0476978, 38.3076398 ], [ -1.9847732, 38.2835341 ], [ -1.9062432, 38.299816 ], [ -1.8529464, 38.3320767 ], [ -1.8206074, 38.3381094 ], [ -1.80973, 38.3532296 ], [ -1.7830078, 38.3580104 ], [ -1.794459, 38.3721224 ], [ -1.7698471, 38.3667131 ], [ -1.7700503, 38.3804047 ], [ -1.7535388, 38.3752204 ], [ -1.7422171, 38.3831452 ], [ -1.7168975, 38.3659653 ], [ -1.7011845, 38.3767134 ], [ -1.6862593, 38.3676817 ], [ -1.6802761, 38.351734 ], [ -1.6911124, 38.3486197 ], [ -1.6913133, 38.3393679 ], [ -1.6687068, 38.3141788 ], [ -1.5881017, 38.3130559 ], [ -1.5606259, 38.3258875 ], [ -1.5362427, 38.3477347 ], [ -1.477118, 38.3782181 ], [ -1.4794273, 38.4826717 ], [ -1.4971535, 38.5338882 ], [ -1.486038, 38.5650059 ], [ -1.4510787, 38.5836411 ], [ -1.4417924, 38.6382441 ], [ -1.4464767, 38.6511839 ], [ -1.4210061, 38.6786506 ], [ -1.38224, 38.7017464 ], [ -1.3654308, 38.7061646 ], [ -1.3416591, 38.6793459 ], [ -1.2854821, 38.7071707 ], [ -1.2481397, 38.7402191 ], [ -1.1826821, 38.7562696 ], [ -1.118766, 38.739678 ], [ -1.114616, 38.7119933 ], [ -1.0248008, 38.6575076 ], [ -1.0228049, 38.641905099999988 ], [ -1.0147842, 38.6369569 ], [ -1.0002355, 38.5746785 ], [ -1.0249259, 38.5243303 ], [ -1.0126063, 38.4989025 ], [ -1.0668196, 38.4521674 ], [ -1.0928384, 38.4401503 ], [ -1.0747748, 38.433502 ], [ -1.0837107, 38.4309283 ], [ -1.0870775, 38.4053552 ], [ -1.083166, 38.3483323 ], [ -1.0268172, 38.3405207 ], [ -0.9877659, 38.3223838 ], [ -0.9661037, 38.2740089 ], [ -0.9874473, 38.2014031 ], [ -1.035344, 38.1392449 ], [ -1.0209355, 38.0770493 ], [ -0.9647085, 38.0145404 ], [ -0.92001, 37.946345 ], [ -0.8559056, 37.8870657 ], [ -0.8289362, 37.866106599999988 ], [ -0.8023012, 37.8608278 ], [ -0.7803915, 37.8466572 ], [ -0.7608921, 37.8488646 ], [ -0.7467299, 37.7914168 ], [ -0.7606701, 37.7964307 ], [ -0.775324, 37.8216534 ], [ -0.7918325, 37.815115399999989 ], [ -0.8024366, 37.7988311 ], [ -0.796746, 37.7866127 ], [ -0.8261076, 37.7576284 ], [ -0.8437632, 37.7507802 ], [ -0.8587732, 37.7234218 ], [ -0.8556382, 37.7148769 ], [ -0.8020585, 37.6600449 ], [ -0.7498936, 37.6438594 ], [ -0.746474, 37.6366298 ], [ -0.7267612, 37.6364767 ], [ -0.7187977, 37.6511808 ], [ -0.7247944, 37.6623106 ], [ -0.7382857, 37.6607397 ], [ -0.7283597, 37.6635959 ], [ -0.7443082, 37.7077971 ], [ -0.7380162, 37.7382791 ], [ -0.7421088, 37.743981399999988 ], [ -0.7427234, 37.7470249 ], [ -0.732429, 37.7488053 ], [ -0.7438457, 37.7510718 ], [ -0.7493733, 37.779879199999989 ], [ -0.7523519, 37.7778888 ], [ -0.7564881, 37.7822847 ], [ -0.7440765, 37.7845624 ], [ -0.7389306, 37.7741991 ], [ -0.7445578, 37.7623667 ], [ -0.7267167, 37.7518943 ], [ -0.7200812, 37.7417999 ], [ -0.7260565, 37.7486374 ], [ -0.7317038, 37.7487744 ], [ -0.7275782, 37.7478473 ], [ -0.7272002, 37.7461193 ], [ -0.7368555, 37.7383751 ], [ -0.7370412, 37.7005921 ], [ -0.7094761, 37.6450806 ], [ -0.6868095, 37.63559 ], [ -0.6993453, 37.632943 ], [ -0.7165718, 37.6087831 ], [ -0.7329683, 37.6029911 ], [ -0.7814641, 37.5963151 ], [ -0.8182587, 37.5770598 ], [ -0.8389769, 37.5794857 ], [ -0.8504963, 37.5892205 ], [ -0.8514474, 37.5825437 ], [ -0.8772502, 37.5798932 ], [ -0.8776392, 37.5717697 ], [ -0.9186346, 37.5564332 ], [ -0.961043, 37.5633636 ], [ -0.9438715, 37.5727368 ], [ -0.9693628, 37.5759156 ], [ -0.9774459, 37.5843371 ], [ -0.9739676, 37.5906845 ], [ -0.9821331, 37.5910863 ], [ -0.9737917, 37.5909068 ], [ -0.9721541, 37.5990796 ], [ -0.9927788, 37.6033441 ], [ -0.9819878, 37.5859836 ], [ -1.0077824, 37.5878104 ], [ -1.0119224, 37.5764967 ], [ -1.0725543, 37.5859037 ], [ -1.1072676, 37.5710547 ], [ -1.1257576, 37.5538828 ], [ -1.1097002, 37.5361597 ], [ -1.1640484, 37.543481 ], [ -1.1769956, 37.5672209 ], [ -1.2157561, 37.577465 ], [ -1.2440944, 37.5786308 ], [ -1.2569899, 37.5680521 ], [ -1.2559488, 37.5597818 ], [ -1.3240804, 37.5643007 ], [ -1.3883419, 37.5270805 ], [ -1.4020518, 37.5087738 ], [ -1.4518612, 37.4936649 ], [ -1.473549, 37.4668185 ] ], [ [ -1.0994531, 37.7755496 ], [ -1.099453094317768, 37.775549608341002 ], [ -1.1050605, 37.7760455 ], [ -1.0994531, 37.7755496 ] ] ], [ [ [ -1.2694732, 37.5575278 ], [ -1.2655397, 37.5601935 ], [ -1.2648744, 37.5566576 ], [ -1.2694732, 37.5575278 ] ] ], [ [ [ -0.764316, 37.6983838 ], [ -0.7683042, 37.6920865 ], [ -0.7746481, 37.700669 ], [ -0.7704999, 37.7047359 ], [ -0.764316, 37.6983838 ] ] ], [ [ [ -0.8028756, 37.7030459 ], [ -0.7950738, 37.7029735 ], [ -0.7956756, 37.697972 ], [ -0.8028756, 37.7030459 ] ] ], [ [ [ -0.7079882, 37.7317258 ], [ -0.7068228, 37.7272059 ], [ -0.7085806, 37.7287269 ], [ -0.7079882, 37.7317258 ] ] ] ] } },
{ "type": "Feature", "properties": { "COD_PROV": "31" }, "geometry": { "type": "MultiPolygon", "coordinates": [ [ [ [ -2.1504479, 42.4204989 ], [ -2.161522, 42.4103952 ], [ -2.1751273, 42.4099452 ], [ -2.185379, 42.4206989 ], [ -2.2149555, 42.4175 ], [ -2.2129644, 42.4260701 ], [ -2.239819, 42.4319504 ], [ -2.2365817, 42.4422406 ], [ -2.2631836, 42.4517724 ], [ -2.2724443, 42.4470331 ], [ -2.2866876, 42.4692321 ], [ -2.2955588, 42.4700158 ], [ -2.296104, 42.4593557 ], [ -2.3306543, 42.4699476 ], [ -2.330512, 42.4558778 ], [ -2.3445138, 42.4532401 ], [ -2.3509214, 42.4674975 ], [ -2.3617747, 42.4635958 ], [ -2.3754007, 42.4755221 ], [ -2.3988497, 42.4736577 ], [ -2.4193812, 42.4911702 ], [ -2.4224307, 42.5115022 ], [ -2.3908814, 42.518825 ], [ -2.3997324, 42.5403758 ], [ -2.3886323, 42.5509355 ], [ -2.3954331, 42.6009702 ], [ -2.4197997, 42.6089958 ], [ -2.4519219, 42.5689801 ], [ -2.4608851, 42.5892574 ], [ -2.4893111, 42.5872262 ], [ -2.4987631, 42.618346 ], [ -2.4817523, 42.6140292 ], [ -2.4532668, 42.6367346 ], [ -2.4487541, 42.6491238 ], [ -2.4144757, 42.6645503 ], [ -2.3749377, 42.6525807 ], [ -2.3803389, 42.6492413 ], [ -2.3708025, 42.645255 ], [ -2.3806268, 42.6361679 ], [ -2.3459657, 42.6359387 ], [ -2.330858, 42.648054 ], [ -2.2871568, 42.6569395 ], [ -2.292239, 42.6797366 ], [ -2.3079764, 42.6730267 ], [ -2.3155405, 42.6843741 ], [ -2.3115406, 42.7105759 ], [ -2.3224236, 42.725952 ], [ -2.3155264, 42.7412156 ], [ -2.3025814, 42.737944 ], [ -2.2611114, 42.750099 ], [ -2.2796876, 42.7870049 ], [ -2.26727, 42.7969756 ], [ -2.2663688, 42.8152788 ], [ -2.2313634, 42.8456925 ], [ -2.2396617, 42.8875069 ], [ -2.2517481, 42.8946444 ], [ -2.2364356, 42.8978667 ], [ -2.2308338, 42.9336613 ], [ -2.1978113, 42.953049 ], [ -2.1796356, 42.936998 ], [ -2.1163048, 42.944119 ], [ -2.1024008, 42.9511333 ], [ -2.0939069, 42.9744261 ], [ -2.0370078, 42.9828652 ], [ -2.0269754, 43.0007116 ], [ -2.0400637, 43.0315741 ], [ -2.0195166, 43.0484811 ], [ -2.0214926, 43.0670651 ], [ -1.971807, 43.0864851 ], [ -1.9645278, 43.0970452 ], [ -1.9461905, 43.0993991 ], [ -1.9008796, 43.1373783 ], [ -1.9030797, 43.1456951 ], [ -1.9190667, 43.1519592 ], [ -1.9145158, 43.1665769 ], [ -1.9207096, 43.1885901 ], [ -1.9096397, 43.2062244 ], [ -1.9146273, 43.2248664 ], [ -1.9095397, 43.2291036 ], [ -1.9016146, 43.2130361 ], [ -1.8886338, 43.209235799999988 ], [ -1.8854158, 43.21629 ], [ -1.8803958, 43.2086967 ], [ -1.8735526, 43.2126366 ], [ -1.879454, 43.2197885 ], [ -1.8725275, 43.2221799 ], [ -1.8793181, 43.2225083 ], [ -1.8753309, 43.2337784 ], [ -1.8711667, 43.2278675 ], [ -1.8661844, 43.2322474 ], [ -1.8609014, 43.213727 ], [ -1.8476703, 43.2298844 ], [ -1.8320706, 43.2264929 ], [ -1.8174863, 43.2407505 ], [ -1.7936303, 43.2488024 ], [ -1.7925659, 43.2783345 ], [ -1.7818961, 43.2886948 ], [ -1.7282758, 43.2958184 ], [ -1.6933374, 43.3137233 ], [ -1.6666622, 43.3166655 ], [ -1.6238303, 43.3085944 ], [ -1.6288699, 43.2867994 ], [ -1.6202964, 43.2652937 ], [ -1.6066642, 43.2541514 ], [ -1.5734198, 43.252337399999988 ], [ -1.5549008, 43.2816565 ], [ -1.5627247, 43.2906527 ], [ -1.5337842, 43.2961917 ], [ -1.5047007, 43.2952664 ], [ -1.4899966, 43.2832042 ], [ -1.4369794, 43.2685462 ], [ -1.4056085, 43.2727223 ], [ -1.3829704, 43.255538 ], [ -1.376943, 43.23015 ], [ -1.3832445, 43.2256217 ], [ -1.3812186, 43.1909509 ], [ -1.400534, 43.1803552 ], [ -1.4010439, 43.1574992 ], [ -1.4131364, 43.1488796 ], [ -1.4136312, 43.130714 ], [ -1.4720599, 43.0885034 ], [ -1.4400735, 43.0480653 ], [ -1.3523796, 43.0298874 ], [ -1.3412099, 43.0563182 ], [ -1.3432981, 43.096411 ], [ -1.3182849, 43.1146575 ], [ -1.2687679, 43.1201687 ], [ -1.2981672, 43.0941446 ], [ -1.3072188, 43.0710918 ], [ -1.268263, 43.0569933 ], [ -1.2622707, 43.0461136 ], [ -1.2467394, 43.0445904 ], [ -1.2278711, 43.0575623 ], [ -1.2108638, 43.053335499999989 ], [ -1.1798141, 43.0341159 ], [ -1.1730109, 43.0391767 ], [ -1.1438587, 43.0276598 ], [ -1.1401113, 43.0094995 ], [ -1.1139034, 43.0250989 ], [ -1.1054198, 43.016412699999989 ], [ -1.0809397, 43.0128249 ], [ -1.0850224, 43.0042572 ], [ -1.0706359, 42.999758 ], [ -1.0066643, 42.9927351 ], [ -0.9949285, 42.9767915 ], [ -0.9437322, 42.9553155 ], [ -0.9060557, 42.9662849 ], [ -0.8633983, 42.9528165 ], [ -0.8074571, 42.9533171 ], [ -0.7661357, 42.9708592 ], [ -0.7504956, 42.9689938 ], [ -0.7421854, 42.9524698 ], [ -0.7294163, 42.947031 ], [ -0.7261538, 42.9211228 ], [ -0.7818372, 42.9235918 ], [ -0.8177223, 42.9025354 ], [ -0.812259, 42.8900692 ], [ -0.8171608, 42.8712331 ], [ -0.8554625, 42.8487529 ], [ -0.8500698, 42.8094524 ], [ -0.8586367, 42.800428 ], [ -0.8461618, 42.7877868 ], [ -0.8634681, 42.7652189 ], [ -0.8991667, 42.7623339 ], [ -0.8997177, 42.7445845 ], [ -0.9216177, 42.7458678 ], [ -0.9473106, 42.7133194 ], [ -1.0266186, 42.7019266 ], [ -1.0378238, 42.6934996 ], [ -1.0311279, 42.6774652 ], [ -1.0354459, 42.6535039 ], [ -1.0519235, 42.6442765 ], [ -1.1510499, 42.6494319 ], [ -1.1562932, 42.6123331 ], [ -1.1695113, 42.6189191 ], [ -1.1786801, 42.609728 ], [ -1.1567981, 42.6014166 ], [ -1.2005629, 42.5801029 ], [ -1.2014333, 42.5515245 ], [ -1.2248096, 42.5441106 ], [ -1.2634139, 42.5586692 ], [ -1.2867823, 42.5246568 ], [ -1.2921206, 42.5128211 ], [ -1.2853762, 42.5003913 ], [ -1.2737567, 42.4976249 ], [ -1.2713756, 42.4842327 ], [ -1.280006, 42.4663148 ], [ -1.3138523, 42.4510863 ], [ -1.3401539, 42.4258042 ], [ -1.3584214, 42.3802284 ], [ -1.3492613, 42.3719381 ], [ -1.334867, 42.3738716 ], [ -1.3277289, 42.3572506 ], [ -1.3977304, 42.2931666 ], [ -1.3885339, 42.2803929 ], [ -1.4160854, 42.2136375 ], [ -1.3904198, 42.1814524 ], [ -1.3975304, 42.128084 ], [ -1.3654082, 42.1088249 ], [ -1.3509261, 42.0749347 ], [ -1.3092413, 42.074176 ], [ -1.3034711, 42.0448124 ], [ -1.33817, 42.0198776 ], [ -1.3730053, 41.9638623 ], [ -1.3847035, 41.9588854 ], [ -1.3808869, 41.9452039 ], [ -1.4022051, 41.9369381 ], [ -1.4168981, 41.9154447 ], [ -1.4725853, 41.9264834 ], [ -1.5004165, 41.926141 ], [ -1.5219626, 41.9117568 ], [ -1.5570098, 41.9157068 ], [ -1.594908, 41.9289576 ], [ -1.6155228, 41.9533707 ], [ -1.6528031, 41.9672171 ], [ -1.6622922, 41.961851 ], [ -1.6747317, 41.9683364 ], [ -1.6848951, 41.9553404 ], [ -1.7138798, 41.9588295 ], [ -1.7329646, 41.965768499999989 ], [ -1.7655596, 41.9976576 ], [ -1.7910064, 41.9915591 ], [ -1.8090084, 41.9998898 ], [ -1.8323661, 41.9969324 ], [ -1.8458485, 42.0098664 ], [ -1.8538916, 42.0044728 ], [ -1.8634986, 42.0169522 ], [ -1.8706793, 42.0145463 ], [ -1.8816115, 42.0281968 ], [ -1.9002412, 42.0315488 ], [ -1.9044675, 42.0689293 ], [ -1.8389391, 42.129995099999988 ], [ -1.8310802, 42.1501006 ], [ -1.8202822, 42.1554388 ], [ -1.7776667, 42.1395723 ], [ -1.76337, 42.152281099999989 ], [ -1.7384023, 42.151604 ], [ -1.7185551, 42.1353079 ], [ -1.6783176, 42.1535561 ], [ -1.6919984, 42.1598456 ], [ -1.6995563, 42.1749916 ], [ -1.6801096, 42.1942846 ], [ -1.7028991, 42.1938973 ], [ -1.7043731, 42.2088894 ], [ -1.7240042, 42.216404399999988 ], [ -1.7648525, 42.2235274 ], [ -1.7681323, 42.2162396 ], [ -1.7785662, 42.2261678 ], [ -1.798649, 42.2246688 ], [ -1.8184414, 42.2348093 ], [ -1.8192533, 42.251054 ], [ -1.829111, 42.2463283 ], [ -1.8475998, 42.2607902 ], [ -1.8544236, 42.2515204 ], [ -1.8713482, 42.2548291 ], [ -1.8649943, 42.2778867 ], [ -1.8693224, 42.2908335 ], [ -1.9132817, 42.3028059 ], [ -1.9057264, 42.3103441 ], [ -1.9180414, 42.3188732 ], [ -1.917179, 42.3288336 ], [ -1.9307543, 42.3241794 ], [ -1.9414223, 42.3371935 ], [ -1.9626675, 42.3355865 ], [ -1.9682594, 42.354369399999989 ], [ -1.9773116, 42.3517572 ], [ -1.9941879, 42.3654773 ], [ -2.0052686, 42.3628553 ], [ -2.0135176, 42.371184 ], [ -2.0686525, 42.3443935 ], [ -2.0886321, 42.3488404 ], [ -2.0776411, 42.3706286 ], [ -2.0914822, 42.3776906 ], [ -2.0862191, 42.3854952 ], [ -2.1142884, 42.4013943 ], [ -2.1037504, 42.4178102 ], [ -2.1504479, 42.4204989 ] ], [ [ -2.2388987, 42.6872226 ], [ -2.240144, 42.6841858 ], [ -2.2317834, 42.6900906 ], [ -2.2388987, 42.6872226 ] ], [ [ -1.6416028, 42.9768572 ], [ -1.6456215, 42.9837401 ], [ -1.6490177, 42.9821312 ], [ -1.6416028, 42.9768572 ] ] ], [ [ [ -1.1830484, 42.4028882 ], [ -1.1814638, 42.4257627 ], [ -1.1436158, 42.4437354 ], [ -1.157412, 42.4115296 ], [ -1.1830484, 42.4028882 ] ] ], [ [ [ -1.0682395, 42.4683718 ], [ -1.0496017, 42.4437863 ], [ -1.0554238, 42.4359857 ], [ -1.1280052, 42.448586399999989 ], [ -1.101491, 42.4861984 ], [ -1.0837812, 42.4852281 ], [ -1.0847071, 42.4751941 ], [ -1.0682395, 42.4683718 ] ] ] ] } },
{ "type": "Feature", "properties": { "COD_PROV": "32" }, "geometry": { "type": "Polygon", "coordinates": [ [ [ -7.9875737, 41.8695642 ], [ -8.0120691, 41.830735499999989 ], [ -8.0370885, 41.8320241 ], [ -8.0563452, 41.8180876 ], [ -8.0926718, 41.8108686 ], [ -8.1287598, 41.8108512 ], [ -8.1639167, 41.820193599999989 ], [ -8.1605049, 41.8625624 ], [ -8.1694105, 41.8809684 ], [ -8.1985288, 41.8759396 ], [ -8.2040533, 41.8954246 ], [ -8.2135315, 41.8997987 ], [ -8.2158293, 41.9155502 ], [ -8.1971498, 41.9416608 ], [ -8.17431, 41.9566665 ], [ -8.1622802, 41.9846232 ], [ -8.1393972, 41.9907027 ], [ -8.1263992, 42.0073388 ], [ -8.0842643, 42.0188959 ], [ -8.083094, 42.0492878 ], [ -8.0956946, 42.0737275 ], [ -8.1173205, 42.0840276 ], [ -8.1811217, 42.0687782 ], [ -8.191917, 42.130470099999989 ], [ -8.1876919, 42.1456428 ], [ -8.197847, 42.1563257 ], [ -8.1795741, 42.1602884 ], [ -8.159971, 42.1810704 ], [ -8.1748499, 42.1876174 ], [ -8.1784907, 42.2118333 ], [ -8.1910684, 42.2110382 ], [ -8.1628578, 42.22401 ], [ -8.1715801, 42.234681 ], [ -8.1606472, 42.2460315 ], [ -8.202253, 42.246434 ], [ -8.2109245, 42.2377203 ], [ -8.2319163, 42.235482 ], [ -8.240472, 42.2469035 ], [ -8.2633873, 42.2547808 ], [ -8.2717091, 42.2843311 ], [ -8.2607508, 42.3168936 ], [ -8.2836109, 42.3195756 ], [ -8.3040398, 42.3419015 ], [ -8.3235083, 42.3469664 ], [ -8.3162669, 42.3582133 ], [ -8.3233082, 42.3711306 ], [ -8.3135102, 42.3829015 ], [ -8.3370687, 42.4353521 ], [ -8.341005, 42.4678641 ], [ -8.3651513, 42.4892673 ], [ -8.3514271, 42.4826807 ], [ -8.3392965, 42.4943212 ], [ -8.3015336, 42.4921266 ], [ -8.273567, 42.5103088 ], [ -8.2625374, 42.527598499999989 ], [ -8.2382915, 42.5400839 ], [ -8.216384, 42.5357745 ], [ -8.1726605, 42.5738879 ], [ -8.1456359, 42.5505869 ], [ -8.0882541, 42.5596099 ], [ -8.0581756, 42.5506003 ], [ -8.0472325, 42.5568206 ], [ -8.015201, 42.544625 ], [ -7.9909442, 42.574451 ], [ -7.963687, 42.5685257 ], [ -7.9267964, 42.5804414 ], [ -7.9103506, 42.5579834 ], [ -7.8888352, 42.5521083 ], [ -7.887526, 42.5400384 ], [ -7.9227999, 42.526956 ], [ -7.9003949, 42.5232708 ], [ -7.9119733, 42.5102964 ], [ -7.8742068, 42.512858 ], [ -7.8766857, 42.5045343 ], [ -7.86029, 42.506023 ], [ -7.8408771, 42.492424799999988 ], [ -7.8183266, 42.4937375 ], [ -7.79859, 42.481935 ], [ -7.7633825, 42.4955979 ], [ -7.7471002, 42.4818981 ], [ -7.7871432, 42.4753923 ], [ -7.7876902, 42.4679053 ], [ -7.7515214, 42.452938 ], [ -7.7379635, 42.4585423 ], [ -7.7119645, 42.454287699999988 ], [ -7.6931026, 42.4298457 ], [ -7.6609334, 42.4249404 ], [ -7.6296551, 42.4084825 ], [ -7.6154392, 42.3861349 ], [ -7.5735946, 42.4067564 ], [ -7.5397289, 42.386317 ], [ -7.4999218, 42.3906188 ], [ -7.464612, 42.4090638 ], [ -7.4463067, 42.4089495 ], [ -7.3980283, 42.4374662 ], [ -7.3686821, 42.4232647 ], [ -7.3057157, 42.431352 ], [ -7.289605, 42.4164877 ], [ -7.2682055, 42.4168293 ], [ -7.2465866, 42.3918098 ], [ -7.2188438, 42.3890908 ], [ -7.2286121, 42.3779342 ], [ -7.2297115, 42.361048 ], [ -7.2014506, 42.3276041 ], [ -7.1892937, 42.3659476 ], [ -7.1706308, 42.3811338 ], [ -7.1649778, 42.4063536 ], [ -7.1459522, 42.423485 ], [ -7.1504861, 42.4343503 ], [ -7.0987835, 42.4604794 ], [ -7.0990494, 42.4697608 ], [ -7.0750945, 42.4984497 ], [ -7.0758275, 42.510092 ], [ -7.0445247, 42.5096807 ], [ -7.0274581, 42.499765 ], [ -6.999729, 42.5076003 ], [ -6.9778493, 42.4951526 ], [ -6.9588601, 42.5196632 ], [ -6.9309668, 42.5224454 ], [ -6.8588345, 42.4906571 ], [ -6.8397922, 42.4908193 ], [ -6.8361605, 42.4974803 ], [ -6.8215513, 42.4927552 ], [ -6.824242, 42.4876033 ], [ -6.8073666, 42.4713479 ], [ -6.8211399, 42.4558604 ], [ -6.8205512, 42.4351986 ], [ -6.8134185, 42.4288352 ], [ -6.8235768, 42.4277929 ], [ -6.819731, 42.4233123 ], [ -6.8300553, 42.4102545 ], [ -6.8422835, 42.4077456 ], [ -6.8195749, 42.3875427 ], [ -6.7729252, 42.3807269 ], [ -6.7653118, 42.3669478 ], [ -6.7327218, 42.3610085 ], [ -6.7399156, 42.3005628 ], [ -6.7647185, 42.2728721 ], [ -6.7657681, 42.2593592 ], [ -6.7863356, 42.2560782 ], [ -6.8019478, 42.2405687 ], [ -6.7859118, 42.2176238 ], [ -6.7954811, 42.2109506 ], [ -6.8011093, 42.220362 ], [ -6.8423737, 42.2302069 ], [ -6.8856669, 42.2162556 ], [ -6.899854, 42.1915265 ], [ -6.9135486, 42.1913296 ], [ -6.9422907, 42.1741616 ], [ -6.9433304, 42.143584399999988 ], [ -6.9551997, 42.1313598 ], [ -6.9885951, 42.1232152 ], [ -6.9888068, 42.1044424 ], [ -7.0016279, 42.0981707 ], [ -7.0019849, 42.0857942 ], [ -7.0323662, 42.0761411 ], [ -7.0297876, 42.0652016 ], [ -7.0114534, 42.054615 ], [ -6.9735718, 42.0570604 ], [ -6.9718816, 42.0410097 ], [ -6.9599196, 42.0291073 ], [ -6.9891677, 41.9916338 ], [ -6.9830193, 41.9728033 ], [ -7.0050163, 41.9524157 ], [ -7.0412012, 41.956945 ], [ -7.0652957, 41.9509437 ], [ -7.0756279, 41.9540772 ], [ -7.0863439, 41.9758208 ], [ -7.1400658, 41.9927481 ], [ -7.1567456, 41.9782863 ], [ -7.175894, 41.9819375 ], [ -7.1854495, 41.9717856 ], [ -7.180362, 41.9536113 ], [ -7.1887081, 41.9436636 ], [ -7.1722902, 41.9214453 ], [ -7.1960794, 41.8819658 ], [ -7.3151411, 41.8447006 ], [ -7.3550577, 41.8420206 ], [ -7.3626226, 41.8546256 ], [ -7.3888039, 41.8442339 ], [ -7.4010484, 41.8236856 ], [ -7.4260869, 41.8093873 ], [ -7.425545, 41.8348529 ], [ -7.4429339, 41.8416816 ], [ -7.4515957, 41.8670517 ], [ -7.4838247, 41.8631928 ], [ -7.4897865, 41.8733222 ], [ -7.5009373, 41.8715456 ], [ -7.511939, 41.8640703 ], [ -7.5042032, 41.8523826 ], [ -7.5198821, 41.8438336 ], [ -7.6113614, 41.8311578 ], [ -7.61116, 41.8482729 ], [ -7.5850655, 41.8839391 ], [ -7.6537279, 41.8835741 ], [ -7.6959874, 41.9094206 ], [ -7.7334514, 41.8965964 ], [ -7.7627168, 41.9012105 ], [ -7.7856813, 41.8863152 ], [ -7.84378, 41.8834516 ], [ -7.8444118, 41.8658571 ], [ -7.8752886, 41.8513857 ], [ -7.8907304, 41.8618467 ], [ -7.8830822, 41.8833138 ], [ -7.8864382, 41.9289692 ], [ -7.9077715, 41.9247991 ], [ -7.9197784, 41.8809419 ], [ -7.9470442, 41.8728718 ], [ -7.9697811, 41.8780718 ], [ -7.9875737, 41.8695642 ] ] ] } },
{ "type": "Feature", "properties": { "COD_PROV": "33" }, "geometry": { "type": "MultiPolygon", "coordinates": [ [ [ [ -6.4323955, 42.9660494 ], [ -6.4403686, 42.9491974 ], [ -6.431859, 42.941645 ], [ -6.4759719, 42.9358639 ], [ -6.4885288, 42.9221387 ], [ -6.5093364, 42.930624 ], [ -6.533247, 42.9240689 ], [ -6.5399949, 42.9143975 ], [ -6.6052642, 42.9179939 ], [ -6.6116878, 42.9264462 ], [ -6.6897588, 42.9241866 ], [ -6.7214217, 42.9193787 ], [ -6.7554315, 42.884952399999989 ], [ -6.7724734, 42.8847233 ], [ -6.7694327, 42.9005184 ], [ -6.8345599, 42.9182422 ], [ -6.8406382, 42.9300919 ], [ -6.8348545, 42.9596579 ], [ -6.8635679, 42.9857272 ], [ -6.8793715, 42.9932501 ], [ -6.9090865, 42.9920322 ], [ -6.9394042, 43.0132834 ], [ -6.9453189, 43.0343447 ], [ -6.9558702, 43.038673 ], [ -6.9632148, 43.0284583 ], [ -6.9548407, 42.9980379 ], [ -6.9709227, 42.995958 ], [ -6.995939, 43.0213763 ], [ -6.9956882, 43.0296064 ], [ -6.9859936, 43.0311323 ], [ -6.9806796, 43.043267 ], [ -6.9712409, 43.0322594 ], [ -6.9634058, 43.0365661 ], [ -6.9608656, 43.0542899 ], [ -6.9668278, 43.0576395 ], [ -6.9492103, 43.0700809 ], [ -6.9505847, 43.0780831 ], [ -6.9369003, 43.088586 ], [ -6.9143598, 43.0753149 ], [ -6.8927545, 43.0936915 ], [ -6.8701119, 43.0930989 ], [ -6.826368, 43.1250774 ], [ -6.8203166, 43.1451328 ], [ -6.8376747, 43.1680333 ], [ -6.8605858, 43.184143 ], [ -6.8704744, 43.1817544 ], [ -6.8670072, 43.1919107 ], [ -6.885035, 43.1686722 ], [ -6.8841679, 43.1586909 ], [ -6.9009083, 43.1569867 ], [ -6.9403274, 43.1337188 ], [ -6.9561264, 43.1373679 ], [ -6.9794585, 43.1687447 ], [ -6.9638808, 43.1889786 ], [ -6.9697814, 43.2061389 ], [ -7.000208, 43.2091655 ], [ -7.0083459, 43.2247711 ], [ -7.0188169, 43.2151297 ], [ -7.0640524, 43.251343 ], [ -7.0702712, 43.2731092 ], [ -7.0585456, 43.3072241 ], [ -7.096257, 43.3033566 ], [ -7.113989, 43.3280632 ], [ -7.129509, 43.3321396 ], [ -7.1262894, 43.3744893 ], [ -7.1358305, 43.3846524 ], [ -7.1550222, 43.376483 ], [ -7.1754772, 43.3844332 ], [ -7.1809691, 43.393919 ], [ -7.173332, 43.407281 ], [ -7.1673059, 43.4054839 ], [ -7.1755619, 43.4165346 ], [ -7.1685443, 43.424047 ], [ -7.1717432, 43.432303 ], [ -7.101641, 43.4289209 ], [ -7.0966828, 43.4436644 ], [ -7.0841768, 43.4463914 ], [ -7.0890775, 43.4558408 ], [ -7.0464084, 43.4797875 ], [ -7.0438725, 43.5171418 ], [ -7.0289316, 43.536872 ], [ -7.0306349, 43.5464452 ], [ -7.02017, 43.551192 ], [ -7.0276256, 43.5583004 ], [ -6.9716986, 43.5590515 ], [ -6.9461702, 43.5695882 ], [ -6.9441457, 43.5771129 ], [ -6.875126, 43.5654078 ], [ -6.8525196, 43.572574 ], [ -6.8506025, 43.564654 ], [ -6.829531, 43.5687755 ], [ -6.8074849, 43.5567087 ], [ -6.7825061, 43.5583409 ], [ -6.7814286, 43.5672279 ], [ -6.7657141, 43.5707718 ], [ -6.7565134, 43.5634025 ], [ -6.7320687, 43.5661315 ], [ -6.723634, 43.558259 ], [ -6.6251214, 43.5738645 ], [ -6.6114483, 43.5630612 ], [ -6.6012778, 43.5669105 ], [ -6.5971358, 43.555787 ], [ -6.5411949, 43.5564636 ], [ -6.532229, 43.5470993 ], [ -6.5308903, 43.5523627 ], [ -6.4742146, 43.5516336 ], [ -6.4697318, 43.5725057 ], [ -6.4265828, 43.5545049 ], [ -6.3949632, 43.5619514 ], [ -6.3530568, 43.5528694 ], [ -6.2557109, 43.5790187 ], [ -6.2415977, 43.597372299999989 ], [ -6.2194519, 43.5814629 ], [ -6.2081771, 43.5865372 ], [ -6.201658, 43.5743894 ], [ -6.1871578, 43.5813496 ], [ -6.1909752, 43.5703105 ], [ -6.1845717, 43.5650258 ], [ -6.1523838, 43.5701037 ], [ -6.1108234, 43.5572679 ], [ -6.0912487, 43.5598955 ], [ -6.075848, 43.5720721 ], [ -6.075254, 43.5664862 ], [ -6.0629893, 43.567581 ], [ -6.0270103, 43.5881679 ], [ -6.0157428, 43.5894929 ], [ -5.9968639, 43.575747299999989 ], [ -5.9733931, 43.5837324 ], [ -5.9590356, 43.5803969 ], [ -5.9409322, 43.5906418 ], [ -5.9377395, 43.5963061 ], [ -5.9446749, 43.6003226 ], [ -5.9247892, 43.600555 ], [ -5.9120593, 43.6096671 ], [ -5.9124613, 43.6261981 ], [ -5.8808873, 43.6253134 ], [ -5.8651186, 43.6330677 ], [ -5.8565664, 43.6422404 ], [ -5.8572792, 43.6570052 ], [ -5.8384713, 43.663408 ], [ -5.8292171, 43.6425159 ], [ -5.8195602, 43.646508 ], [ -5.8094736, 43.644244 ], [ -5.8076581, 43.6342863 ], [ -5.7822629, 43.6333151 ], [ -5.7816071, 43.6209878 ], [ -5.7901894, 43.6154917 ], [ -5.7741715, 43.6077983 ], [ -5.7697889, 43.6100373 ], [ -5.7545454, 43.5850241 ], [ -5.7086821, 43.5707245 ], [ -5.6967065, 43.5773554 ], [ -5.6948163, 43.5691364 ], [ -5.6751193, 43.5731445 ], [ -5.6944375, 43.5686951 ], [ -5.6904851, 43.5630793 ], [ -5.6997903, 43.5704314 ], [ -5.6939995, 43.5513733 ], [ -5.6824108, 43.5594229 ], [ -5.6936861, 43.5451766 ], [ -5.6682175, 43.5438919 ], [ -5.6625683, 43.5516487 ], [ -5.6480152, 43.5444154 ], [ -5.6163614, 43.560631 ], [ -5.6080872, 43.5516561 ], [ -5.5302691, 43.548074 ], [ -5.5153966, 43.5550736 ], [ -5.4932536, 43.5467915 ], [ -5.4082639, 43.5579952 ], [ -5.396017, 43.5526253 ], [ -5.3855648, 43.5324503 ], [ -5.3841483, 43.539531 ], [ -5.3705035, 43.5422347 ], [ -5.3524706, 43.5343069 ], [ -5.294206, 43.537931 ], [ -5.2633689, 43.5195562 ], [ -5.2681009, 43.5111253 ], [ -5.2135963, 43.4756662 ], [ -5.1483408, 43.479199 ], [ -5.1277352, 43.4871365 ], [ -5.0429777, 43.4633366 ], [ -4.9355108, 43.459599 ], [ -4.9270705, 43.4651244 ], [ -4.8696501, 43.4422818 ], [ -4.8404014, 43.4488427 ], [ -4.83491, 43.4356217 ], [ -4.8138759, 43.442099899999988 ], [ -4.8052103, 43.4340968 ], [ -4.7683139, 43.4323324 ], [ -4.7103523, 43.4116126 ], [ -4.6181942, 43.3979255 ], [ -4.5799939, 43.4019377 ], [ -4.5649655, 43.3928502 ], [ -4.5458185, 43.4022247 ], [ -4.5110029, 43.3951518 ], [ -4.5093175, 43.3824781 ], [ -4.5196349, 43.3680161 ], [ -4.5331678, 43.370204699999988 ], [ -4.5295334, 43.3606525 ], [ -4.5375458, 43.3573485 ], [ -4.5381802, 43.3458257 ], [ -4.5217231, 43.339956699999988 ], [ -4.5257539, 43.3294776 ], [ -4.5172954, 43.2959052 ], [ -4.5204375, 43.2824919 ], [ -4.5347314, 43.2720612 ], [ -4.5515098, 43.2738074 ], [ -4.553967, 43.2899651 ], [ -4.6052773, 43.3024197 ], [ -4.6347635, 43.2783204 ], [ -4.6306093, 43.2695188 ], [ -4.7047679, 43.2687356 ], [ -4.7296723, 43.2592024 ], [ -4.7203874, 43.2313584 ], [ -4.734805, 43.2108524 ], [ -4.7325441, 43.192312 ], [ -4.7445356, 43.185987 ], [ -4.7766494, 43.1939316 ], [ -4.8177723, 43.180831 ], [ -4.8397533, 43.1826491 ], [ -4.837931, 43.1916294 ], [ -4.8604172, 43.2074908 ], [ -4.8588851, 43.2202767 ], [ -4.8723423, 43.2315293 ], [ -4.8923066, 43.2403487 ], [ -4.9112855, 43.2387527 ], [ -4.9181963, 43.2293822 ], [ -4.9626467, 43.2143109 ], [ -4.995337, 43.1872638 ], [ -4.9955887, 43.1749683 ], [ -5.0196438, 43.1869806 ], [ -5.07459, 43.1834027 ], [ -5.0771854, 43.1623387 ], [ -5.0936133, 43.1448772 ], [ -5.0897967, 43.1313953 ], [ -5.1004676, 43.1037192 ], [ -5.1394112, 43.1047898 ], [ -5.1465354, 43.1169925 ], [ -5.2189256, 43.0855248 ], [ -5.2672395, 43.0894313 ], [ -5.2808571, 43.0793006 ], [ -5.3354339, 43.083827 ], [ -5.343554, 43.0960617 ], [ -5.367873, 43.09645 ], [ -5.3818416, 43.0891112 ], [ -5.3891892, 43.0512097 ], [ -5.4772636, 43.0567843 ], [ -5.4924932, 43.0232271 ], [ -5.5047431, 43.0305148 ], [ -5.5391523, 43.0202282 ], [ -5.5688855, 43.0246067 ], [ -5.573345, 43.0341047 ], [ -5.6354533, 43.0372375 ], [ -5.6920945, 43.0583587 ], [ -5.7271222, 43.044391 ], [ -5.7652592, 42.9879635 ], [ -5.7616466, 42.9730304 ], [ -5.8027543, 42.9644949 ], [ -5.8418808, 42.9661575 ], [ -5.8626599, 42.9832625 ], [ -5.8878999, 42.9809059 ], [ -5.8859558, 42.9959668 ], [ -5.9133676, 42.9945767 ], [ -5.9184089, 43.004668 ], [ -5.9554942, 43.0204747 ], [ -5.9689958, 43.0431757 ], [ -5.965878, 43.0602379 ], [ -5.9879623, 43.0697026 ], [ -6.0189633, 43.056758 ], [ -6.0806283, 43.077598 ], [ -6.0906015, 43.0688003 ], [ -6.0885668, 43.040033699999988 ], [ -6.0956523, 43.0325234 ], [ -6.135419, 43.0228747 ], [ -6.1771532, 43.0496802 ], [ -6.2126487, 43.0485448 ], [ -6.2255616, 43.0107975 ], [ -6.263629, 43.0190448 ], [ -6.2839443, 43.038255 ], [ -6.2939203, 43.0287924 ], [ -6.3252468, 43.0332148 ], [ -6.3319102, 43.0483725 ], [ -6.3578418, 43.061463 ], [ -6.3723007, 43.0429929 ], [ -6.3958023, 43.0402093 ], [ -6.3931074, 43.0184998 ], [ -6.4098626, 43.0188201 ], [ -6.4063327, 43.001376 ], [ -6.4237666, 42.9894934 ], [ -6.4358558, 42.9949186 ], [ -6.4451962, 42.9840578 ], [ -6.4776453, 42.9916375 ], [ -6.4717695, 42.9696411 ], [ -6.4323955, 42.9660494 ] ] ], [ [ [ -6.6592062, 43.5698686 ], [ -6.6595547, 43.5709181 ], [ -6.6574316, 43.5710311 ], [ -6.6592062, 43.5698686 ] ] ], [ [ [ -5.7787041, 43.6133941 ], [ -5.7802601, 43.6127373 ], [ -5.7808979, 43.6144774 ], [ -5.7787041, 43.6133941 ] ] ], [ [ [ -5.8625301, 43.6633759 ], [ -5.8648577, 43.6653771 ], [ -5.8618927, 43.6661464 ], [ -5.8625301, 43.6633759 ] ] ], [ [ [ -4.7876068, 43.4354708 ], [ -4.7893096, 43.4379118 ], [ -4.7864029, 43.4378138 ], [ -4.7876068, 43.4354708 ] ] ], [ [ [ -4.8068563, 43.4404271 ], [ -4.8068928, 43.4391575 ], [ -4.8101126, 43.4427082 ], [ -4.8068563, 43.4404271 ] ] ] ] } },
{ "type": "Feature", "properties": { "COD_PROV": "34" }, "geometry": { "type": "MultiPolygon", "coordinates": [ [ [ [ -4.6684237, 41.9023845 ], [ -4.7269927, 41.8707081 ], [ -4.7251858, 41.8563954 ], [ -4.7571674, 41.8276667 ], [ -4.7879948, 41.8199041 ], [ -4.8370141, 41.9004129 ], [ -4.866442, 41.9194818 ], [ -4.8678311, 41.9336075 ], [ -4.8885238, 41.9346649 ], [ -4.9105434, 41.9175404 ], [ -4.9266828, 41.9169104 ], [ -4.9311935, 41.9285343 ], [ -4.9483329, 41.9357114 ], [ -4.9824303, 41.9119084 ], [ -5.0035966, 41.9398287 ], [ -4.9928199, 41.9644512 ], [ -4.9748548, 41.9754959 ], [ -4.9742398, 41.9954297 ], [ -4.9642848, 42.008938 ], [ -4.9347507, 42.0197968 ], [ -4.9484435, 42.052896 ], [ -4.9264898, 42.0753766 ], [ -4.902919, 42.080273 ], [ -4.9165664, 42.0926739 ], [ -4.9108743, 42.0931741 ], [ -4.927448, 42.1201934 ], [ -4.9262374, 42.1520948 ], [ -4.961184, 42.1514828 ], [ -4.9651383, 42.1576404 ], [ -4.9930483, 42.1467824 ], [ -5.0137683, 42.1586768 ], [ -5.0257081, 42.155793 ], [ -5.0306355, 42.1755102 ], [ -5.0111334, 42.1916394 ], [ -5.023406, 42.221773 ], [ -5.0090792, 42.229995 ], [ -5.0077098, 42.2441327 ], [ -5.017546, 42.2557379 ], [ -5.0073976, 42.2633373 ], [ -5.0008774, 42.2910087 ], [ -4.9722381, 42.2905678 ], [ -4.9521831, 42.299036 ], [ -4.9411667, 42.3293836 ], [ -4.9412312, 42.3484294 ], [ -4.9829399, 42.3397539 ], [ -4.9712871, 42.3762644 ], [ -4.9019727, 42.3884056 ], [ -4.913048, 42.403072 ], [ -4.9135602, 42.416327 ], [ -4.9037177, 42.4264336 ], [ -4.9086573, 42.4357904 ], [ -4.9227189, 42.4380206 ], [ -4.8987326, 42.4525592 ], [ -4.8867227, 42.538906 ], [ -4.9132484, 42.5465962 ], [ -4.9139665, 42.5621184 ], [ -4.9012507, 42.5798371 ], [ -4.9035401, 42.605014 ], [ -4.8933921, 42.6257423 ], [ -4.8991502, 42.6711235 ], [ -4.8893092, 42.6947081 ], [ -4.870403, 42.7098686 ], [ -4.8900172, 42.7252858 ], [ -4.9146264, 42.7224371 ], [ -4.9171968, 42.73611 ], [ -4.9350942, 42.7463449 ], [ -4.9342941, 42.7583352 ], [ -4.9193552, 42.7593407 ], [ -4.9078214, 42.7813089 ], [ -4.8946103, 42.7870495 ], [ -4.9016334, 42.8111819 ], [ -4.8872889, 42.8430099 ], [ -4.8995406, 42.8534696 ], [ -4.8971033, 42.8650082 ], [ -4.8643165, 42.8624234 ], [ -4.8542328, 42.893581 ], [ -4.8371203, 42.8971888 ], [ -4.8365899, 42.9086054 ], [ -4.8079658, 42.932215 ], [ -4.80138, 42.951381 ], [ -4.8059821, 42.9695798 ], [ -4.794402, 42.9757418 ], [ -4.7935473, 42.9885223 ], [ -4.7656644, 43.0034368 ], [ -4.7557187, 43.0173756 ], [ -4.7298186, 43.0241184 ], [ -4.7184368, 43.0191206 ], [ -4.6982386, 43.0285255 ], [ -4.6368608, 43.0185439 ], [ -4.604813, 43.0376378 ], [ -4.5571768, 43.0213838 ], [ -4.5196476, 43.0492462 ], [ -4.4744401, 43.0405711 ], [ -4.4618236, 43.0619309 ], [ -4.4462772, 43.0604091 ], [ -4.3968391, 43.0367356 ], [ -4.370938, 42.9965016 ], [ -4.346047, 42.974023 ], [ -4.2609462, 42.9671383 ], [ -4.2372094, 42.9562423 ], [ -4.2354221, 42.9189808 ], [ -4.2212843, 42.9128459 ], [ -4.2293312, 42.8985598 ], [ -4.2176444, 42.8523871 ], [ -4.1980602, 42.846625 ], [ -4.1799197, 42.8605632 ], [ -4.1429762, 42.8704835 ], [ -4.1439718, 42.8640883 ], [ -4.1248349, 42.8585062 ], [ -4.1271923, 42.8481354 ], [ -4.1391628, 42.8308733 ], [ -4.1553294, 42.8396602 ], [ -4.1772836, 42.8281182 ], [ -4.1841476, 42.8191688 ], [ -4.1814215, 42.8122179 ], [ -4.1486318, 42.791181 ], [ -4.097201, 42.7930558 ], [ -4.0927904, 42.7751943 ], [ -4.0840791, 42.774053 ], [ -4.0800548, 42.7633381 ], [ -4.1082718, 42.7357541 ], [ -4.122704, 42.738045 ], [ -4.1234965, 42.7535264 ], [ -4.1448533, 42.75401 ], [ -4.1841051, 42.7380569 ], [ -4.2172931, 42.7065616 ], [ -4.2476439, 42.7002549 ], [ -4.2557637, 42.68999 ], [ -4.2663628, 42.696149 ], [ -4.265415, 42.7071741 ], [ -4.2918939, 42.692776699999989 ], [ -4.2854288, 42.688282 ], [ -4.2886975, 42.6810606 ], [ -4.274756, 42.6749466 ], [ -4.275916, 42.6451454 ], [ -4.2625958, 42.6198328 ], [ -4.29132, 42.607842 ], [ -4.28512, 42.5849674 ], [ -4.269535, 42.5832668 ], [ -4.3040699, 42.5726858 ], [ -4.2963605, 42.5622536 ], [ -4.3020551, 42.557236 ], [ -4.2764154, 42.5465658 ], [ -4.2708718, 42.5218619 ], [ -4.2849275, 42.5138506 ], [ -4.2613702, 42.5137155 ], [ -4.2457656, 42.4965953 ], [ -4.2437904, 42.4736803 ], [ -4.2531391, 42.470328 ], [ -4.2413174, 42.4581188 ], [ -4.305753, 42.4552329 ], [ -4.3158175, 42.4608083 ], [ -4.3340684, 42.4324909 ], [ -4.3296804, 42.3928264 ], [ -4.3203124, 42.3817759 ], [ -4.2746755, 42.393803 ], [ -4.271452, 42.3875966 ], [ -4.2792434, 42.3656623 ], [ -4.2635455, 42.3543905 ], [ -4.2684269, 42.3411063 ], [ -4.2556062, 42.326413 ], [ -4.2638475, 42.3252164 ], [ -4.2606138, 42.3115629 ], [ -4.2506097, 42.3118779 ], [ -4.2428314, 42.2612784 ], [ -4.2273394, 42.2514119 ], [ -4.2360355, 42.2385918 ], [ -4.2256557, 42.2314364 ], [ -4.2301655, 42.2103223 ], [ -4.2140117, 42.2087663 ], [ -4.1873708, 42.1782525 ], [ -4.1896918, 42.1657915 ], [ -4.2048297, 42.1558618 ], [ -4.1995057, 42.1521265 ], [ -4.2041475, 42.1364858 ], [ -4.1856263, 42.1282945 ], [ -4.1431178, 42.1313377 ], [ -4.1408116, 42.1214988 ], [ -4.1196601, 42.1301562 ], [ -4.102508, 42.111561 ], [ -4.0549352, 42.1027852 ], [ -4.0762146, 42.0845495 ], [ -4.1017648, 42.0889172 ], [ -4.1028361, 42.0635005 ], [ -4.0786175, 42.0386562 ], [ -4.062409, 42.0455172 ], [ -4.0466138, 42.0409255 ], [ -4.0379779, 42.0552257 ], [ -3.9950421, 42.0468416 ], [ -3.9812441, 42.053203 ], [ -3.9698026, 42.0350875 ], [ -3.9935079, 42.0072798 ], [ -4.013506, 42.0004599 ], [ -4.0317082, 41.9559574 ], [ -3.9894312, 41.9616266 ], [ -3.9089284, 41.9988392 ], [ -3.8901969, 41.9985187 ], [ -3.8897665, 41.9624338 ], [ -3.9353293, 41.958863 ], [ -3.9509112, 41.9371839 ], [ -3.9800686, 41.9325789 ], [ -3.9794275, 41.9024937 ], [ -4.0182832, 41.880413 ], [ -4.0875566, 41.872527399999989 ], [ -4.0780497, 41.8503255 ], [ -4.0867794, 41.846542 ], [ -4.0887979, 41.832742599999989 ], [ -4.0367244, 41.7917284 ], [ -4.0396026, 41.7702324 ], [ -4.0703563, 41.7724972 ], [ -4.0839153, 41.781025 ], [ -4.0982619, 41.77627 ], [ -4.1219263, 41.8091863 ], [ -4.1525941, 41.7980915 ], [ -4.1931454, 41.8059101 ], [ -4.2138513, 41.80146 ], [ -4.2347589, 41.8158449 ], [ -4.2461755, 41.8048066 ], [ -4.2589688, 41.8071355 ], [ -4.2853149, 41.7767612 ], [ -4.3055265, 41.7778027 ], [ -4.3163775, 41.7653227 ], [ -4.3904331, 41.7891539 ], [ -4.4409273, 41.7605292 ], [ -4.4529804, 41.7610444 ], [ -4.4999272, 41.773284 ], [ -4.4911438, 41.7805333 ], [ -4.4860848, 41.8219759 ], [ -4.4598898, 41.8222387 ], [ -4.4770566, 41.8304685 ], [ -4.4720409, 41.8449069 ], [ -4.507334, 41.83419 ], [ -4.5108677, 41.825182 ], [ -4.5479, 41.8328933 ], [ -4.5468154, 41.8208672 ], [ -4.5648286, 41.8144537 ], [ -4.631547, 41.8650424 ], [ -4.6360506, 41.8899882 ], [ -4.6684237, 41.9023845 ] ], [ [ -4.2618709, 42.7323551 ], [ -4.2500531, 42.7284238 ], [ -4.2437795, 42.7378493 ], [ -4.2594602, 42.7405849 ], [ -4.2618709, 42.7323551 ] ] ], [ [ [ -4.034103, 42.0979144 ], [ -4.0321641, 42.1088464 ], [ -4.0230509, 42.0829447 ], [ -4.0306648, 42.0805096 ], [ -4.0263278, 42.0897265 ], [ -4.034103, 42.0979144 ] ] ], [ [ [ -4.064364, 42.1653735 ], [ -4.07321, 42.157996 ], [ -4.0608649, 42.1334534 ], [ -4.1087647, 42.1450576 ], [ -4.1105707, 42.1604521 ], [ -4.0929555, 42.159594 ], [ -4.0750182, 42.1697323 ], [ -4.064364, 42.1653735 ] ] ], [ [ [ -4.0270617, 42.7922008 ], [ -4.0316327, 42.8031293 ], [ -4.0128952, 42.8082495 ], [ -4.0194925, 42.8212205 ], [ -4.0022671, 42.8332792 ], [ -3.9946545, 42.7880941 ], [ -4.0018052, 42.7652285 ], [ -4.0446248, 42.7684846 ], [ -4.0489296, 42.7816747 ], [ -4.0424669, 42.7906658 ], [ -4.0270617, 42.7922008 ] ] ], [ [ [ -4.0935857, 42.825923 ], [ -4.0877792, 42.801762599999989 ], [ -4.0997569, 42.7958398 ], [ -4.1111592, 42.8241863 ], [ -4.0935857, 42.825923 ] ] ], [ [ [ -4.1598119, 42.8149856 ], [ -4.1732755, 42.8134892 ], [ -4.1810615, 42.8222174 ], [ -4.1617934, 42.8228198 ], [ -4.1598119, 42.8149856 ] ] ] ] } },
{ "type": "Feature", "properties": { "COD_PROV": "35" }, "geometry": { "type": "MultiPolygon", "coordinates": [ [ [ [ -9.7384449, 34.5721269 ], [ -9.7507428, 34.5301622 ], [ -9.8156554, 34.5142249 ], [ -9.8869122, 34.480473 ], [ -9.8969, 34.4550563 ], [ -9.9309242, 34.4514475 ], [ -9.9504308, 34.4632528 ], [ -9.9589924, 34.4592724 ], [ -9.9930788, 34.469262799999989 ], [ -10.0068561, 34.4603022 ], [ -10.0272812, 34.4817068 ], [ -10.0373041, 34.4802728 ], [ -10.1366367, 34.5396383 ], [ -10.1902851, 34.6109267 ], [ -10.1875725, 34.6466373 ], [ -10.1966661, 34.6711431 ], [ -10.1811245, 34.7066592 ], [ -10.187186, 34.7151299 ], [ -10.1551954, 34.7213676 ], [ -10.1309258, 34.7407763 ], [ -10.1301515, 34.7490958 ], [ -10.1000077, 34.760551 ], [ -10.0828779, 34.7769414 ], [ -10.0733015, 34.7916044 ], [ -10.074786, 34.8272961 ], [ -10.063683, 34.8586755 ], [ -10.0777285, 34.8723966 ], [ -10.0506443, 34.8781435 ], [ -10.0477344, 34.8697856 ], [ -10.0342932, 34.867538 ], [ -10.0019798, 34.8819961 ], [ -9.9749596, 34.8591623 ], [ -9.961139, 34.8567764 ], [ -9.9032119, 34.8615057 ], [ -9.882712, 34.8717302 ], [ -9.8301101, 34.8561718 ], [ -9.8179249, 34.845561 ], [ -9.7948268, 34.8523104 ], [ -9.7802182, 34.8681075 ], [ -9.7828991, 34.8788956 ], [ -9.7932814, 34.883272 ], [ -9.790698, 34.8905855 ], [ -9.7734835, 34.9027952 ], [ -9.7569798, 34.9010109 ], [ -9.7497919, 34.8888881 ], [ -9.7540161, 34.8621706 ], [ -9.756196, 34.8828548 ], [ -9.7645771, 34.851514 ], [ -9.7655813, 34.8694214 ], [ -9.7766597, 34.8690265 ], [ -9.7720122, 34.8638891 ], [ -9.7777836, 34.8588265 ], [ -9.7735207, 34.8615305 ], [ -9.7771183, 34.851549 ], [ -9.7563604, 34.8266663 ], [ -9.761404, 34.7856336 ], [ -9.7492388, 34.7648848 ], [ -9.7244643, 34.754629 ], [ -9.7206287, 34.7423203 ], [ -9.7076682, 34.736111 ], [ -9.7084874, 34.7243258 ], [ -9.6999701, 34.7184459 ], [ -9.7157069, 34.6985123 ], [ -9.7114328, 34.6776333 ], [ -9.6863004, 34.6618661 ], [ -9.7115877, 34.6560257 ], [ -9.7206144, 34.616835 ], [ -9.7056196, 34.6026854 ], [ -9.7089166, 34.5845113 ], [ -9.7384449, 34.5721269 ] ], [ [ -9.7774878, 34.6315837 ], [ -9.8044033, 34.6556082 ], [ -9.7774878, 34.6315836 ], [ -9.761206, 34.6313052 ], [ -9.7774878, 34.6315837 ] ] ], [ [ [ -8.2423049, 35.0299024 ], [ -8.2692931, 35.0075166 ], [ -8.3352542, 34.997829 ], [ -8.4873762, 34.9538532 ], [ -8.552181, 34.8708998 ], [ -8.6015147, 34.8275693 ], [ -8.7426194, 34.8524929 ], [ -8.7908029, 34.842161 ], [ -8.7727742, 34.8597303 ], [ -8.7815376, 34.8748855 ], [ -8.7738282, 34.8853519 ], [ -8.7625208, 34.8756648 ], [ -8.7355619, 34.8822353 ], [ -8.7301852, 34.8775048 ], [ -8.6489922, 34.8974313 ], [ -8.5799636, 34.9336055 ], [ -8.4980048, 35.0000245 ], [ -8.4868867, 35.016341 ], [ -8.4822625, 35.0492578 ], [ -8.4896482, 35.0769144 ], [ -8.4818322, 35.1172717 ], [ -8.4561343, 35.13607 ], [ -8.4411568, 35.1601094 ], [ -8.4394117, 35.2025775 ], [ -8.4293142, 35.230096 ], [ -8.3830419, 35.2691826 ], [ -8.3484132, 35.3390456 ], [ -8.3512119, 35.3479787 ], [ -8.3197766, 35.3938417 ], [ -8.3271563, 35.4118556 ], [ -8.2997896, 35.4750928 ], [ -8.3115149, 35.4921534 ], [ -8.3089055, 35.5138333 ], [ -8.2994706, 35.5083601 ], [ -8.2927068, 35.5220459 ], [ -8.2701736, 35.5333282 ], [ -8.2485642, 35.5353988 ], [ -8.2328805, 35.546609 ], [ -8.2282931, 35.5401086 ], [ -8.2165119, 35.55328 ], [ -8.2046732, 35.5472562 ], [ -8.1787527, 35.5606582 ], [ -8.158298, 35.5465615 ], [ -8.1493999, 35.549042 ], [ -8.1479669, 35.5366487 ], [ -8.1250402, 35.532495 ], [ -8.110031, 35.5005187 ], [ -8.0938491, 35.3620765 ], [ -8.1059273, 35.3489669 ], [ -8.1018629, 35.3331353 ], [ -8.1091075, 35.3117483 ], [ -8.1258067, 35.3046462 ], [ -8.1336435, 35.2871867 ], [ -8.120796, 35.2680821 ], [ -8.1244346, 35.2394551 ], [ -8.112158, 35.2308186 ], [ -8.1086112, 35.2082563 ], [ -8.1185844, 35.2005849 ], [ -8.1421853, 35.1313081 ], [ -8.1513879, 35.1301874 ], [ -8.1492913, 35.1198846 ], [ -8.1581773, 35.107881 ], [ -8.1518709, 35.0890398 ], [ -8.1640192, 35.0787965 ], [ -8.1717186, 35.0564338 ], [ -8.1969054, 35.0333296 ], [ -8.2423049, 35.0299024 ] ] ], [ [ [ -8.1195418, 35.5582299 ], [ -8.0977432, 35.5731335 ], [ -8.1007375, 35.5434166 ], [ -8.1195418, 35.5582299 ] ] ], [ [ [ -7.9225193, 35.7369267 ], [ -7.9877108, 35.7307597 ], [ -8.028049, 35.7152169 ], [ -8.0361891, 35.6856537 ], [ -8.0741679, 35.6475223 ], [ -8.0918431, 35.6671342 ], [ -8.1012138, 35.6623156 ], [ -8.1146903, 35.66927 ], [ -8.1309309, 35.6618236 ], [ -8.147842, 35.6670796 ], [ -8.1665376, 35.6589183 ], [ -8.1795294, 35.6898298 ], [ -8.1565906, 35.7003988 ], [ -8.1265845, 35.7358123 ], [ -8.133506, 35.7578848 ], [ -8.132535, 35.8139643 ], [ -8.1191373, 35.8397506 ], [ -8.080231, 35.8720849 ], [ -8.065292, 35.8755089 ], [ -8.0590741, 35.886786 ], [ -8.0251837, 35.8957852 ], [ -8.0092167, 35.8909326 ], [ -7.9550364, 35.9269396 ], [ -7.9586065, 35.9376237 ], [ -7.9390612, 35.9392167 ], [ -7.9305166, 35.9316523 ], [ -7.8977796, 35.9535907 ], [ -7.8495457, 35.9357523 ], [ -7.8289722, 35.9457698 ], [ -7.815476, 35.9631434 ], [ -7.8144096, 35.990584399999989 ], [ -7.7909108, 36.041483299999989 ], [ -7.7636718, 36.0627283 ], [ -7.7580436, 36.0508839 ], [ -7.7118935, 36.0354437 ], [ -7.7058828, 36.0110672 ], [ -7.7127617, 35.9818041 ], [ -7.7493792, 35.9543906 ], [ -7.7481279, 35.9405535 ], [ -7.7308206, 35.926693 ], [ -7.7302324, 35.9107214 ], [ -7.7462059, 35.8803404 ], [ -7.7421624, 35.8443228 ], [ -7.7535884, 35.8389422 ], [ -7.7632998, 35.8167895 ], [ -7.8028995, 35.7986923 ], [ -7.8055753, 35.786058 ], [ -7.8038934, 35.7955538 ], [ -7.8098063, 35.7955335 ], [ -7.8241464, 35.7745954 ], [ -7.8404197, 35.7779646 ], [ -7.8789055, 35.7671859 ], [ -7.8903808, 35.7526865 ], [ -7.9225193, 35.7369267 ] ] ], [ [ [ -7.7996553, 36.0521569 ], [ -7.8329226, 36.0370662 ], [ -7.847238, 36.0473476 ], [ -7.8249572, 36.0638204 ], [ -7.8223964, 36.0910402 ], [ -7.8097722, 36.1127129 ], [ -7.7692272, 36.0929394 ], [ -7.7996553, 36.0521569 ] ] ], [ [ [ -7.833055, 36.1242272 ], [ -7.8349775, 36.1114258 ], [ -7.841719, 36.108983 ], [ -7.8440553, 36.1224141 ], [ -7.833055, 36.1242272 ] ] ], [ [ [ -7.821471, 36.2371626 ], [ -7.79517, 36.226109 ], [ -7.8147088, 36.2061764 ], [ -7.8399005, 36.2059854 ], [ -7.8428903, 36.2175098 ], [ -7.821471, 36.2371626 ] ] ] ] } },
{ "type": "Feature", "properties": { "COD_PROV": "36" }, "geometry": { "type": "MultiPolygon", "coordinates": [ [ [ [ -8.8720482, 41.8721212 ], [ -8.8808915, 41.883676 ], [ -8.8731262, 41.9018082 ], [ -8.8864629, 41.939684 ], [ -8.8855315, 41.9899278 ], [ -8.8759199, 42.0048865 ], [ -8.8865934, 42.0170667 ], [ -8.8807017, 42.0427716 ], [ -8.8944652, 42.0688966 ], [ -8.8906619, 42.0841536 ], [ -8.8981859, 42.1123096 ], [ -8.8676617, 42.1169041 ], [ -8.8501817, 42.1300337 ], [ -8.8398701, 42.1177417 ], [ -8.8249633, 42.1167017 ], [ -8.8193203, 42.1434656 ], [ -8.8477238, 42.1517469 ], [ -8.8490264, 42.1585132 ], [ -8.8203259, 42.1592746 ], [ -8.8138168, 42.1911403 ], [ -8.7784911, 42.2058902 ], [ -8.7743136, 42.2242158 ], [ -8.7563301, 42.2256994 ], [ -8.7523536, 42.2327045 ], [ -8.7489029, 42.2336517 ], [ -8.739154, 42.2344763 ], [ -8.7519114, 42.2326367 ], [ -8.7397633, 42.2278546 ], [ -8.7318766, 42.2413116 ], [ -8.7248869, 42.2450573 ], [ -8.7067554, 42.2453871 ], [ -8.7017361, 42.2618412 ], [ -8.6759576, 42.2662664 ], [ -8.6603612, 42.2862676 ], [ -8.6096748, 42.2894329 ], [ -8.6197781, 42.2924644 ], [ -8.613884, 42.3027914 ], [ -8.625647, 42.3109367 ], [ -8.6104915, 42.3285521 ], [ -8.6107614, 42.3474968 ], [ -8.6357937, 42.349219 ], [ -8.6436774, 42.3403764 ], [ -8.6349547, 42.328339 ], [ -8.6532405, 42.3233766 ], [ -8.6608793, 42.3125448 ], [ -8.6507374, 42.2994085 ], [ -8.6886775, 42.2819193 ], [ -8.7115808, 42.2772749 ], [ -8.7163082, 42.29064 ], [ -8.7192047, 42.2846157 ], [ -8.7299107, 42.2888956 ], [ -8.7373216, 42.2728154 ], [ -8.7648194, 42.2597743 ], [ -8.7827741, 42.2651434 ], [ -8.7911763, 42.2485512 ], [ -8.8115106, 42.2610838 ], [ -8.8262114, 42.2529623 ], [ -8.8550268, 42.2632906 ], [ -8.8627092, 42.2482886 ], [ -8.8721531, 42.251863 ], [ -8.8548148, 42.3117593 ], [ -8.8302361, 42.2801142 ], [ -8.8161899, 42.280699 ], [ -8.822178, 42.2990407 ], [ -8.8171036, 42.315387 ], [ -8.8355587, 42.3424052 ], [ -8.7994932, 42.3410626 ], [ -8.7911679, 42.3290538 ], [ -8.7700971, 42.3342352 ], [ -8.754027, 42.3423905 ], [ -8.7356371, 42.3777025 ], [ -8.7055899, 42.4003164 ], [ -8.6929188, 42.3969341 ], [ -8.6901215, 42.4023846 ], [ -8.6958595, 42.4015024 ], [ -8.6558142, 42.4252231 ], [ -8.6532551, 42.4337667 ], [ -8.6806216, 42.4228953 ], [ -8.6888213, 42.4418952 ], [ -8.7738003, 42.3896237 ], [ -8.7809021, 42.3975126 ], [ -8.8136123, 42.4026661 ], [ -8.8379455, 42.386004 ], [ -8.8631676, 42.4124126 ], [ -8.8800831, 42.4168795 ], [ -8.871044, 42.4354296 ], [ -8.8820518, 42.4570273 ], [ -8.909965, 42.4642618 ], [ -8.9230832, 42.4530784 ], [ -8.9322315, 42.4545671 ], [ -8.9430816, 42.465272 ], [ -8.935229, 42.4713148 ], [ -8.9371341, 42.4817844 ], [ -8.9128194, 42.4771047 ], [ -8.8917182, 42.4880521 ], [ -8.8892522, 42.4831749 ], [ -8.88238, 42.4898922 ], [ -8.890861, 42.4957394 ], [ -8.8699939, 42.5034554 ], [ -8.8723018, 42.4971987 ], [ -8.8569257, 42.4942075 ], [ -8.8550828, 42.4747766 ], [ -8.8710506, 42.4644234 ], [ -8.8678571, 42.4499343 ], [ -8.8467003, 42.4626231 ], [ -8.8192616, 42.4536074 ], [ -8.8206824, 42.4698115 ], [ -8.8323144, 42.471854 ], [ -8.8257687, 42.4763852 ], [ -8.8301699, 42.4865578 ], [ -8.8236456, 42.4977378 ], [ -8.8178578, 42.4914868 ], [ -8.8028833, 42.5019621 ], [ -8.8117919, 42.4995118 ], [ -8.8203921, 42.508525899999988 ], [ -8.8122944, 42.5323965 ], [ -8.8286128, 42.5227065 ], [ -8.8247353, 42.5408996 ], [ -8.8382221, 42.5531285 ], [ -8.8334416, 42.5625547 ], [ -8.8238529, 42.5538875 ], [ -8.8177496, 42.5614283 ], [ -8.83166, 42.5651212 ], [ -8.8297897, 42.577296 ], [ -8.7945497, 42.581593399999988 ], [ -8.7979369, 42.5860574 ], [ -8.787483, 42.5901069 ], [ -8.7844192, 42.6015961 ], [ -8.771469, 42.5951765 ], [ -8.7663385, 42.606885 ], [ -8.7778586, 42.6159966 ], [ -8.7278543, 42.6686232 ], [ -8.7238547, 42.7009608 ], [ -8.7161808, 42.7082853 ], [ -8.6765086, 42.7137391 ], [ -8.6537999, 42.7224192 ], [ -8.6497528, 42.7310731 ], [ -8.6227722, 42.7161732 ], [ -8.6054446, 42.7170703 ], [ -8.598738, 42.7450359 ], [ -8.5534792, 42.7486417 ], [ -8.5553456, 42.7625212 ], [ -8.532322, 42.7538268 ], [ -8.4920178, 42.7583214 ], [ -8.468697, 42.7455857 ], [ -8.4058093, 42.7561254 ], [ -8.4142937, 42.7661296 ], [ -8.398927, 42.7823047 ], [ -8.3902447, 42.7785935 ], [ -8.391075, 42.791084399999988 ], [ -8.3531724, 42.7807764 ], [ -8.3308834, 42.7961443 ], [ -8.3292454, 42.8292315 ], [ -8.3414645, 42.8303709 ], [ -8.3444352, 42.8378558 ], [ -8.3285486, 42.8439998 ], [ -8.3248345, 42.8331198 ], [ -8.3142939, 42.8478151 ], [ -8.3091248, 42.8323576 ], [ -8.2922478, 42.8315291 ], [ -8.2983879, 42.8208184 ], [ -8.2782727, 42.8128122 ], [ -8.2756792, 42.823555 ], [ -8.2540273, 42.8383272 ], [ -8.245433, 42.8297367 ], [ -8.2351403, 42.8347187 ], [ -8.209187, 42.8256062 ], [ -8.2047921, 42.834134 ], [ -8.2195966, 42.846208 ], [ -8.2021506, 42.8462108 ], [ -8.1825108, 42.86193 ], [ -8.1368557, 42.8448906 ], [ -8.1189545, 42.8522496 ], [ -8.1151609, 42.8430737 ], [ -8.0876469, 42.8555645 ], [ -8.0705747, 42.8543433 ], [ -8.0590908, 42.8449946 ], [ -8.061926, 42.8380804 ], [ -8.0447235, 42.8333949 ], [ -8.012382, 42.8521155 ], [ -7.9831778, 42.8442556 ], [ -7.9676659, 42.8515822 ], [ -7.9551975, 42.8416553 ], [ -7.9792751, 42.8132481 ], [ -7.9773825, 42.7808755 ], [ -7.9341617, 42.7416525 ], [ -7.8651816, 42.7225451 ], [ -7.8602181, 42.7081068 ], [ -7.8913968, 42.6795707 ], [ -7.8863085, 42.6627897 ], [ -7.8913437, 42.6315423 ], [ -7.9180674, 42.586236 ], [ -7.963687, 42.5685257 ], [ -7.9909442, 42.574451 ], [ -8.015201, 42.544625 ], [ -8.0472325, 42.5568206 ], [ -8.0581756, 42.5506003 ], [ -8.0882541, 42.5596099 ], [ -8.1456359, 42.5505869 ], [ -8.1726605, 42.5738879 ], [ -8.216384, 42.5357745 ], [ -8.2382915, 42.5400839 ], [ -8.2625374, 42.527598499999989 ], [ -8.273567, 42.5103088 ], [ -8.3015336, 42.4921266 ], [ -8.3392965, 42.4943212 ], [ -8.3514271, 42.4826807 ], [ -8.3651513, 42.4892673 ], [ -8.341005, 42.4678641 ], [ -8.3370687, 42.4353521 ], [ -8.3135102, 42.3829015 ], [ -8.3233082, 42.3711306 ], [ -8.3162669, 42.3582133 ], [ -8.3235083, 42.3469664 ], [ -8.3040398, 42.3419015 ], [ -8.2836109, 42.3195756 ], [ -8.2607508, 42.3168936 ], [ -8.2717091, 42.2843311 ], [ -8.2633873, 42.2547808 ], [ -8.240472, 42.2469035 ], [ -8.2319163, 42.235482 ], [ -8.2109245, 42.2377203 ], [ -8.202253, 42.246434 ], [ -8.1606472, 42.2460315 ], [ -8.1715801, 42.234681 ], [ -8.1628578, 42.22401 ], [ -8.1910684, 42.2110382 ], [ -8.1735813, 42.2057085 ], [ -8.1748499, 42.1876174 ], [ -8.1603343, 42.1828545 ], [ -8.1651371, 42.1746619 ], [ -8.2210251, 42.1357176 ], [ -8.2522252, 42.1387094 ], [ -8.2574427, 42.1233003 ], [ -8.2731777, 42.1252151 ], [ -8.2990495, 42.1074635 ], [ -8.3217386, 42.1035296 ], [ -8.3307096, 42.0861253 ], [ -8.3688227, 42.0909237 ], [ -8.3798552, 42.0791974 ], [ -8.4042043, 42.0821714 ], [ -8.4277985, 42.0741677 ], [ -8.4527572, 42.0848022 ], [ -8.5263333, 42.0795446 ], [ -8.5240577, 42.06686 ], [ -8.5561494, 42.0532177 ], [ -8.5918627, 42.0570141 ], [ -8.6368645, 42.0483607 ], [ -8.6556811, 42.0336925 ], [ -8.6602862, 42.0061997 ], [ -8.6787387, 41.9922408 ], [ -8.7445424, 41.966046 ], [ -8.7541888, 41.9367466 ], [ -8.82235, 41.9064368 ], [ -8.8494667, 41.8792357 ], [ -8.8720482, 41.8721212 ] ] ], [ [ [ -8.853168, 42.1467789 ], [ -8.8570692, 42.1501151 ], [ -8.8529432, 42.1490578 ], [ -8.853168, 42.1467789 ] ] ], [ [ [ -8.9115948, 42.197558 ], [ -8.9075074, 42.20939 ], [ -8.8879148, 42.194043 ], [ -8.9055787, 42.1935482 ], [ -8.9115948, 42.197558 ] ] ], [ [ [ -8.7986977, 42.2019621 ], [ -8.803793, 42.2022071 ], [ -8.7987321, 42.204976 ], [ -8.7986977, 42.2019621 ] ] ], [ [ [ -8.8944426, 42.2287233 ], [ -8.8990702, 42.2179723 ], [ -8.9155333, 42.2146713 ], [ -8.9045469, 42.2266828 ], [ -8.9172606, 42.251967 ], [ -8.9009579, 42.2445199 ], [ -8.8944426, 42.2287233 ] ] ], [ [ [ -8.937553, 42.3449201 ], [ -8.9324169, 42.3508017 ], [ -8.933166, 42.3456234 ], [ -8.937553, 42.3449201 ] ] ], [ [ [ -8.9477898, 42.3632096 ], [ -8.9378141, 42.3726036 ], [ -8.9450545, 42.3826605 ], [ -8.9310095, 42.4004291 ], [ -8.9202775, 42.4016356 ], [ -8.9374942, 42.3571458 ], [ -8.9477898, 42.3632096 ] ] ], [ [ [ -8.84074, 42.5019397 ], [ -8.8512823, 42.4847214 ], [ -8.8451136, 42.5022673 ], [ -8.84074, 42.5019397 ] ] ], [ [ [ -8.8325559, 42.4912772 ], [ -8.8357515, 42.4917638 ], [ -8.8329501, 42.4990268 ], [ -8.8325559, 42.4912772 ] ] ], [ [ [ -8.8974765, 42.545878 ], [ -8.8997516, 42.5391639 ], [ -8.9032813, 42.5417355 ], [ -8.8974765, 42.545878 ] ] ], [ [ [ -8.912989, 42.5456525 ], [ -8.9145391, 42.5500646 ], [ -8.9105741, 42.5474063 ], [ -8.912989, 42.5456525 ] ] ], [ [ [ -8.865844, 42.52911 ], [ -8.881287, 42.5314213 ], [ -8.8700204, 42.5340517 ], [ -8.8789521, 42.5420455 ], [ -8.8680376, 42.5586751 ], [ -8.8707184, 42.56465 ], [ -8.8855318, 42.5627707 ], [ -8.8900313, 42.5710904 ], [ -8.8829521, 42.5753176 ], [ -8.8736032, 42.575889 ], [ -8.8681618, 42.5655635 ], [ -8.8551538, 42.5689149 ], [ -8.8610474, 42.5560719 ], [ -8.8507885, 42.5476862 ], [ -8.8653368, 42.5444475 ], [ -8.865844, 42.52911 ] ] ], [ [ [ -8.7875658, 42.6222226 ], [ -8.7770307, 42.6203425 ], [ -8.7895929, 42.6174108 ], [ -8.7875658, 42.6222226 ] ] ], [ [ [ -8.7069895, 42.4095636 ], [ -8.7074206, 42.4167071 ], [ -8.7041428, 42.4137933 ], [ -8.7069895, 42.4095636 ] ] ] ] } },
{ "type": "Feature", "properties": { "COD_PROV": "37" }, "geometry": { "type": "Polygon", "coordinates": [ [ [ -6.4735352, 40.3720162 ], [ -6.5592312, 40.3309498 ], [ -6.5635668, 40.3165128 ], [ -6.5549968, 40.2926761 ], [ -6.5698672, 40.2813564 ], [ -6.6136286, 40.2679614 ], [ -6.6705805, 40.2651308 ], [ -6.6889663, 40.2445626 ], [ -6.7170549, 40.2711401 ], [ -6.7506089, 40.2517536 ], [ -6.7544352, 40.2408219 ], [ -6.7803868, 40.2509916 ], [ -6.8009944, 40.2514582 ], [ -6.7989631, 40.243943 ], [ -6.8055271, 40.2434203 ], [ -6.8333589, 40.2494801 ], [ -6.8639271, 40.2725362 ], [ -6.8591178, 40.3022618 ], [ -6.8164585, 40.3280066 ], [ -6.7930156, 40.3306954 ], [ -6.7922984, 40.3579904 ], [ -6.7798286, 40.366575 ], [ -6.8336321, 40.4100563 ], [ -6.8485269, 40.4544832 ], [ -6.8135558, 40.5035384 ], [ -6.7938552, 40.513824 ], [ -6.8040338, 40.5425047 ], [ -6.7996553, 40.5525386 ], [ -6.8436469, 40.567787 ], [ -6.836388, 40.5961351 ], [ -6.8066952, 40.6314309 ], [ -6.7927139, 40.663592 ], [ -6.8043002, 40.670595 ], [ -6.8098297, 40.7192318 ], [ -6.8234393, 40.7315861 ], [ -6.8299132, 40.7542286 ], [ -6.8157889, 40.8030854 ], [ -6.8248609, 40.8448041 ], [ -6.7991149, 40.8501842 ], [ -6.8087665, 40.884672 ], [ -6.8289271, 40.8867333 ], [ -6.8482564, 40.9041 ], [ -6.84781, 40.9264653 ], [ -6.859365, 40.9513585 ], [ -6.908034, 41.0013087 ], [ -6.9203684, 41.0052456 ], [ -6.9288895, 41.031982 ], [ -6.9139076, 41.0408393 ], [ -6.865269, 41.0287867 ], [ -6.8071602, 41.0383868 ], [ -6.8079583, 41.0458264 ], [ -6.7787968, 41.0691662 ], [ -6.7526098, 41.105575 ], [ -6.7691347, 41.1263523 ], [ -6.7662142, 41.1371193 ], [ -6.697019, 41.1853987 ], [ -6.6907387, 41.2102303 ], [ -6.6515956, 41.2375506 ], [ -6.6465566, 41.249471 ], [ -6.5966724, 41.2465225 ], [ -6.5901792, 41.2573604 ], [ -6.5837292, 41.2437381 ], [ -6.570046, 41.2409302 ], [ -6.550313, 41.2475495 ], [ -6.5462593, 41.2590666 ], [ -6.520611, 41.2779025 ], [ -6.510596, 41.2661215 ], [ -6.4774723, 41.2768626 ], [ -6.4903846, 41.2864056 ], [ -6.4784912, 41.2962501 ], [ -6.4763401, 41.2894793 ], [ -6.4530918, 41.2939791 ], [ -6.4441331, 41.2857572 ], [ -6.4157086, 41.2846688 ], [ -6.4135156, 41.2778784 ], [ -6.3710589, 41.2882013 ], [ -6.346411, 41.2745824 ], [ -6.3164646, 41.2727932 ], [ -6.2977321, 41.2592208 ], [ -6.2669505, 41.2575045 ], [ -6.2239631, 41.2296282 ], [ -6.1332808, 41.192282 ], [ -6.1080914, 41.2145096 ], [ -6.0728226, 41.2132139 ], [ -6.0607896, 41.2229461 ], [ -6.045499, 41.2109064 ], [ -6.0076124, 41.2023902 ], [ -6.0262791, 41.1810175 ], [ -6.0206043, 41.1571536 ], [ -6.0013454, 41.1550288 ], [ -5.9779959, 41.1764681 ], [ -5.9520229, 41.1419928 ], [ -5.9326451, 41.1533493 ], [ -5.9313427, 41.1679644 ], [ -5.9119106, 41.1802308 ], [ -5.9201066, 41.2200451 ], [ -5.8964493, 41.2404852 ], [ -5.8339965, 41.2222349 ], [ -5.8074768, 41.2263609 ], [ -5.7640711, 41.2177129 ], [ -5.7500232, 41.227748399999989 ], [ -5.6777118, 41.2337601 ], [ -5.6557282, 41.2474361 ], [ -5.6332213, 41.2337596 ], [ -5.6270951, 41.2163451 ], [ -5.5866988, 41.2043272 ], [ -5.5638351, 41.2189258 ], [ -5.5168459, 41.1967538 ], [ -5.5051757, 41.1821641 ], [ -5.4840203, 41.1807397 ], [ -5.483106, 41.147389 ], [ -5.4685955, 41.159835 ], [ -5.4756434, 41.180208 ], [ -5.4168683, 41.1895464 ], [ -5.4063597, 41.1874782 ], [ -5.3953436, 41.164929 ], [ -5.4006191, 41.1510948 ], [ -5.3857282, 41.1377391 ], [ -5.355752, 41.1427079 ], [ -5.3306131, 41.1198632 ], [ -5.3162541, 41.1206933 ], [ -5.2966216, 41.1277602 ], [ -5.2893576, 41.1487224 ], [ -5.2973741, 41.1639901 ], [ -5.2867237, 41.1792072 ], [ -5.2872294, 41.197501 ], [ -5.2517288, 41.2016602 ], [ -5.2280176, 41.191727 ], [ -5.2169806, 41.1614681 ], [ -5.2066883, 41.1687195 ], [ -5.178418, 41.1691762 ], [ -5.1236885, 41.1339281 ], [ -5.1279253, 41.1072589 ], [ -5.1501598, 41.0872186 ], [ -5.1517528, 41.0656278 ], [ -5.1395522, 41.0391288 ], [ -5.1025103, 41.0283912 ], [ -5.0886013, 40.9985145 ], [ -5.0983996, 40.9914543 ], [ -5.0952312, 40.9803681 ], [ -5.1036019, 40.9621388 ], [ -5.1263617, 40.9560014 ], [ -5.1108338, 40.9206004 ], [ -5.1142884, 40.9041772 ], [ -5.1288159, 40.9022097 ], [ -5.1625714, 40.8702691 ], [ -5.1677206, 40.8418803 ], [ -5.1562345, 40.8260003 ], [ -5.1602702, 40.8158898 ], [ -5.1763935, 40.8071561 ], [ -5.1831763, 40.7905806 ], [ -5.2177575, 40.7748585 ], [ -5.2132026, 40.7597147 ], [ -5.248711, 40.7447678 ], [ -5.2916132, 40.7121549 ], [ -5.3275255, 40.7073095 ], [ -5.3359334, 40.6911623 ], [ -5.3842306, 40.6733388 ], [ -5.3845803, 40.6652332 ], [ -5.3646656, 40.6506623 ], [ -5.3771917, 40.6473789 ], [ -5.3719407, 40.6406947 ], [ -5.3817287, 40.6226496 ], [ -5.4215036, 40.607139599999989 ], [ -5.4464274, 40.5814829 ], [ -5.4984371, 40.5834766 ], [ -5.4996387, 40.599242 ], [ -5.5150015, 40.5872689 ], [ -5.5170979, 40.5656698 ], [ -5.5275038, 40.5559395 ], [ -5.5234724, 40.5426232 ], [ -5.4368235, 40.5681745 ], [ -5.4298535, 40.5691237 ], [ -5.4243327, 40.558529 ], [ -5.4457698, 40.5219112 ], [ -5.4490918, 40.4993496 ], [ -5.460733, 40.4930755 ], [ -5.4643269, 40.4678054 ], [ -5.4813364, 40.4585687 ], [ -5.5086133, 40.4655544 ], [ -5.5190387, 40.4497696 ], [ -5.51015, 40.4453804 ], [ -5.5098928, 40.429918 ], [ -5.5259269, 40.4243272 ], [ -5.5435371, 40.4249852 ], [ -5.5733864, 40.4461397 ], [ -5.5598439, 40.4633412 ], [ -5.5597073, 40.4789893 ], [ -5.6329586, 40.4623368 ], [ -5.6553419, 40.4386918 ], [ -5.6899767, 40.4238838 ], [ -5.6772153, 40.3886003 ], [ -5.6856278, 40.3782631 ], [ -5.6851468, 40.3572584 ], [ -5.6718188, 40.3504259 ], [ -5.7131069, 40.3271955 ], [ -5.7431728, 40.2907539 ], [ -5.7637812, 40.2826685 ], [ -5.7919354, 40.2885957 ], [ -5.8015264, 40.2995247 ], [ -5.7807823, 40.3143475 ], [ -5.7963048, 40.3551375 ], [ -5.8156348, 40.3528019 ], [ -5.8459203, 40.3299384 ], [ -5.8537706, 40.3402666 ], [ -5.883039, 40.3284977 ], [ -5.9159705, 40.2795889 ], [ -5.9909441, 40.300904 ], [ -6.0152286, 40.3184143 ], [ -6.0148162, 40.3421844 ], [ -6.050964, 40.3434425 ], [ -6.104518, 40.3586877 ], [ -6.0811797, 40.3651051 ], [ -6.0851294, 40.3799234 ], [ -6.0712786, 40.3895078 ], [ -6.0841294, 40.3918141 ], [ -6.0637587, 40.3984978 ], [ -6.1282855, 40.4226833 ], [ -6.1149267, 40.443479 ], [ -6.1458182, 40.4380143 ], [ -6.1565316, 40.4588686 ], [ -6.179241, 40.4640916 ], [ -6.2001768, 40.4847778 ], [ -6.2300719, 40.4885473 ], [ -6.2741324, 40.4604126 ], [ -6.3434524, 40.4446742 ], [ -6.3643611, 40.4242691 ], [ -6.3606771, 40.4089835 ], [ -6.3747775, 40.4020875 ], [ -6.417639, 40.4011874 ], [ -6.4384611, 40.3834766 ], [ -6.4371297, 40.3746701 ], [ -6.4735352, 40.3720162 ] ], [ [ -6.5309456, 40.5425925 ], [ -6.5338742, 40.532731 ], [ -6.533874049671515, 40.532731169477323 ], [ -6.5309456, 40.5425925 ] ], [ [ -6.505816, 40.7665156 ], [ -6.5014832, 40.7755803 ], [ -6.5121818, 40.7830084 ], [ -6.5014833, 40.7755803 ], [ -6.505816, 40.7665156 ] ] ] } },
{ "type": "Feature", "properties": { "COD_PROV": "38" }, "geometry": { "type": "MultiPolygon", "coordinates": [ [ [ [ -12.4481966, 34.2168794 ], [ -12.4832206, 34.2250261 ], [ -12.5057709, 34.2528758 ], [ -12.5288447, 34.2648612 ], [ -12.6331684, 34.2703204 ], [ -12.6480501, 34.2814751 ], [ -12.6399539, 34.2979712 ], [ -12.6411382, 34.3256545 ], [ -12.6213468, 34.3378499 ], [ -12.5670535, 34.3228078 ], [ -12.5200339, 34.334431 ], [ -12.4725672, 34.3749395 ], [ -12.4789849, 34.3963428 ], [ -12.4220408, 34.4255432 ], [ -12.3842076, 34.4213071 ], [ -12.3610828, 34.3855431 ], [ -12.3913263, 34.3501414 ], [ -12.3863223, 34.3443277 ], [ -12.401812, 34.3116111 ], [ -12.4327719, 34.2973884 ], [ -12.4334131, 34.2698078 ], [ -12.4444633, 34.2497082 ], [ -12.440737, 34.2256506 ], [ -12.4481966, 34.2168794 ] ] ], [ [ [ -11.8133783, 34.7425373 ], [ -11.8198963, 34.7621416 ], [ -11.7941493, 34.8153529 ], [ -11.7339985, 34.8325997 ], [ -11.7142995, 34.816644 ], [ -11.6635931, 34.818407 ], [ -11.6497338, 34.8004682 ], [ -11.6315976, 34.8006149 ], [ -11.618214, 34.7873168 ], [ -11.5779617, 34.7757283 ], [ -11.5707798, 34.7577786 ], [ -11.5594715, 34.7532802 ], [ -11.5525962, 34.7194528 ], [ -11.6221244, 34.6631824 ], [ -11.6206695, 34.657574 ], [ -11.6339408, 34.6586038 ], [ -11.6527568, 34.6440734 ], [ -11.6837645, 34.6448162 ], [ -11.700891, 34.6373804 ], [ -11.7303221, 34.6415391 ], [ -11.7334993, 34.6517615 ], [ -11.7511856, 34.652928 ], [ -11.7536296, 34.661328 ], [ -11.7841183, 34.6713484 ], [ -11.7867786, 34.688271799999988 ], [ -11.8187043, 34.7100713 ], [ -11.8133783, 34.7425373 ] ] ], [ [ [ -12.2942386, 35.190896 ], [ -12.2947352, 35.1492298 ], [ -12.3216967, 35.1202169 ], [ -12.3620517, 35.0344394 ], [ -12.3719021, 35.0288136 ], [ -12.3869717, 35.034191 ], [ -12.4118547, 35.0685212 ], [ -12.4127774, 35.094469 ], [ -12.4252666, 35.1210387 ], [ -12.47323, 35.1656371 ], [ -12.4739279, 35.1840194 ], [ -12.519832, 35.2333684 ], [ -12.5440265, 35.2926958 ], [ -12.5736312, 35.3196925 ], [ -12.5745996, 35.3465082 ], [ -12.5470602, 35.3692057 ], [ -12.5380212, 35.3915416 ], [ -12.493477, 35.4149296 ], [ -12.49125, 35.4229803 ], [ -12.4218619, 35.4038389 ], [ -12.3703963, 35.4193533 ], [ -12.3362761, 35.4161393 ], [ -12.3011642, 35.349731 ], [ -12.2714731, 35.3234483 ], [ -12.2782742, 35.300808 ], [ -12.3046279, 35.2754232 ], [ -12.3088189, 35.2525472 ], [ -12.3115134, 35.258729 ], [ -12.3145688, 35.2541011 ], [ -12.2881665, 35.2003969 ], [ -12.2942386, 35.190896 ] ] ], [ [ [ -11.0603415, 34.6570853 ], [ -11.1111038, 34.6495179 ], [ -11.1294206, 34.6599716 ], [ -11.1363928, 34.6953404 ], [ -11.1644534, 34.7018527 ], [ -11.1664489, 34.7319102 ], [ -11.2081726, 34.758514 ], [ -11.2483097, 34.8163715 ], [ -11.2618843, 34.8215624 ], [ -11.2832619, 34.8473936 ], [ -11.2951609, 34.8785186 ], [ -11.2883998, 34.8909079 ], [ -11.2920888, 34.9032252 ], [ -11.3119113, 34.9122027 ], [ -11.3155613, 34.9251591 ], [ -11.3365085, 34.9389876 ], [ -11.3562943, 34.96626 ], [ -11.3877031, 34.974737 ], [ -11.3817353, 34.9943341 ], [ -11.3358366, 35.0062128 ], [ -11.2904198, 35.0308202 ], [ -11.2626088, 35.0194067 ], [ -11.2521715, 35.0064974 ], [ -11.2191137, 35.018427 ], [ -11.2046446, 35.0144425 ], [ -11.1858708, 35.0266539 ], [ -11.1790932, 35.021374099999989 ], [ -11.1724907, 35.0328834 ], [ -11.1524179, 35.0305585 ], [ -11.1461663, 35.0425653 ], [ -11.1271862, 35.0412491 ], [ -11.1255285, 35.0497185 ], [ -11.0485562, 35.0464614 ], [ -11.0002714, 35.0728108 ], [ -10.9453114, 35.0827586 ], [ -10.9398869, 35.0964185 ], [ -10.9165583, 35.102358 ], [ -10.9160537, 35.1140309 ], [ -10.8990988, 35.1195483 ], [ -10.8949118, 35.1373755 ], [ -10.8882058, 35.1349134 ], [ -10.8730507, 35.1486859 ], [ -10.8655573, 35.1794393 ], [ -10.8553338, 35.1895284 ], [ -10.8276893, 35.2104312 ], [ -10.8086653, 35.2102122 ], [ -10.7770278, 35.2238463 ], [ -10.7748747, 35.2398798 ], [ -10.7659783, 35.2452554 ], [ -10.7377675, 35.2376344 ], [ -10.7124317, 35.2478468 ], [ -10.659255, 35.2380822 ], [ -10.5912939, 35.264973 ], [ -10.5630688, 35.2590189 ], [ -10.5482952, 35.23836 ], [ -10.5552428, 35.2250754 ], [ -10.5520395, 35.2109275 ], [ -10.561307, 35.2128013 ], [ -10.5695197, 35.1986809 ], [ -10.5836187, 35.1997631 ], [ -10.6146112, 35.1852369 ], [ -10.653968, 35.1565546 ], [ -10.6487169, 35.1648361 ], [ -10.6658076, 35.1587036 ], [ -10.6772925, 35.1275606 ], [ -10.6982543, 35.1191912 ], [ -10.7357418, 35.079180199999989 ], [ -10.7896985, 35.0459232 ], [ -10.7971921, 35.0234692 ], [ -10.7842516, 34.9736885 ], [ -10.8071077, 34.950226 ], [ -10.8063326, 34.9377536 ], [ -10.843746, 34.869182 ], [ -10.8469682, 34.8383055 ], [ -10.8413677, 34.8331944 ], [ -10.8502052, 34.8204867 ], [ -10.840246, 34.8151472 ], [ -10.8779762, 34.7837363 ], [ -10.906114, 34.7403654 ], [ -10.9170681, 34.7381046 ], [ -10.9551935, 34.7010478 ], [ -10.9591865, 34.6836477 ], [ -10.9704351, 34.6896118 ], [ -11.0137182, 34.683573 ], [ -11.0603415, 34.6570853 ] ] ], [ [ [ -10.592504, 35.2708586 ], [ -10.5920709, 35.2670649 ], [ -10.5949064, 35.268422799999989 ], [ -10.592504, 35.2708586 ] ] ] ] } },
{ "type": "Feature", "properties": { "COD_PROV": "39" }, "geometry": { "type": "MultiPolygon", "coordinates": [ [ [ [ -4.1486177, 42.8730019 ], [ -4.2077045, 42.8466503 ], [ -4.2244189, 42.8607544 ], [ -4.2295353, 42.9051483 ], [ -4.2212843, 42.9128459 ], [ -4.2354221, 42.9189808 ], [ -4.2372094, 42.9562423 ], [ -4.2609462, 42.9671383 ], [ -4.346047, 42.974023 ], [ -4.370938, 42.9965016 ], [ -4.3968391, 43.0367356 ], [ -4.4462772, 43.0604091 ], [ -4.4618236, 43.0619309 ], [ -4.4744401, 43.0405711 ], [ -4.5196476, 43.0492462 ], [ -4.5571768, 43.0213838 ], [ -4.604813, 43.0376378 ], [ -4.6368608, 43.0185439 ], [ -4.6890868, 43.0282473 ], [ -4.7184368, 43.0191206 ], [ -4.7357355, 43.0228582 ], [ -4.7419885, 43.0300289 ], [ -4.7329468, 43.048941 ], [ -4.742716, 43.0583208 ], [ -4.7648453, 43.0575032 ], [ -4.7652284, 43.0764184 ], [ -4.8156343, 43.094528 ], [ -4.8501564, 43.1278153 ], [ -4.8334673, 43.1600868 ], [ -4.8504656, 43.1747408 ], [ -4.7766494, 43.1939316 ], [ -4.737155, 43.188252 ], [ -4.7306982, 43.2227836 ], [ -4.7203874, 43.2313584 ], [ -4.7296723, 43.2592024 ], [ -4.7047679, 43.2687356 ], [ -4.6306093, 43.2695188 ], [ -4.6347635, 43.2783204 ], [ -4.6052773, 43.3024197 ], [ -4.553967, 43.2899651 ], [ -4.5464981, 43.270552 ], [ -4.5222376, 43.2800368 ], [ -4.521073, 43.3376439 ], [ -4.5381802, 43.3458257 ], [ -4.5375458, 43.3573485 ], [ -4.5295334, 43.3606525 ], [ -4.5331678, 43.370204699999988 ], [ -4.5196349, 43.3680161 ], [ -4.5093175, 43.3824781 ], [ -4.5110029, 43.3951518 ], [ -4.4893507, 43.3989307 ], [ -4.4711324, 43.3962121 ], [ -4.4727063, 43.3908342 ], [ -4.4106615, 43.3998302 ], [ -4.378152, 43.3924379 ], [ -4.3395385, 43.407979 ], [ -4.3363726, 43.3971096 ], [ -4.3231792, 43.3911963 ], [ -4.2919509, 43.3962892 ], [ -4.2796856, 43.3890885 ], [ -4.2319636, 43.4023904 ], [ -4.2210587, 43.3974537 ], [ -4.1791172, 43.4073146 ], [ -4.1733143, 43.4029341 ], [ -4.1145114, 43.419415 ], [ -4.0800444, 43.4401236 ], [ -4.0761109, 43.4329376 ], [ -4.0536357, 43.4357497 ], [ -4.0449701, 43.4470312 ], [ -4.0328901, 43.4372446 ], [ -4.020155, 43.450738799999989 ], [ -4.0015659, 43.4417272 ], [ -3.9807663, 43.4431343 ], [ -3.9460522, 43.471599 ], [ -3.8907712, 43.4789426 ], [ -3.8910914, 43.4737795 ], [ -3.8768209, 43.4821822 ], [ -3.8606953, 43.477766 ], [ -3.8408764, 43.4859188 ], [ -3.8387073, 43.4793082 ], [ -3.8107859, 43.4968062 ], [ -3.7839676, 43.4937151 ], [ -3.7864248, 43.4876851 ], [ -3.7771398, 43.487892099999989 ], [ -3.7868705, 43.4820093 ], [ -3.782855, 43.4765527 ], [ -3.7614476, 43.4693053 ], [ -3.8002725, 43.4631058 ], [ -3.8131922, 43.4512189 ], [ -3.8241599, 43.4534 ], [ -3.8136765, 43.4495328 ], [ -3.8311604, 43.445633699999988 ], [ -3.8194094, 43.4439176 ], [ -3.834066, 43.4439383 ], [ -3.8189651, 43.4393905 ], [ -3.835286, 43.4338079 ], [ -3.8033084, 43.4262933 ], [ -3.8206955, 43.4147428 ], [ -3.8131651, 43.4039913 ], [ -3.8057489, 43.4193512 ], [ -3.7776724, 43.4233359 ], [ -3.7899071, 43.4341473 ], [ -3.7769077, 43.4359922 ], [ -3.7696307, 43.4477752 ], [ -3.7741922, 43.4507524 ], [ -3.7542034, 43.4494791 ], [ -3.7610272, 43.4357839 ], [ -3.7559327, 43.4324945 ], [ -3.7412372, 43.434158 ], [ -3.7513626, 43.4376036 ], [ -3.7454631, 43.4543003 ], [ -3.7713745, 43.4605046 ], [ -3.7306058, 43.461428 ], [ -3.7221318, 43.4754582 ], [ -3.6862584, 43.4772352 ], [ -3.6437937, 43.5001561 ], [ -3.6103985, 43.5003843 ], [ -3.5950537, 43.51481 ], [ -3.5802816, 43.5148494 ], [ -3.577176, 43.5083736 ], [ -3.5451104, 43.5098 ], [ -3.5364926, 43.4936134 ], [ -3.5120853, 43.4944569 ], [ -3.5133995, 43.4831759 ], [ -3.4946225, 43.473399 ], [ -3.4456172, 43.4691433 ], [ -3.4259445, 43.4598735 ], [ -3.4245484, 43.4458488 ], [ -3.430946, 43.4417897 ], [ -3.4637419, 43.4465519 ], [ -3.4633045, 43.437811 ], [ -3.4821006, 43.4348688 ], [ -3.4862517, 43.4316997 ], [ -3.4902632, 43.4251094 ], [ -3.4800918, 43.4339599 ], [ -3.4581364, 43.4324996 ], [ -3.4613921, 43.4056533 ], [ -3.4589073, 43.4052947 ], [ -3.4498859, 43.437881499999989 ], [ -3.4236541, 43.4150936 ], [ -3.414122, 43.4210799 ], [ -3.3635906, 43.4138399 ], [ -3.3221634, 43.4210889 ], [ -3.3245164, 43.4082847 ], [ -3.3165939, 43.4048233 ], [ -3.3012381, 43.411393 ], [ -3.2260176, 43.397896599999989 ], [ -3.2197841, 43.3952439 ], [ -3.2237309, 43.3872054 ], [ -3.2161789, 43.388444 ], [ -3.2072955, 43.3829142 ], [ -3.216071, 43.385771 ], [ -3.2081708, 43.3754474 ], [ -3.149599, 43.35074 ], [ -3.1483676, 43.3212882 ], [ -3.1560295, 43.3031957 ], [ -3.1919118, 43.3003244 ], [ -3.2082087, 43.2854101 ], [ -3.217083, 43.2887 ], [ -3.2239312, 43.31081 ], [ -3.2781507, 43.2919248 ], [ -3.2898264, 43.2922392 ], [ -3.2936483, 43.3026297 ], [ -3.3223935, 43.29433 ], [ -3.331111, 43.3037515 ], [ -3.3416604, 43.2963282 ], [ -3.3388325, 43.2799032 ], [ -3.3817, 43.2723647 ], [ -3.3976583, 43.2476938 ], [ -3.4121723, 43.2517733 ], [ -3.4171504, 43.242942 ], [ -3.4474516, 43.2379818 ], [ -3.4313604, 43.2073825 ], [ -3.4321635, 43.1729193 ], [ -3.4163565, 43.1353012 ], [ -3.4856782, 43.1351349 ], [ -3.5842945, 43.1563754 ], [ -3.602254, 43.1515097 ], [ -3.6111599, 43.171391299999989 ], [ -3.6497285, 43.1829102 ], [ -3.7033864, 43.1181467 ], [ -3.7546922, 43.1009807 ], [ -3.7557236, 43.0869178 ], [ -3.7882667, 43.0800431 ], [ -3.808918, 43.0885268 ], [ -3.8250425, 43.0824684 ], [ -3.8456722, 43.0862687 ], [ -3.8494282, 43.0789216 ], [ -3.8304791, 43.0656968 ], [ -3.8498252, 43.0409629 ], [ -3.8894571, 43.0436953 ], [ -3.9079727, 43.0179673 ], [ -3.9441765, 43.0076423 ], [ -3.9595278, 42.9943223 ], [ -3.9896006, 42.9327052 ], [ -3.9715666, 42.9135634 ], [ -3.9283523, 42.9165701 ], [ -3.936326, 42.9059044 ], [ -3.9322536, 42.9014716 ], [ -3.9101999, 42.9252595 ], [ -3.889987, 42.9273545 ], [ -3.8860931, 42.9506376 ], [ -3.8658041, 42.9566997 ], [ -3.8382477, 42.9416496 ], [ -3.8286358, 42.9295626 ], [ -3.8322547, 42.9198558 ], [ -3.8521433, 42.9200332 ], [ -3.867314, 42.9009465 ], [ -3.9065288, 42.9163932 ], [ -3.8916431, 42.8892329 ], [ -3.9230589, 42.8910917 ], [ -3.8961824, 42.8821566 ], [ -3.91419, 42.8627515 ], [ -3.8788983, 42.8532572 ], [ -3.8672103, 42.8585694 ], [ -3.8727576, 42.8769879 ], [ -3.8624446, 42.8916798 ], [ -3.8240619, 42.8705048 ], [ -3.8328379, 42.8575807 ], [ -3.8152208, 42.8377974 ], [ -3.8147408, 42.8124341 ], [ -3.8219859, 42.8007288 ], [ -3.8620844, 42.7883302 ], [ -3.8931556, 42.8064095 ], [ -3.9083741, 42.7883157 ], [ -3.9096629, 42.7702582 ], [ -3.9292987, 42.7763593 ], [ -3.9475043, 42.7693744 ], [ -3.9452922, 42.7637812 ], [ -3.9775955, 42.7599529 ], [ -3.9802988, 42.770179 ], [ -3.998363, 42.7708503 ], [ -3.9987483, 42.8259707 ], [ -4.0097507, 42.8322482 ], [ -4.0194925, 42.8212205 ], [ -4.0128952, 42.8082495 ], [ -4.0316327, 42.8031293 ], [ -4.0285816, 42.7902145 ], [ -4.0424669, 42.7906658 ], [ -4.0489296, 42.7816747 ], [ -4.0446248, 42.7684846 ], [ -4.0800548, 42.7633381 ], [ -4.0840791, 42.774053 ], [ -4.0927904, 42.7751943 ], [ -4.097201, 42.7930558 ], [ -4.1486318, 42.791181 ], [ -4.1814215, 42.8122179 ], [ -4.1841476, 42.8191688 ], [ -4.1772836, 42.8281182 ], [ -4.160535, 42.8379529 ], [ -4.1391628, 42.8308733 ], [ -4.1248349, 42.8585062 ], [ -4.1439718, 42.8640883 ], [ -4.1486177, 42.8730019 ] ], [ [ -4.1597968, 42.8202848 ], [ -4.1751372, 42.8252585 ], [ -4.1810615, 42.8222174 ], [ -4.1732755, 42.8134892 ], [ -4.1597968, 42.8202848 ] ], [ [ -4.1111592, 42.8241863 ], [ -4.0997569, 42.7958398 ], [ -4.0877792, 42.801762599999989 ], [ -4.0872365, 42.8203636 ], [ -4.1057511, 42.8296334 ], [ -4.1111592, 42.8241863 ] ] ], [ [ [ -3.7303353, 43.4759379 ], [ -3.7257163, 43.4763725 ], [ -3.7293472, 43.4708905 ], [ -3.7303353, 43.4759379 ] ] ], [ [ [ -3.2481217, 43.2615329 ], [ -3.2502035, 43.2493608 ], [ -3.267674, 43.2359943 ], [ -3.2637972, 43.2080717 ], [ -3.28375, 43.1995679 ], [ -3.2966064, 43.2085485 ], [ -3.2914154, 43.2429796 ], [ -3.3033027, 43.2605613 ], [ -3.2656492, 43.2687957 ], [ -3.2481217, 43.2615329 ] ] ], [ [ [ -3.4557715, 43.4186169 ], [ -3.4576095, 43.4133673 ], [ -3.4560869, 43.4244404 ], [ -3.4557715, 43.4186169 ] ] ] ] } },
{ "type": "Feature", "properties": { "COD_PROV": "40" }, "geometry": { "type": "Polygon", "coordinates": [ [ [ -4.068794, 40.7956755 ], [ -4.0793306, 40.7787684 ], [ -4.0953423, 40.7665999 ], [ -4.0963953, 40.7499328 ], [ -4.1138067, 40.744164 ], [ -4.1437829, 40.6970355 ], [ -4.2516457, 40.6914122 ], [ -4.2738562, 40.6781886 ], [ -4.2891751, 40.682261 ], [ -4.3161507, 40.6688128 ], [ -4.3235168, 40.6596047 ], [ -4.3184542, 40.6493931 ], [ -4.3268818, 40.6491417 ], [ -4.3313763, 40.639009 ], [ -4.4183693, 40.6353072 ], [ -4.4208531, 40.6771402 ], [ -4.433431, 40.708052 ], [ -4.4256327, 40.7314997 ], [ -4.4298732, 40.7442643 ], [ -4.4725849, 40.7765366 ], [ -4.4801417, 40.7934736 ], [ -4.471925, 40.8019282 ], [ -4.4925192, 40.8353988 ], [ -4.5451362, 40.8274292 ], [ -4.557668, 40.8414735 ], [ -4.5486059, 40.8552342 ], [ -4.530315, 40.8605229 ], [ -4.5340607, 40.8742553 ], [ -4.5583134, 40.887732 ], [ -4.5511977, 40.909345599999988 ], [ -4.5651001, 40.9580817 ], [ -4.6054971, 40.9726845 ], [ -4.6159969, 41.0055343 ], [ -4.6370388, 41.0331865 ], [ -4.7041869, 41.0561281 ], [ -4.7152636, 41.0734666 ], [ -4.7059004, 41.0906581 ], [ -4.7166356, 41.0918835 ], [ -4.7087797, 41.1011542 ], [ -4.7234033, 41.1253101 ], [ -4.7154718, 41.134526 ], [ -4.7200866, 41.1588477 ], [ -4.6793096, 41.1876175 ], [ -4.6424423, 41.1699796 ], [ -4.6265002, 41.1726745 ], [ -4.6350993, 41.1924873 ], [ -4.6493728, 41.2019836 ], [ -4.6496102, 41.2233025 ], [ -4.6139166, 41.2432447 ], [ -4.597419, 41.2660467 ], [ -4.5726259, 41.2770815 ], [ -4.6007229, 41.3045353 ], [ -4.6038948, 41.3150212 ], [ -4.5955942, 41.3224691 ], [ -4.5582829, 41.3040453 ], [ -4.5273695, 41.322978299999988 ], [ -4.5041196, 41.313171 ], [ -4.4988045, 41.3027917 ], [ -4.4665247, 41.2977666 ], [ -4.4692892, 41.3203398 ], [ -4.4926496, 41.3282894 ], [ -4.5032127, 41.349077 ], [ -4.4954265, 41.3514922 ], [ -4.4946427, 41.365807 ], [ -4.4827396, 41.3686801 ], [ -4.5140178, 41.39597 ], [ -4.515238, 41.4104021 ], [ -4.4668968, 41.4149553 ], [ -4.4176314, 41.4417136 ], [ -4.3636491, 41.4378795 ], [ -4.3611274, 41.4518086 ], [ -4.326591, 41.4466615 ], [ -4.3179528, 41.4551937 ], [ -4.2688638, 41.4631486 ], [ -4.2598321, 41.4524674 ], [ -4.2459403, 41.4641367 ], [ -4.2322258, 41.457610599999988 ], [ -4.1570473, 41.4839721 ], [ -4.1412146, 41.47181 ], [ -4.0567618, 41.4991885 ], [ -4.0261265, 41.5196675 ], [ -3.9986314, 41.517973 ], [ -3.9925901, 41.5578823 ], [ -3.9793925, 41.5852422 ], [ -3.9625528, 41.5879514 ], [ -3.9517736, 41.5753045 ], [ -3.8932798, 41.5540214 ], [ -3.8845077, 41.5341747 ], [ -3.8666725, 41.5343471 ], [ -3.8225794, 41.4829971 ], [ -3.7863669, 41.4877344 ], [ -3.801914, 41.4982923 ], [ -3.8022638, 41.5285629 ], [ -3.7665098, 41.5408962 ], [ -3.7684779, 41.4620238 ], [ -3.7428633, 41.4629295 ], [ -3.7382087, 41.4526544 ], [ -3.7278208, 41.4594959 ], [ -3.7311317, 41.4717588 ], [ -3.7224449, 41.4810744 ], [ -3.7270308, 41.5195069 ], [ -3.6902731, 41.5364055 ], [ -3.6704486, 41.5623033 ], [ -3.6155604, 41.5790289 ], [ -3.6075279, 41.5679926 ], [ -3.5713478, 41.5672689 ], [ -3.5696906, 41.5793019 ], [ -3.5516771, 41.5826155 ], [ -3.5402898, 41.5794804 ], [ -3.5370549, 41.5538867 ], [ -3.5006651, 41.5310568 ], [ -3.4784042, 41.5227831 ], [ -3.4567865, 41.538724 ], [ -3.4231713, 41.5185945 ], [ -3.4227587, 41.4846014 ], [ -3.4120321, 41.4779945 ], [ -3.3758637, 41.4661384 ], [ -3.3636797, 41.4694288 ], [ -3.3470343, 41.4583728 ], [ -3.3290951, 41.4625971 ], [ -3.3376764, 41.4548174 ], [ -3.3492544, 41.396746 ], [ -3.3279394, 41.3781461 ], [ -3.2708456, 41.354613 ], [ -3.2680501, 41.3434219 ], [ -3.2350082, 41.3321641 ], [ -3.2355755, 41.3204078 ], [ -3.2056432, 41.3086285 ], [ -3.2376506, 41.2898223 ], [ -3.2535493, 41.2596206 ], [ -3.2578104, 41.2716085 ], [ -3.2698198, 41.2770307 ], [ -3.2888846, 41.2598077 ], [ -3.3214568, 41.2636932 ], [ -3.3350693, 41.2549084 ], [ -3.4085016, 41.2624996 ], [ -3.4138695, 41.2750716 ], [ -3.4093451, 41.261821 ], [ -3.3982224, 41.2564188 ], [ -3.405028, 41.2354772 ], [ -3.4012066, 41.2154931 ], [ -3.4428752, 41.2172151 ], [ -3.4656365, 41.1851389 ], [ -3.4993965, 41.1809692 ], [ -3.5145994, 41.1643193 ], [ -3.5821851, 41.1629448 ], [ -3.6123733, 41.1509597 ], [ -3.675549, 41.0883164 ], [ -3.6938266, 41.0850634 ], [ -3.7380017, 41.0557381 ], [ -3.7805778, 41.0020762 ], [ -3.8938266, 40.9688442 ], [ -3.9212509, 40.9317287 ], [ -3.9365356, 40.9290495 ], [ -3.9514578, 40.8953521 ], [ -3.9420225, 40.8905285 ], [ -3.9453623, 40.8666293 ], [ -3.9636232, 40.8403288 ], [ -3.9608368, 40.8239738 ], [ -3.9783927, 40.8017192 ], [ -3.978459, 40.7860441 ], [ -4.0012666, 40.7903076 ], [ -4.0201682, 40.7831352 ], [ -4.068794, 40.7956755 ] ], [ [ -4.1724372, 41.3467891 ], [ -4.1773122, 41.3440456 ], [ -4.172437104873921, 41.346789097257158 ], [ -4.1724372, 41.3467891 ] ], [ [ -4.5297528, 41.2823234 ], [ -4.5172673, 41.283057299999989 ], [ -4.5590289, 41.271166799999989 ], [ -4.5297528, 41.2823234 ] ], [ [ -4.3078423, 40.7865754 ], [ -4.2945536, 40.7809319 ], [ -4.3078422815677, 40.786575492171956 ], [ -4.3078423, 40.7865754 ] ], [ [ -4.0821072, 40.9415464 ], [ -4.0821097, 40.9415469 ], [ -4.079803, 40.9393891 ], [ -4.0821072, 40.9415464 ] ], [ [ -4.2043172, 41.4162305 ], [ -4.2058037, 41.420276699999988 ], [ -4.1998864, 41.4141067 ], [ -4.2043172, 41.4162305 ] ] ] } },
{ "type": "Feature", "properties": { "COD_PROV": "41" }, "geometry": { "type": "Polygon", "coordinates": [ [ [ -5.8037855, 36.9273245 ], [ -5.8753308, 36.8965764 ], [ -5.8923951, 36.853448 ], [ -5.887598, 36.8451672 ], [ -5.924163, 36.8549314 ], [ -5.9401546, 36.8537903 ], [ -5.951661, 36.8549918 ], [ -5.9719361, 36.8460522 ], [ -6.1032634, 36.8591187 ], [ -6.1543211, 36.8872387 ], [ -6.2298134, 36.8999691 ], [ -6.252612, 36.8957677 ], [ -6.2771092, 36.9127092 ], [ -6.3298284, 36.9006658 ], [ -6.3777143, 36.9365697 ], [ -6.3626342, 36.9476638 ], [ -6.3529148, 36.9881159 ], [ -6.3787359, 37.0502028 ], [ -6.3843789, 37.0855862 ], [ -6.355135, 37.1125106 ], [ -6.3589163, 37.1191525 ], [ -6.341187, 37.1248432 ], [ -6.3585013, 37.1402927 ], [ -6.3349439, 37.1714828 ], [ -6.3493889, 37.1824276 ], [ -6.3522066, 37.2008098 ], [ -6.3440728, 37.2201494 ], [ -6.3586748, 37.239963 ], [ -6.3477563, 37.2679864 ], [ -6.3359055, 37.2766104 ], [ -6.3416461, 37.2830171 ], [ -6.3318282, 37.3009733 ], [ -6.3834011, 37.339357 ], [ -6.3448676, 37.3676016 ], [ -6.3609101, 37.3777497 ], [ -6.3550889, 37.4140358 ], [ -6.3114611, 37.4205915 ], [ -6.3054592, 37.4369407 ], [ -6.3313522, 37.4663703 ], [ -6.3389318, 37.4891027 ], [ -6.3550947, 37.4983127 ], [ -6.365309, 37.5376275 ], [ -6.3912333, 37.5559232 ], [ -6.4012616, 37.5818153 ], [ -6.3925108, 37.5873014 ], [ -6.400925, 37.6007702 ], [ -6.3939571, 37.6128832 ], [ -6.4421047, 37.6252262 ], [ -6.4836286, 37.6179249 ], [ -6.5125192, 37.6270225 ], [ -6.5268361, 37.6176674 ], [ -6.5373521, 37.628532 ], [ -6.5284771, 37.6386996 ], [ -6.5354387, 37.6423986 ], [ -6.532168, 37.6587243 ], [ -6.5011756, 37.6686219 ], [ -6.500259, 37.6905779 ], [ -6.4918695, 37.6908156 ], [ -6.4782538, 37.712877 ], [ -6.4722787, 37.7109644 ], [ -6.4818776, 37.7226884 ], [ -6.4726183, 37.7272074 ], [ -6.4490879, 37.7207367 ], [ -6.3888624, 37.7495669 ], [ -6.3098513, 37.7667423 ], [ -6.2773228, 37.7602843 ], [ -6.2508454, 37.7649094 ], [ -6.2434926, 37.7496241 ], [ -6.2512516, 37.7446547 ], [ -6.2208141, 37.7416058 ], [ -6.2187187, 37.7563405 ], [ -6.2045223, 37.7678998 ], [ -6.2143543, 37.7931122 ], [ -6.1864881, 37.8117542 ], [ -6.1662469, 37.7946583 ], [ -6.1328387, 37.7897044 ], [ -6.1370718, 37.7969093 ], [ -6.125251, 37.7990427 ], [ -6.1207294, 37.8189308 ], [ -6.1406324, 37.8567745 ], [ -6.1578596, 37.8559782 ], [ -6.162856, 37.864665 ], [ -6.1238547, 37.9066651 ], [ -6.1435992, 37.9222409 ], [ -6.1629444, 37.9195597 ], [ -6.1680253, 37.9112776 ], [ -6.1829236, 37.9300206 ], [ -6.1666405, 37.9576975 ], [ -6.1141302, 37.9836407 ], [ -6.0766737, 37.9865026 ], [ -6.0511027, 37.9985132 ], [ -6.0159224, 37.9929963 ], [ -5.9923223, 38.0014214 ], [ -5.9525065, 37.9972197 ], [ -5.931506, 38.0333716 ], [ -5.9330425, 38.0487488 ], [ -5.9180961, 38.051672 ], [ -5.9077996, 38.0647216 ], [ -5.9096276, 38.0800749 ], [ -5.9281226, 38.0910831 ], [ -5.9253548, 38.1062888 ], [ -5.9117362, 38.1245656 ], [ -5.8796953, 38.1340788 ], [ -5.8735004, 38.1602159 ], [ -5.8553886, 38.1633779 ], [ -5.8503391, 38.1737805 ], [ -5.7987574, 38.1763652 ], [ -5.7805171, 38.1877546 ], [ -5.7560924, 38.1824405 ], [ -5.7269734, 38.1992941 ], [ -5.7130402, 38.1881292 ], [ -5.69354, 38.1883982 ], [ -5.6966778, 38.1815488 ], [ -5.6874214, 38.1837518 ], [ -5.683052, 38.1589384 ], [ -5.6938161, 38.1729647 ], [ -5.704596, 38.1712582 ], [ -5.6935202, 38.1522225 ], [ -5.7142227, 38.1357073 ], [ -5.7376278, 38.1346935 ], [ -5.7337115, 38.0881313 ], [ -5.6924409, 38.0856159 ], [ -5.6322396, 38.1399958 ], [ -5.5835944, 38.133581 ], [ -5.5804899, 38.1173487 ], [ -5.5375859, 38.0956869 ], [ -5.5383796, 38.0840263 ], [ -5.4943577, 38.0442691 ], [ -5.4878449, 38.0299364 ], [ -5.4919564, 37.9976357 ], [ -5.468125, 37.97288 ], [ -5.4144117, 37.9455488 ], [ -5.4229775, 37.9288458 ], [ -5.4154317, 37.9304794 ], [ -5.420877, 37.9203004 ], [ -5.4125073, 37.9033148 ], [ -5.4208637, 37.8907529 ], [ -5.4137378, 37.8717057 ], [ -5.3385639, 37.8354046 ], [ -5.3487151, 37.7961386 ], [ -5.3281916, 37.7801286 ], [ -5.3088333, 37.7761025 ], [ -5.3172785, 37.7611495 ], [ -5.3036036, 37.7323362 ], [ -5.306402, 37.7011101 ], [ -5.3184399, 37.7030733 ], [ -5.3258983, 37.6934924 ], [ -5.343636, 37.7072158 ], [ -5.3603941, 37.6998722 ], [ -5.3739302, 37.6797921 ], [ -5.3829507, 37.6831864 ], [ -5.3870509, 37.6996675 ], [ -5.4042948, 37.6938651 ], [ -5.4129964, 37.6757828 ], [ -5.4084303, 37.6618523 ], [ -5.3925472, 37.6586077 ], [ -5.4124051, 37.6494705 ], [ -5.4103111, 37.6432504 ], [ -5.3802467, 37.6130982 ], [ -5.3584034, 37.606922 ], [ -5.3570989, 37.5874831 ], [ -5.3425696, 37.5892763 ], [ -5.3222893, 37.6159292 ], [ -5.2733175, 37.6271566 ], [ -5.1755621, 37.6824486 ], [ -5.148847, 37.6627889 ], [ -5.132853, 37.6703591 ], [ -5.1067121, 37.6644505 ], [ -5.1120179, 37.6900477 ], [ -5.1285028, 37.7006189 ], [ -5.1069761, 37.7022307 ], [ -5.092244, 37.6768657 ], [ -5.0966697, 37.6721628 ], [ -5.0694204, 37.662569 ], [ -5.090297, 37.6818201 ], [ -5.0878407, 37.6965333 ], [ -5.0713729, 37.7095671 ], [ -5.0465358, 37.7200577 ], [ -4.9986091, 37.7084635 ], [ -4.9814792, 37.6781654 ], [ -4.9525523, 37.6543155 ], [ -4.956947, 37.6235114 ], [ -4.9727449, 37.6017712 ], [ -4.9640965, 37.6127498 ], [ -4.9389323, 37.6231161 ], [ -4.930492, 37.619199 ], [ -4.9290871, 37.577549 ], [ -4.9364388, 37.5737139 ], [ -4.9308096, 37.5477805 ], [ -4.9477195, 37.5238173 ], [ -4.932729, 37.5217204 ], [ -4.923392, 37.5022542 ], [ -4.9048036, 37.5017078 ], [ -4.9142174, 37.4867218 ], [ -4.903736, 37.4917382 ], [ -4.9089428, 37.4821208 ], [ -4.9033562, 37.4700892 ], [ -4.8741239, 37.4523233 ], [ -4.8835222, 37.4398549 ], [ -4.8389691, 37.4367349 ], [ -4.8364245, 37.4251116 ], [ -4.8485909, 37.4125297 ], [ -4.8247978, 37.3809497 ], [ -4.813698, 37.3796335 ], [ -4.8223912, 37.3706307 ], [ -4.8209046, 37.3600638 ], [ -4.7810008, 37.3303718 ], [ -4.7652486, 37.339694 ], [ -4.7475016, 37.3327811 ], [ -4.7288661, 37.3371839 ], [ -4.7248386, 37.3436953 ], [ -4.7317242, 37.3446509 ], [ -4.7208843, 37.3489804 ], [ -4.7183841, 37.3601476 ], [ -4.685848, 37.3432126 ], [ -4.6837433, 37.3318582 ], [ -4.6706822, 37.3368569 ], [ -4.678135, 37.3314169 ], [ -4.6683193, 37.320867 ], [ -4.680255, 37.3252495 ], [ -4.6828054, 37.3176424 ], [ -4.6574419, 37.3065626 ], [ -4.6646324, 37.3005497 ], [ -4.6593834, 37.2963141 ], [ -4.6735908, 37.3036116 ], [ -4.6797132, 37.29227 ], [ -4.6606111, 37.284949 ], [ -4.6521194, 37.2576964 ], [ -4.7128061, 37.2547073 ], [ -4.7184643, 37.2615653 ], [ -4.7322032, 37.2519015 ], [ -4.7345191, 37.246702 ], [ -4.7167181, 37.2417622 ], [ -4.7310814, 37.2280138 ], [ -4.7259822, 37.2129746 ], [ -4.710042, 37.208736 ], [ -4.7073786, 37.1995614 ], [ -4.759067, 37.1789511 ], [ -4.7929661, 37.1553583 ], [ -4.7979948, 37.1741755 ], [ -4.8262013, 37.1888125 ], [ -4.8181225, 37.1939221 ], [ -4.8246847, 37.2025721 ], [ -4.8526437, 37.2004509 ], [ -4.8554792, 37.1754324 ], [ -4.8742804, 37.1600596 ], [ -4.879662, 37.1650018 ], [ -4.8963993, 37.1578938 ], [ -4.9038942, 37.1837305 ], [ -4.9239424, 37.1725292 ], [ -4.9383858, 37.1775662 ], [ -4.9414477, 37.159453899999988 ], [ -4.9020929, 37.1406528 ], [ -4.9071498, 37.1165156 ], [ -4.9870758, 37.066443199999988 ], [ -5.0246952, 37.0537016 ], [ -5.0267489, 37.045935199999988 ], [ -5.0317714, 37.0508682 ], [ -5.0518759, 37.0324712 ], [ -5.0817575, 37.0333362 ], [ -5.1110151, 37.0209787 ], [ -5.1216284, 37.029557 ], [ -5.1614261, 36.983288 ], [ -5.2048322, 36.9645008 ], [ -5.2246908, 36.9437082 ], [ -5.2338114, 36.9430497 ], [ -5.299018, 37.0156081 ], [ -5.3008995, 37.0392291 ], [ -5.3595534, 36.9870219 ], [ -5.3921194, 36.9740314 ], [ -5.4123214, 36.9553727 ], [ -5.4116469, 36.942527 ], [ -5.4377484, 36.9371525 ], [ -5.4590815, 36.9770082 ], [ -5.4342801, 36.9928854 ], [ -5.4198746, 37.0130154 ], [ -5.4324864, 37.0543118 ], [ -5.5097872, 37.0354709 ], [ -5.4685319, 36.9858128 ], [ -5.510996, 36.959499199999989 ], [ -5.523295, 36.9394935 ], [ -5.5445645, 36.9322353 ], [ -5.5496554, 36.9249897 ], [ -5.532622, 36.8953159 ], [ -5.5818604, 36.9167038 ], [ -5.5869511, 36.9487572 ], [ -5.6046915, 36.9527118 ], [ -5.6173401, 36.9423599 ], [ -5.6249481, 36.9563039 ], [ -5.6484693, 36.9561868 ], [ -5.666753, 36.9778195 ], [ -5.6934163, 36.9586446 ], [ -5.6949827, 36.9371443 ], [ -5.7158202, 36.9213832 ], [ -5.8037855, 36.9273245 ] ], [ [ -5.9410523, 36.8542235 ], [ -5.9417268, 36.8547333 ], [ -5.9400575, 36.8537973 ], [ -5.9410523, 36.8542235 ] ], [ [ -6.1508411, 37.371388 ], [ -6.1507999, 37.3712621 ], [ -6.1508128, 37.3717642 ], [ -6.1508411, 37.371388 ] ], [ [ -5.0837632, 37.6456629 ], [ -5.0440768, 37.6317497 ], [ -5.0389136, 37.6277555 ], [ -5.0466986, 37.6100106 ], [ -5.0297959, 37.612474 ], [ -5.0257789, 37.5980336 ], [ -5.024054, 37.59583 ], [ -5.0169367, 37.5939776 ], [ -5.0324054, 37.6226042 ], [ -5.025285, 37.6370305 ], [ -5.0299798, 37.6433933 ], [ -5.0455838, 37.6338132 ], [ -5.0525794, 37.6442441 ], [ -5.0837632, 37.6456629 ] ] ] } },
{ "type": "Feature", "properties": { "COD_PROV": "42" }, "geometry": { "type": "Polygon", "coordinates": [ [ [ -2.9053674, 41.3295079 ], [ -2.9398914, 41.3158141 ], [ -2.9488333, 41.294515 ], [ -3.0046934, 41.2862729 ], [ -3.0167203, 41.2909924 ], [ -3.0606087, 41.2753042 ], [ -3.2060655, 41.306114 ], [ -3.2355755, 41.3204078 ], [ -3.2350082, 41.3321641 ], [ -3.2680501, 41.3434219 ], [ -3.2708456, 41.354613 ], [ -3.3279394, 41.3781461 ], [ -3.3492544, 41.396746 ], [ -3.3376764, 41.4548174 ], [ -3.3290951, 41.4625971 ], [ -3.3470343, 41.4583728 ], [ -3.3636797, 41.4694288 ], [ -3.3758637, 41.4661384 ], [ -3.4120321, 41.4779945 ], [ -3.4227587, 41.4846014 ], [ -3.4193823, 41.5145719 ], [ -3.4567865, 41.538724 ], [ -3.4784042, 41.5227831 ], [ -3.5336337, 41.5505333 ], [ -3.542631, 41.5739468 ], [ -3.5348569, 41.588341299999989 ], [ -3.5491599, 41.5984606 ], [ -3.5278715, 41.6145031 ], [ -3.5087262, 41.5990604 ], [ -3.4578783, 41.591511 ], [ -3.434075, 41.6239112 ], [ -3.4391911, 41.6313425 ], [ -3.4339513, 41.6412618 ], [ -3.4284736, 41.6481616 ], [ -3.4177839, 41.6459858 ], [ -3.413365, 41.6667183 ], [ -3.3921158, 41.6924997 ], [ -3.3571139, 41.6953075 ], [ -3.3593738, 41.7234645 ], [ -3.3516119, 41.739811 ], [ -3.3216102, 41.742815 ], [ -3.3059351, 41.7620343 ], [ -3.2857726, 41.7620158 ], [ -3.2741639, 41.7705558 ], [ -3.2845736, 41.7901292 ], [ -3.2740926, 41.7962062 ], [ -3.2770458, 41.816735 ], [ -3.2854196, 41.8072318 ], [ -3.27985, 41.824781 ], [ -3.2877168, 41.8443431 ], [ -3.2777445, 41.8697924 ], [ -3.2882786, 41.8782892 ], [ -3.2824661, 41.8856892 ], [ -3.269741, 41.8806394 ], [ -3.2677237, 41.870942 ], [ -3.2420495, 41.8658764 ], [ -3.2455144, 41.8582019 ], [ -3.2330961, 41.842522 ], [ -3.1932039, 41.8308054 ], [ -3.1969253, 41.8190901 ], [ -3.1872954, 41.803541 ], [ -3.1700585, 41.7948958 ], [ -3.1581448, 41.8005056 ], [ -3.1349047, 41.8138205 ], [ -3.1113016, 41.852567199999989 ], [ -3.0995646, 41.8582072 ], [ -3.0958667, 41.8829342 ], [ -3.0864352, 41.8782216 ], [ -3.0573318, 41.8931996 ], [ -3.0154651, 41.8887827 ], [ -3.0067661, 41.9240986 ], [ -2.9971776, 41.9344735 ], [ -2.9694838, 41.9311454 ], [ -2.9586263, 41.9531467 ], [ -2.9644941, 41.9679112 ], [ -2.930863, 42.0198447 ], [ -2.9123158, 42.0247238 ], [ -2.8825161, 42.0113589 ], [ -2.8433257, 42.0363421 ], [ -2.8223945, 42.0429033 ], [ -2.8113272, 42.038509 ], [ -2.7966754, 42.0487149 ], [ -2.7936367, 42.0654166 ], [ -2.8020332, 42.0823553 ], [ -2.7888333, 42.096092 ], [ -2.790297, 42.1106233 ], [ -2.7735401, 42.1254072 ], [ -2.749862, 42.1196388 ], [ -2.7271939, 42.1247378 ], [ -2.7054114, 42.1075463 ], [ -2.7071094, 42.0881585 ], [ -2.7562731, 42.0344874 ], [ -2.7448553, 42.01055 ], [ -2.704501, 42.0170196 ], [ -2.6722684, 41.9999349 ], [ -2.6253206, 42.0083757 ], [ -2.5785926, 41.9981347 ], [ -2.5477498, 42.0533798 ], [ -2.5135624, 42.0707323 ], [ -2.5213388, 42.0847504 ], [ -2.5133587, 42.116411199999988 ], [ -2.4830502, 42.1082179 ], [ -2.4572955, 42.1171871 ], [ -2.4371413, 42.1391388 ], [ -2.3308259, 42.1478981 ], [ -2.2808347, 42.133571 ], [ -2.2804207, 42.1102615 ], [ -2.2682632, 42.0904239 ], [ -2.2575646, 42.0891478 ], [ -2.2365158, 42.104087 ], [ -2.2227537, 42.1000234 ], [ -2.2075558, 42.1065307 ], [ -2.1467823, 42.10632 ], [ -2.1259943, 42.0990373 ], [ -2.1257464, 42.0827619 ], [ -2.1605839, 42.0686032 ], [ -2.1534358, 42.0489082 ], [ -2.1156771, 42.0233771 ], [ -2.1063008, 42.0046441 ], [ -2.122741, 41.9971773 ], [ -2.1086297, 41.9597363 ], [ -2.0609072, 41.956302 ], [ -2.0350585, 41.9412718 ], [ -2.0268277, 41.9549909 ], [ -1.9807559, 41.9211315 ], [ -1.9138341, 41.9341179 ], [ -1.9053312, 41.947457 ], [ -1.8552047, 41.9682685 ], [ -1.8559444, 41.9113825 ], [ -1.8374459, 41.8908868 ], [ -1.8307903, 41.8651953 ], [ -1.8212573, 41.8673045 ], [ -1.8162623, 41.855246099999988 ], [ -1.8172237, 41.8318216 ], [ -1.851581, 41.7914317 ], [ -1.8239843, 41.7802373 ], [ -1.8013382, 41.7530898 ], [ -1.8078739, 41.7385329 ], [ -1.774032, 41.7266565 ], [ -1.7836534, 41.718858 ], [ -1.7855229, 41.7012975 ], [ -1.8107362, 41.688321 ], [ -1.8048863, 41.6661314 ], [ -1.857655, 41.6633973 ], [ -1.8726473, 41.6398486 ], [ -1.8965639, 41.6342795 ], [ -1.9217683, 41.6002018 ], [ -1.9831772, 41.6089409 ], [ -1.9919984, 41.6020015 ], [ -1.9923569, 41.5789548 ], [ -1.966005, 41.5479332 ], [ -1.9768495, 41.5285577 ], [ -1.979783, 41.4883044 ], [ -1.9519473, 41.4643199 ], [ -1.9523583, 41.4261324 ], [ -1.9351963, 41.4217667 ], [ -1.9365489, 41.409259 ], [ -1.9805498, 41.4041909 ], [ -2.0083283, 41.3877052 ], [ -2.0279447, 41.386026 ], [ -2.0410299, 41.3908648 ], [ -2.0422497, 41.3990182 ], [ -2.0334453, 41.4062857 ], [ -2.0342972, 41.4287579 ], [ -2.1001953, 41.4476589 ], [ -2.1154429, 41.4268152 ], [ -2.1147089, 41.3839171 ], [ -2.148514, 41.357752 ], [ -2.1618148, 41.3572192 ], [ -2.1553281, 41.3392833 ], [ -2.1691654, 41.3207017 ], [ -2.17235, 41.2899551 ], [ -2.1621899, 41.2850625 ], [ -2.1449206, 41.1862642 ], [ -2.0785736, 41.1728544 ], [ -2.0503704, 41.148718 ], [ -2.0492672, 41.1277656 ], [ -2.0613979, 41.1149838 ], [ -2.0643001, 41.0976588 ], [ -2.0468571, 41.0802488 ], [ -2.055112, 41.0715593 ], [ -2.070368, 41.0743605 ], [ -2.0801384, 41.088221 ], [ -2.1080969, 41.0994193 ], [ -2.1305345, 41.1199684 ], [ -2.1739788, 41.0856244 ], [ -2.2308285, 41.098882499999988 ], [ -2.2622262, 41.0694064 ], [ -2.2922645, 41.0731248 ], [ -2.3220913, 41.058379 ], [ -2.3540136, 41.0883255 ], [ -2.4175968, 41.0595768 ], [ -2.428431, 41.0741594 ], [ -2.4681545, 41.0799796 ], [ -2.4790885, 41.1154509 ], [ -2.5075404, 41.1207275 ], [ -2.5156285, 41.1483177 ], [ -2.5352018, 41.164396 ], [ -2.5405625, 41.1529407 ], [ -2.5742698, 41.141343 ], [ -2.5947145, 41.1534143 ], [ -2.576814, 41.1811507 ], [ -2.6207599, 41.1898612 ], [ -2.618702, 41.1972409 ], [ -2.5918578, 41.2027873 ], [ -2.5881791, 41.2264114 ], [ -2.6225938, 41.2256089 ], [ -2.6278918, 41.2170884 ], [ -2.6447082, 41.242082 ], [ -2.6680076, 41.2389734 ], [ -2.708241, 41.2538552 ], [ -2.7154673, 41.2775442 ], [ -2.7596415, 41.2758996 ], [ -2.7742076, 41.251957 ], [ -2.8209428, 41.2584911 ], [ -2.865587, 41.2763423 ], [ -2.8628016, 41.2892286 ], [ -2.8717368, 41.3003804 ], [ -2.8655437, 41.314949 ], [ -2.8741537, 41.3232543 ], [ -2.9053674, 41.3295079 ] ] ] } },
{ "type": "Feature", "properties": { "COD_PROV": "43" }, "geometry": { "type": "MultiPolygon", "coordinates": [ [ [ [ 0.6645825, 40.6283793 ], [ 0.5948984, 40.6184394 ], [ 0.6051907, 40.6115888 ], [ 0.5959436, 40.616994 ], [ 0.5492424, 40.5762746 ], [ 0.5559582, 40.5728425 ], [ 0.5405318, 40.5701281 ], [ 0.5165423, 40.5247692 ], [ 0.4884115, 40.5310352 ], [ 0.4393498, 40.5489079 ], [ 0.4347969, 40.567228 ], [ 0.4453299, 40.5800717 ], [ 0.4320679, 40.5815196 ], [ 0.4033455, 40.6042306 ], [ 0.3166209, 40.6161484 ], [ 0.2802096, 40.6319067 ], [ 0.2675784, 40.6460734 ], [ 0.2696403, 40.6614077 ], [ 0.2932201, 40.690402 ], [ 0.2632353, 40.7078094 ], [ 0.2373643, 40.7039284 ], [ 0.2274937, 40.7350159 ], [ 0.1986697, 40.7260188 ], [ 0.1658634, 40.7419652 ], [ 0.1605583, 40.7524598 ], [ 0.1767348, 40.7429805 ], [ 0.1765999, 40.7567924 ], [ 0.1915034, 40.7521759 ], [ 0.2133663, 40.7693734 ], [ 0.2313445, 40.7692846 ], [ 0.2349486, 40.7888458 ], [ 0.2796047, 40.8228889 ], [ 0.252186, 40.8581068 ], [ 0.2567827, 40.8763836 ], [ 0.2403705, 40.886773 ], [ 0.2514027, 40.8978271 ], [ 0.2552235, 40.9215042 ], [ 0.275654, 40.9384788 ], [ 0.2730512, 40.9466049 ], [ 0.2948848, 40.9724156 ], [ 0.2824686, 40.976761 ], [ 0.2824707, 40.9890178 ], [ 0.2698526, 41.0001561 ], [ 0.2756279, 41.0089896 ], [ 0.260293, 41.0157742 ], [ 0.2812742, 41.0216457 ], [ 0.2474987, 41.0430924 ], [ 0.2356096, 41.0364361 ], [ 0.234487, 41.0489693 ], [ 0.2191269, 41.0455103 ], [ 0.2315589, 41.055733 ], [ 0.219552, 41.0647153 ], [ 0.2214604, 41.0847654 ], [ 0.2025842, 41.0865333 ], [ 0.210357, 41.118767 ], [ 0.2026074, 41.1286279 ], [ 0.2212149, 41.1342778 ], [ 0.2153306, 41.1391536 ], [ 0.2492629, 41.1319948 ], [ 0.2543738, 41.1520071 ], [ 0.274396, 41.1506623 ], [ 0.3047045, 41.1662317 ], [ 0.3237904, 41.2270937 ], [ 0.3326687, 41.2245769 ], [ 0.3426365, 41.2329164 ], [ 0.3613635, 41.2272824 ], [ 0.3659923, 41.2405291 ], [ 0.3826993, 41.2382828 ], [ 0.3750972, 41.2512043 ], [ 0.3870521, 41.2806985 ], [ 0.4345392, 41.277894 ], [ 0.4361394, 41.3224496 ], [ 0.4626536, 41.3367581 ], [ 0.48128, 41.3252988 ], [ 0.5046667, 41.2915828 ], [ 0.5265888, 41.2920269 ], [ 0.5558217, 41.3285191 ], [ 0.5821728, 41.3219093 ], [ 0.5982009, 41.2953914 ], [ 0.6294627, 41.2928243 ], [ 0.6710205, 41.3114348 ], [ 0.7529261, 41.3196862 ], [ 0.7626238, 41.3356236 ], [ 0.8209021, 41.3306757 ], [ 0.8335332, 41.3606361 ], [ 0.8461766, 41.3638353 ], [ 0.8646978, 41.3399358 ], [ 0.9462727, 41.3518331 ], [ 0.9657029, 41.3573212 ], [ 0.9636725, 41.3699279 ], [ 0.9830621, 41.394001 ], [ 0.9930808, 41.3904481 ], [ 1.0049516, 41.4067388 ], [ 1.0283866, 41.411629 ], [ 1.0478614, 41.4422359 ], [ 1.0765372, 41.4617523 ], [ 1.0387741, 41.4818446 ], [ 1.0490717, 41.4893245 ], [ 1.0411658, 41.5029553 ], [ 1.1135927, 41.4688588 ], [ 1.1823646, 41.4899579 ], [ 1.1660472, 41.5105581 ], [ 1.1746042, 41.5333269 ], [ 1.1660716, 41.5363017 ], [ 1.212184, 41.5504498 ], [ 1.2212829, 41.5714279 ], [ 1.3060525, 41.5735378 ], [ 1.3731229, 41.5672368 ], [ 1.3933293, 41.558282399999989 ], [ 1.4048718, 41.5600094 ], [ 1.3942726, 41.5769384 ], [ 1.4211071, 41.5844531 ], [ 1.4559085, 41.5710303 ], [ 1.4324531, 41.5575068 ], [ 1.4481475, 41.5542349 ], [ 1.4500075, 41.5389177 ], [ 1.4101459, 41.5367731 ], [ 1.3977696, 41.5147376 ], [ 1.4474673, 41.4966602 ], [ 1.4533782, 41.4882007 ], [ 1.4753573, 41.4881028 ], [ 1.4859854, 41.4767677 ], [ 1.4846021, 41.4596774 ], [ 1.4699064, 41.4458074 ], [ 1.477083, 41.4379361 ], [ 1.4966252, 41.4374538 ], [ 1.4765182, 41.4312951 ], [ 1.4915882, 41.4033256 ], [ 1.4744612, 41.382601 ], [ 1.5107128, 41.3962815 ], [ 1.5382402, 41.3872029 ], [ 1.5535812, 41.369955 ], [ 1.5793845, 41.3643003 ], [ 1.560082, 41.3449894 ], [ 1.5761723, 41.3169968 ], [ 1.5963999, 41.3111835 ], [ 1.5895659, 41.2958348 ], [ 1.6134772, 41.2870069 ], [ 1.6177869, 41.2949542 ], [ 1.6382128, 41.2977975 ], [ 1.6292021, 41.2965037 ], [ 1.6306053, 41.2846238 ], [ 1.6214276, 41.2789073 ], [ 1.6288786, 41.2713676 ], [ 1.6211249, 41.2555457 ], [ 1.6073857, 41.2522342 ], [ 1.5957227, 41.260813399999989 ], [ 1.5715754, 41.2625787 ], [ 1.5830633, 41.2390171 ], [ 1.622826, 41.2250606 ], [ 1.642399, 41.2372118 ], [ 1.6545701, 41.2092573 ], [ 1.6426561, 41.2135913 ], [ 1.6466406, 41.1974763 ], [ 1.4713379, 41.1687286 ], [ 1.3962833, 41.1335602 ], [ 1.2954833, 41.128348599999988 ], [ 1.2333126, 41.0968134 ], [ 1.2505335, 41.1104056 ], [ 1.2340794, 41.1039185 ], [ 1.2250193, 41.1083573 ], [ 1.2129667, 41.1038384 ], [ 1.2176791, 41.0989748 ], [ 1.2184392, 41.096541 ], [ 1.215976, 41.0948754 ], [ 1.2118262, 41.1033118 ], [ 1.1990907, 41.0947642 ], [ 1.1733881, 41.0569621 ], [ 1.1292366, 41.0772039 ], [ 1.0864383, 41.0658017 ], [ 1.0507557, 41.0659914 ], [ 0.9876554, 41.0421175 ], [ 0.9332956, 40.9933594 ], [ 0.864061, 40.9487864 ], [ 0.7933072, 40.868308 ], [ 0.7533058, 40.8479683 ], [ 0.742661, 40.8251053 ], [ 0.7011668, 40.806149 ], [ 0.7107552, 40.7878741 ], [ 0.7416712, 40.7672672 ], [ 0.7629571, 40.763909 ], [ 0.7860841, 40.7715268 ], [ 0.7325745, 40.790085 ], [ 0.7615583, 40.7951426 ], [ 0.7803369, 40.7875655 ], [ 0.8322098, 40.7354655 ], [ 0.8650009, 40.7233556 ], [ 0.8755407, 40.7358712 ], [ 0.888852, 40.7211124 ], [ 0.8766666, 40.7016571 ], [ 0.8428031, 40.6776483 ], [ 0.7668372, 40.6480497 ], [ 0.7129774, 40.5906726 ], [ 0.6773842, 40.564426 ], [ 0.6201091, 40.5571862 ], [ 0.5990145, 40.5760273 ], [ 0.6121676, 40.5803276 ], [ 0.6199469, 40.5741031 ], [ 0.6182828, 40.5883597 ], [ 0.657343, 40.5838942 ], [ 0.6615473, 40.5936224 ], [ 0.6889581, 40.5917049 ], [ 0.6907353, 40.6038146 ], [ 0.6893343, 40.5918984 ], [ 0.7125409, 40.5940892 ], [ 0.7473459, 40.6380297 ], [ 0.735553, 40.6440607 ], [ 0.7089087, 40.6371193 ], [ 0.6949949, 40.6424742 ], [ 0.6645825, 40.6283793 ] ] ], [ [ [ 0.86114, 40.7308808 ], [ 0.8622094, 40.7313656 ], [ 0.8643436, 40.7267294 ], [ 0.86114, 40.7308808 ] ] ], [ [ [ 1.643923, 41.3147981 ], [ 1.6367525, 41.3113624 ], [ 1.6303957, 41.3124995 ], [ 1.6346573, 41.3153355 ], [ 1.643923, 41.3147981 ] ] ] ] } },
{ "type": "Feature", "properties": { "COD_PROV": "44" }, "geometry": { "type": "Polygon", "coordinates": [ [ [ -1.4475314, 40.1472046 ], [ -1.4378828, 40.1988764 ], [ -1.4730915, 40.1869054 ], [ -1.5095786, 40.2055791 ], [ -1.5391596, 40.192668 ], [ -1.689023, 40.3115262 ], [ -1.6990757, 40.308937 ], [ -1.7087104, 40.2825389 ], [ -1.7179533, 40.2789677 ], [ -1.7279216, 40.3050236 ], [ -1.71883, 40.3203736 ], [ -1.7055176, 40.3154675 ], [ -1.6963549, 40.3231573 ], [ -1.7399911, 40.3514334 ], [ -1.7771148, 40.3939936 ], [ -1.8050377, 40.4000962 ], [ -1.7993212, 40.4160812 ], [ -1.7841116, 40.4150495 ], [ -1.7472761, 40.4647619 ], [ -1.691186, 40.488689 ], [ -1.7005659, 40.5400821 ], [ -1.688312, 40.5683572 ], [ -1.6919575, 40.5795156 ], [ -1.6767732, 40.5928188 ], [ -1.5974199, 40.5639195 ], [ -1.5441838, 40.5970594 ], [ -1.5635255, 40.616607699999989 ], [ -1.5376598, 40.6599567 ], [ -1.5343056, 40.6888843 ], [ -1.5520037, 40.7077463 ], [ -1.560685, 40.7416161 ], [ -1.5385752, 40.7625976 ], [ -1.5410011, 40.8130823 ], [ -1.555428, 40.8306692 ], [ -1.5691576, 40.8319466 ], [ -1.5874486, 40.8468918 ], [ -1.6189746, 40.8813523 ], [ -1.6246423, 40.9005424 ], [ -1.6065706, 40.929486 ], [ -1.6161165, 40.9455985 ], [ -1.5882275, 40.9380822 ], [ -1.556598, 40.9411923 ], [ -1.504007, 40.9659888 ], [ -1.4716567, 40.9506649 ], [ -1.4701132, 40.959869 ], [ -1.4455807, 40.9784037 ], [ -1.4580104, 41.0086285 ], [ -1.4750643, 41.0167992 ], [ -1.4098109, 41.0369615 ], [ -1.4154559, 41.0456303 ], [ -1.4034873, 41.0524911 ], [ -1.4086787, 41.059769 ], [ -1.4038817, 41.0681699 ], [ -1.3544576, 41.0903904 ], [ -1.3587844, 41.0734559 ], [ -1.352827, 41.0593894 ], [ -1.2860886, 41.0507257 ], [ -1.269585, 41.0566379 ], [ -1.2519588, 41.0791891 ], [ -1.2700266, 41.1051418 ], [ -1.2533552, 41.1244364 ], [ -1.2086367, 41.1406666 ], [ -1.1726439, 41.1255541 ], [ -1.1202549, 41.1367893 ], [ -1.111774, 41.144622 ], [ -1.1157114, 41.1573419 ], [ -1.1033705, 41.1695243 ], [ -1.0598814, 41.1535042 ], [ -1.0379586, 41.136579 ], [ -0.9995098, 41.1358725 ], [ -0.9710671, 41.1553174 ], [ -0.9992264, 41.1165638 ], [ -0.9972454, 41.0970933 ], [ -0.9559078, 41.078206 ], [ -0.9435836, 41.077176 ], [ -0.9111941, 41.0948695 ], [ -0.9139528, 41.107017399999989 ], [ -0.889194, 41.1274884 ], [ -0.8901412, 41.1470063 ], [ -0.8819099, 41.1506213 ], [ -0.8823071, 41.1319753 ], [ -0.8585325, 41.1098733 ], [ -0.8271774, 41.098277499999988 ], [ -0.7871537, 41.1097652 ], [ -0.7792131, 41.1492352 ], [ -0.760056, 41.1715168 ], [ -0.69261, 41.1141526 ], [ -0.6394618, 41.1728282 ], [ -0.608538, 41.1935362 ], [ -0.6678526, 41.238707 ], [ -0.6414159, 41.2402201 ], [ -0.6240929, 41.250033 ], [ -0.6283545, 41.3136188 ], [ -0.6038957, 41.3251725 ], [ -0.547124, 41.2696037 ], [ -0.5302099, 41.2296657 ], [ -0.5083252, 41.2401371 ], [ -0.5067874, 41.2576753 ], [ -0.5257822, 41.290076 ], [ -0.5759385, 41.3158053 ], [ -0.5804198, 41.3499814 ], [ -0.5010765, 41.3559771 ], [ -0.4785614, 41.3477936 ], [ -0.4687942, 41.320109 ], [ -0.4193877, 41.3135988 ], [ -0.4273819, 41.2959252 ], [ -0.4044895, 41.2742202 ], [ -0.3765672, 41.267316 ], [ -0.3358382, 41.243244499999989 ], [ -0.3217064, 41.247419699999988 ], [ -0.3167137, 41.2594706 ], [ -0.2672986, 41.2168691 ], [ -0.2417904, 41.2116476 ], [ -0.2239135, 41.1918621 ], [ -0.1789726, 41.1897166 ], [ -0.1210255, 41.1584983 ], [ -0.0770603, 41.1524085 ], [ -0.0244086, 41.1299393 ], [ -0.0108521, 41.1221043 ], [ -0.0034179, 41.0988547 ], [ 0.038297, 41.0484232 ], [ 0.053205, 41.0566749 ], [ 0.0589147, 41.0769059 ], [ 0.0738287, 41.081282 ], [ 0.1196385, 41.078679 ], [ 0.1472359, 41.0648969 ], [ 0.1686211, 41.0726045 ], [ 0.2217323, 41.0732834 ], [ 0.219552, 41.0647153 ], [ 0.2315589, 41.055733 ], [ 0.2191269, 41.0455103 ], [ 0.234487, 41.0489693 ], [ 0.2356096, 41.0364361 ], [ 0.2474987, 41.0430924 ], [ 0.2812742, 41.0216457 ], [ 0.260293, 41.0157742 ], [ 0.2756279, 41.0089896 ], [ 0.2698526, 41.0001561 ], [ 0.2824707, 40.9890178 ], [ 0.2824686, 40.976761 ], [ 0.2948848, 40.9724156 ], [ 0.2730512, 40.9466049 ], [ 0.275654, 40.9384788 ], [ 0.2552235, 40.9215042 ], [ 0.2514027, 40.8978271 ], [ 0.2403705, 40.886773 ], [ 0.2567827, 40.8763836 ], [ 0.252186, 40.8581068 ], [ 0.2796047, 40.8228889 ], [ 0.2349486, 40.7888458 ], [ 0.2313445, 40.7692846 ], [ 0.2133663, 40.7693734 ], [ 0.1915034, 40.7521759 ], [ 0.1765999, 40.7567924 ], [ 0.1767348, 40.7429805 ], [ 0.1605583, 40.7524598 ], [ 0.1721014, 40.734687 ], [ 0.1651865, 40.7254566 ], [ 0.1427238, 40.7203152 ], [ 0.113877, 40.7289898 ], [ 0.0740615, 40.7161596 ], [ 0.0435491, 40.6928588 ], [ 0.0278122, 40.6968026 ], [ 0.0297393, 40.7150358 ], [ 0.0171116, 40.7302815 ], [ -0.0163415, 40.7330517 ], [ -0.0293818, 40.7244631 ], [ -0.0633259, 40.7292589 ], [ -0.1244238, 40.754695 ], [ -0.1424706, 40.7705455 ], [ -0.143162, 40.7872986 ], [ -0.1635864, 40.7904853 ], [ -0.1958065, 40.7863111 ], [ -0.2116764, 40.759917 ], [ -0.2226655, 40.7560136 ], [ -0.2378886, 40.7199006 ], [ -0.2346239, 40.6929614 ], [ -0.2922618, 40.675818899999989 ], [ -0.3056337, 40.6613516 ], [ -0.3274542, 40.6821338 ], [ -0.376729, 40.6692696 ], [ -0.3801514, 40.6634363 ], [ -0.3694343, 40.6526286 ], [ -0.3783067, 40.6253834 ], [ -0.3691212, 40.6154464 ], [ -0.3207224, 40.6046952 ], [ -0.3102134, 40.6133061 ], [ -0.2919217, 40.6128952 ], [ -0.2985037, 40.5791819 ], [ -0.2887469, 40.5458061 ], [ -0.3004981, 40.517818 ], [ -0.2963287, 40.507623599999988 ], [ -0.2867697, 40.5114246 ], [ -0.2734044, 40.4987781 ], [ -0.278374, 40.4853026 ], [ -0.271444, 40.4755293 ], [ -0.3312478, 40.4609016 ], [ -0.345994, 40.4457935 ], [ -0.283881, 40.388171 ], [ -0.2810244, 40.3669444 ], [ -0.3032355, 40.3645458 ], [ -0.3392557, 40.3418454 ], [ -0.3417945, 40.3272663 ], [ -0.3484386, 40.3298059 ], [ -0.3516223, 40.3152217 ], [ -0.3671453, 40.3139633 ], [ -0.3649137, 40.3069061 ], [ -0.3887521, 40.307492 ], [ -0.398747, 40.2960157 ], [ -0.3814535, 40.2801769 ], [ -0.3822676, 40.2667005 ], [ -0.4267152, 40.245657 ], [ -0.4624584, 40.2357188 ], [ -0.4686186, 40.241987699999989 ], [ -0.4931606, 40.2305866 ], [ -0.5428331, 40.2535138 ], [ -0.5565355, 40.2026946 ], [ -0.570808, 40.1833293 ], [ -0.5679054, 40.1610181 ], [ -0.5771332, 40.1399158 ], [ -0.6051877, 40.1301402 ], [ -0.6273521, 40.1039518 ], [ -0.6122383, 40.071867 ], [ -0.6258715, 40.0780563 ], [ -0.6815911, 40.0460795 ], [ -0.746233, 40.0397349 ], [ -0.7522752, 40.0484639 ], [ -0.7609246, 40.0431194 ], [ -0.7659414, 40.0118834 ], [ -0.7765385, 40.0001255 ], [ -0.8366013, 39.978406 ], [ -0.834395, 39.9618535 ], [ -0.8449546, 39.9495536 ], [ -0.8390809, 39.9268069 ], [ -0.8286441, 39.9086393 ], [ -0.796351, 39.8829207 ], [ -0.8277894, 39.8727401 ], [ -0.8622149, 39.8492643 ], [ -0.8872347, 39.8539655 ], [ -0.9112256, 39.8742114 ], [ -0.8989038, 39.8936901 ], [ -0.9082763, 39.9004642 ], [ -0.9124829, 39.919864 ], [ -0.9013198, 39.9337078 ], [ -0.9191156, 39.9662606 ], [ -0.9305479, 39.9579351 ], [ -0.9899764, 39.9836908 ], [ -1.0239123, 39.976473399999989 ], [ -1.0702121, 39.9815161 ], [ -1.0908138, 39.9696587 ], [ -1.1036827, 39.976835099999988 ], [ -1.1225001, 39.9678792 ], [ -1.1204171, 39.9627102 ], [ -1.1410641, 39.9737021 ], [ -1.1638568, 40.0119568 ], [ -1.0828944, 40.0380689 ], [ -1.0707934, 40.0623438 ], [ -1.1484654, 40.1165921 ], [ -1.2059192, 40.1119928 ], [ -1.2436398, 40.1180046 ], [ -1.2492841, 40.1257815 ], [ -1.2429657, 40.1478307 ], [ -1.2510877, 40.1451609 ], [ -1.2830121, 40.173358 ], [ -1.2954124, 40.2010914 ], [ -1.2917533, 40.208785 ], [ -1.2968978, 40.2135454 ], [ -1.3136636, 40.2032337 ], [ -1.3216611, 40.1867174 ], [ -1.315261, 40.151518 ], [ -1.3557724, 40.1307492 ], [ -1.3623347, 40.1404734 ], [ -1.4319939, 40.1413392 ], [ -1.4475314, 40.1472046 ] ], [ [ -1.5036247, 40.2524107 ], [ -1.4911213, 40.2558068 ], [ -1.5084297, 40.251538 ], [ -1.5036247, 40.2524107 ] ], [ [ -1.6224301, 40.5159065 ], [ -1.6365052, 40.5051928 ], [ -1.6116585, 40.5202199 ], [ -1.6224301, 40.5159065 ] ] ] } },
{ "type": "Feature", "properties": { "COD_PROV": "45" }, "geometry": { "type": "Polygon", "coordinates": [ [ [ -4.7612432, 39.5159169 ], [ -4.8618943, 39.5580277 ], [ -4.9017696, 39.5055768 ], [ -4.9395183, 39.3970004 ], [ -4.9484502, 39.3949929 ], [ -5.0066027, 39.4362959 ], [ -5.0576717, 39.4912989 ], [ -5.0826741, 39.4925484 ], [ -5.2008517, 39.5939038 ], [ -5.2040245, 39.6017885 ], [ -5.150198, 39.6631704 ], [ -5.1506341, 39.6978924 ], [ -5.136572, 39.7168798 ], [ -5.1725663, 39.7527347 ], [ -5.1572364, 39.7615426 ], [ -5.1656765, 39.8017653 ], [ -5.2048636, 39.7996109 ], [ -5.2530033, 39.7544268 ], [ -5.3076089, 39.7622723 ], [ -5.3149928, 39.7746644 ], [ -5.3113698, 39.8261598 ], [ -5.2828294, 39.8657584 ], [ -5.3252335, 39.8938532 ], [ -5.4048947, 39.8796158 ], [ -5.363878, 39.9857327 ], [ -5.3628515, 40.0279582 ], [ -5.3726407, 40.0612074 ], [ -5.3677927, 40.1019681 ], [ -5.3375004, 40.1176389 ], [ -5.3146174, 40.1089186 ], [ -5.211711, 40.1088219 ], [ -5.2008917, 40.0847332 ], [ -5.1703905, 40.0867053 ], [ -5.1408319, 40.0933533 ], [ -5.1001436, 40.1288885 ], [ -5.0877887, 40.1255283 ], [ -5.0688838, 40.1507032 ], [ -5.0173092, 40.1609375 ], [ -5.0058167, 40.1331035 ], [ -5.0121118, 40.1129415 ], [ -4.953311, 40.1230107 ], [ -4.9550576, 40.1352331 ], [ -4.9242179, 40.1379204 ], [ -4.9168245, 40.1571781 ], [ -4.9234385, 40.1718679 ], [ -4.8341706, 40.2143883 ], [ -4.8064335, 40.2372028 ], [ -4.8170043, 40.2566593 ], [ -4.8030104, 40.276976 ], [ -4.7599478, 40.2628199 ], [ -4.741383, 40.2771628 ], [ -4.7273594, 40.2724014 ], [ -4.6968959, 40.2840766 ], [ -4.6929019, 40.2682713 ], [ -4.700552, 40.2591138 ], [ -4.6859581, 40.2514898 ], [ -4.6924357, 40.2429523 ], [ -4.6853212, 40.2376621 ], [ -4.6854125, 40.2129035 ], [ -4.6780394, 40.2088666 ], [ -4.638853, 40.1991299 ], [ -4.577758, 40.2192861 ], [ -4.5739227, 40.2089613 ], [ -4.5346132, 40.2014431 ], [ -4.5155048, 40.2075788 ], [ -4.5160819, 40.2155526 ], [ -4.5043103, 40.222615 ], [ -4.4361973, 40.2395698 ], [ -4.4344318, 40.2611963 ], [ -4.426228, 40.2597211 ], [ -4.3828041, 40.2910307 ], [ -4.3868405, 40.3031725 ], [ -4.3799394, 40.3202199 ], [ -4.3556491, 40.3115321 ], [ -4.3574683, 40.2783579 ], [ -4.3439537, 40.2552106 ], [ -4.3469734, 40.2384919 ], [ -4.3341674, 40.2406842 ], [ -4.3203589, 40.2270053 ], [ -4.305439, 40.2347224 ], [ -4.3050132, 40.2235672 ], [ -4.2946679, 40.2209695 ], [ -4.267224, 40.2379063 ], [ -4.2445915, 40.2755929 ], [ -4.2025174, 40.270883 ], [ -4.2017451, 40.2903702 ], [ -4.1901053, 40.2988493 ], [ -4.1690126, 40.2902102 ], [ -4.162486, 40.2718158 ], [ -4.1428192, 40.2661474 ], [ -4.1493885, 40.2512708 ], [ -4.142448, 40.2468716 ], [ -4.1029862, 40.2436761 ], [ -4.0792301, 40.2683796 ], [ -4.069971, 40.2666807 ], [ -4.0503776, 40.2529945 ], [ -4.0224684, 40.2509669 ], [ -4.0247661, 40.2380437 ], [ -3.9911825, 40.2115986 ], [ -3.9516876, 40.2141992 ], [ -3.9549615, 40.2004613 ], [ -3.9480504, 40.1909936 ], [ -3.9297506, 40.2058469 ], [ -3.9089869, 40.1917039 ], [ -3.874982, 40.1929851 ], [ -3.8338277, 40.163161 ], [ -3.8090372, 40.1709949 ], [ -3.8048141, 40.1793664 ], [ -3.7830439, 40.1645798 ], [ -3.7706048, 40.1414528 ], [ -3.7438579, 40.1345214 ], [ -3.7193928, 40.1498288 ], [ -3.6824074, 40.1343396 ], [ -3.6656828, 40.1454032 ], [ -3.6553314, 40.1274066 ], [ -3.6052211, 40.1108681 ], [ -3.6130143, 40.1006266 ], [ -3.6031702, 40.096579 ], [ -3.6081979, 40.085409 ], [ -3.6266027, 40.0791477 ], [ -3.6158236, 40.0699623 ], [ -3.6229843, 40.0656247 ], [ -3.619362, 40.057986 ], [ -3.6355393, 40.0538553 ], [ -3.6455222, 40.0370506 ], [ -3.6779412, 40.0179002 ], [ -3.6990868, 40.0207731 ], [ -3.7193477, 40.0028663 ], [ -3.7216448, 39.9896331 ], [ -3.7337398, 39.9869978 ], [ -3.7335486, 39.9789635 ], [ -3.745066, 39.9826741 ], [ -3.7393936, 39.9725379 ], [ -3.7271818, 39.9749408 ], [ -3.724817, 39.9683785 ], [ -3.7381824, 39.9633642 ], [ -3.7600068, 39.9728185 ], [ -3.7501074, 39.958504 ], [ -3.7540157, 39.95191 ], [ -3.7687187, 39.9508224 ], [ -3.757684, 39.9597358 ], [ -3.7635744, 39.9682648 ], [ -3.7873921, 39.9560494 ], [ -3.7857474, 39.9484023 ], [ -3.799806, 39.9483427 ], [ -3.8069275, 39.9566724 ], [ -3.8235726, 39.9486099 ], [ -3.8305823, 39.9319905 ], [ -3.8378223, 39.9440931 ], [ -3.8746267, 39.9305403 ], [ -3.8683785, 39.9065229 ], [ -3.8330934, 39.901618 ], [ -3.8134283, 39.8877192 ], [ -3.8026303, 39.8864627 ], [ -3.7773892, 39.913222 ], [ -3.7547338, 39.9234992 ], [ -3.7436585, 39.9424998 ], [ -3.7101084, 39.9569005 ], [ -3.6965634, 39.9488908 ], [ -3.6607511, 39.9680575 ], [ -3.6337487, 39.9680563 ], [ -3.6368744, 39.9906536 ], [ -3.5932968, 40.0037603 ], [ -3.5883933, 40.015343 ], [ -3.5186121, 40.022749 ], [ -3.5139753, 40.045133299999989 ], [ -3.5057825, 40.0500684 ], [ -3.467749, 40.0428966 ], [ -3.4510696, 40.0520428 ], [ -3.4443975, 40.0392129 ], [ -3.428406, 40.0406161 ], [ -3.4236866, 40.0489111 ], [ -3.392905, 40.0373802 ], [ -3.3930209, 40.0473637 ], [ -3.3751548, 40.0516912 ], [ -3.3756812, 40.0770799 ], [ -3.3331035, 40.0834803 ], [ -3.3103721, 40.0705245 ], [ -3.3015807, 40.0555381 ], [ -3.2755504, 40.0493046 ], [ -3.2644499, 40.0588554 ], [ -3.2563016, 40.0526824 ], [ -3.2539715, 40.0598587 ], [ -3.2037546, 40.0608588 ], [ -3.1881548, 40.0845469 ], [ -3.1650916, 40.0931497 ], [ -3.1592337, 40.0712362 ], [ -3.1689502, 40.0500131 ], [ -3.1412807, 39.9868381 ], [ -3.0953104, 39.9888137 ], [ -3.0957747, 39.9353398 ], [ -3.1055948, 39.9050129 ], [ -3.1259454, 39.8765577 ], [ -3.0949836, 39.870981199999989 ], [ -3.0750088, 39.857582199999989 ], [ -3.0583924, 39.8393465 ], [ -3.0392545, 39.7894555 ], [ -3.0142441, 39.7666205 ], [ -2.9964646, 39.7207425 ], [ -2.9069477, 39.6442079 ], [ -2.9165743, 39.624933 ], [ -2.9124616, 39.6156042 ], [ -2.9242293, 39.6036737 ], [ -2.9193634, 39.5610144 ], [ -2.933795, 39.5274762 ], [ -2.9300909, 39.4733571 ], [ -2.9555098, 39.4490859 ], [ -2.993503, 39.4532476 ], [ -2.9982686, 39.4435162 ], [ -3.0135858, 39.4469142 ], [ -3.0213067, 39.458869 ], [ -3.0683188, 39.4521464 ], [ -3.0949544, 39.4751246 ], [ -3.1421456, 39.497403 ], [ -3.1832388, 39.4898414 ], [ -3.1838888, 39.476026 ], [ -3.2929219, 39.472722 ], [ -3.3145421, 39.4355952 ], [ -3.3078596, 39.401029 ], [ -3.3482878, 39.4101875 ], [ -3.4090052, 39.4064673 ], [ -3.4692096, 39.3740184 ], [ -3.4756073, 39.3450229 ], [ -3.5313174, 39.3060356 ], [ -3.5658419, 39.3012042 ], [ -3.5853261, 39.3095414 ], [ -3.6789206, 39.3001576 ], [ -3.6868728, 39.2867384 ], [ -3.7212587, 39.2714825 ], [ -3.7644324, 39.2951954 ], [ -3.7916605, 39.2941208 ], [ -3.8115019, 39.2880991 ], [ -3.8404156, 39.2614587 ], [ -3.8747788, 39.2639342 ], [ -3.899227, 39.2813273 ], [ -3.9642143, 39.3000562 ], [ -3.9572169, 39.3090965 ], [ -3.9709451, 39.3540526 ], [ -4.0721197, 39.3672124 ], [ -4.1031971, 39.3429906 ], [ -4.1192871, 39.3644988 ], [ -4.1468231, 39.3646445 ], [ -4.1266469, 39.4107328 ], [ -4.1168204, 39.4587626 ], [ -4.0800678, 39.4535487 ], [ -4.0668766, 39.458933 ], [ -4.0575743, 39.4740653 ], [ -4.0668979, 39.5036972 ], [ -4.0585366, 39.5237117 ], [ -4.0288247, 39.5238517 ], [ -4.0405232, 39.5772345 ], [ -4.1233964, 39.5654874 ], [ -4.1574797, 39.5786399 ], [ -4.1919836, 39.4972645 ], [ -4.240843, 39.4797775 ], [ -4.3759658, 39.4978622 ], [ -4.4200111, 39.5088936 ], [ -4.4423508, 39.5249886 ], [ -4.4518397, 39.5191688 ], [ -4.4603465, 39.4804262 ], [ -4.4820292, 39.4902345 ], [ -4.4994928, 39.5204277 ], [ -4.5099821, 39.5240029 ], [ -4.5004308, 39.536977 ], [ -4.4809488, 39.540676 ], [ -4.5241292, 39.5633717 ], [ -4.5298517, 39.533485 ], [ -4.5414474, 39.5458809 ], [ -4.5597427, 39.5355373 ], [ -4.5533916, 39.5126555 ], [ -4.5666862, 39.4991621 ], [ -4.5890482, 39.5016235 ], [ -4.6171923, 39.4865323 ], [ -4.6103598, 39.4620188 ], [ -4.6168987, 39.4562799 ], [ -4.6890464, 39.4536691 ], [ -4.7541423, 39.4175921 ], [ -4.7524807, 39.4273028 ], [ -4.7649664, 39.4257906 ], [ -4.7660431, 39.4348573 ], [ -4.7392812, 39.4580444 ], [ -4.7487214, 39.4702293 ], [ -4.741621, 39.4894282 ], [ -4.7612432, 39.5159169 ] ], [ [ -3.3293455, 39.6447497 ], [ -3.32425506643691, 39.645313092646973 ], [ -3.3242551, 39.6453131 ], [ -3.3293455, 39.6447497 ] ], [ [ -3.3927546, 40.0193078 ], [ -3.394355391562674, 40.028697750508186 ], [ -3.3943554, 40.0286977 ], [ -3.3927546, 40.0193078 ] ] ] } },
{ "type": "Feature", "properties": { "COD_PROV": "46" }, "geometry": { "type": "MultiPolygon", "coordinates": [ [ [ [ -0.7434622, 38.7611086 ], [ -0.7601338, 38.7509157 ], [ -0.7824089, 38.750203 ], [ -0.7913333, 38.7410211 ], [ -0.8332993, 38.7342832 ], [ -0.8603694, 38.7727409 ], [ -0.9119024, 38.7714574 ], [ -0.9135841, 38.7832658 ], [ -0.9276159, 38.7856865 ], [ -0.9325267, 38.7958286 ], [ -0.9235562, 38.825215 ], [ -0.9343739, 38.8577906 ], [ -0.9232138, 38.8936056 ], [ -0.9552015, 38.9219755 ], [ -0.9580872, 38.9464353 ], [ -0.9980103, 38.9513085 ], [ -1.0349619, 38.936149 ], [ -1.1453357, 38.9312089 ], [ -1.1595704, 38.956672 ], [ -1.2252208, 39.026529 ], [ -1.2654345, 39.0528758 ], [ -1.2544034, 39.1080264 ], [ -1.2391919, 39.1155914 ], [ -1.2256784, 39.1535618 ], [ -1.1957728, 39.1785845 ], [ -1.1795047, 39.2136792 ], [ -1.1636807, 39.3123693 ], [ -1.1963098, 39.3154277 ], [ -1.2061177, 39.327861 ], [ -1.2220066, 39.3179686 ], [ -1.2458338, 39.3304318 ], [ -1.2488044, 39.3243666 ], [ -1.2724267, 39.335053 ], [ -1.2967133, 39.333015 ], [ -1.3111027, 39.3449462 ], [ -1.3321405, 39.3425213 ], [ -1.3349799, 39.3358298 ], [ -1.3661394, 39.357960399999989 ], [ -1.3838579, 39.3561356 ], [ -1.3824097, 39.3680904 ], [ -1.4064715, 39.3676369 ], [ -1.3948669, 39.3761102 ], [ -1.4063604, 39.3735454 ], [ -1.4128092, 39.382013 ], [ -1.4246066, 39.3809119 ], [ -1.4223102, 39.3658537 ], [ -1.4309178, 39.3666092 ], [ -1.4267554, 39.3725898 ], [ -1.4309788, 39.379441 ], [ -1.4429516, 39.3636173 ], [ -1.4537895, 39.3627088 ], [ -1.4479858, 39.3805504 ], [ -1.4668781, 39.3851905 ], [ -1.4519458, 39.3852349 ], [ -1.4514218, 39.4005283 ], [ -1.4609627, 39.4018346 ], [ -1.4659221, 39.3922678 ], [ -1.4758358, 39.3966694 ], [ -1.4654762, 39.403074 ], [ -1.468865, 39.4090288 ], [ -1.4872211, 39.4028915 ], [ -1.4827409, 39.4247361 ], [ -1.5038614, 39.4198571 ], [ -1.4950781, 39.4306995 ], [ -1.5195363, 39.4333813 ], [ -1.5142644, 39.4408938 ], [ -1.5233006, 39.4449452 ], [ -1.5171566, 39.4508052 ], [ -1.5267808, 39.4540614 ], [ -1.5125372, 39.4598182 ], [ -1.5097326, 39.4768648 ], [ -1.5022268, 39.4804287 ], [ -1.5112429, 39.4850946 ], [ -1.5038003, 39.4900164 ], [ -1.5111393, 39.4981296 ], [ -1.5023449, 39.4933595 ], [ -1.4978377, 39.5023114 ], [ -1.5059016, 39.5097218 ], [ -1.4998563, 39.5176882 ], [ -1.5056859, 39.5225048 ], [ -1.5019749, 39.5490166 ], [ -1.5195359, 39.5507199 ], [ -1.5018701, 39.553889 ], [ -1.5030464, 39.5657635 ], [ -1.4607646, 39.578480899999988 ], [ -1.4166119, 39.656796 ], [ -1.3672126, 39.6914747 ], [ -1.3115034, 39.6723434 ], [ -1.2782555, 39.6797468 ], [ -1.26067, 39.7007641 ], [ -1.2741131, 39.7388496 ], [ -1.2136756, 39.810632 ], [ -1.1986492, 39.8612935 ], [ -1.194531, 39.9157884 ], [ -1.2076378, 39.9300208 ], [ -1.206855, 39.9456648 ], [ -1.1410641, 39.9737021 ], [ -1.1204171, 39.9627102 ], [ -1.1225001, 39.9678792 ], [ -1.1036827, 39.976835099999988 ], [ -1.0908138, 39.9696587 ], [ -1.0702121, 39.9815161 ], [ -1.0239123, 39.976473399999989 ], [ -0.9899764, 39.9836908 ], [ -0.9305479, 39.9579351 ], [ -0.9191156, 39.9662606 ], [ -0.9013198, 39.9337078 ], [ -0.9124829, 39.919864 ], [ -0.9082763, 39.9004642 ], [ -0.8989038, 39.8936901 ], [ -0.9112256, 39.8742114 ], [ -0.9064368, 39.8675288 ], [ -0.8660797, 39.8486317 ], [ -0.8277894, 39.8727401 ], [ -0.7924218, 39.883288 ], [ -0.7722178, 39.8716489 ], [ -0.7353236, 39.8309802 ], [ -0.7350955, 39.8219219 ], [ -0.7215469, 39.8150914 ], [ -0.7112055, 39.8186968 ], [ -0.6897662, 39.854315 ], [ -0.6548066, 39.8378142 ], [ -0.6433632, 39.7934395 ], [ -0.6510037, 39.7559379 ], [ -0.6296656, 39.748187 ], [ -0.5868804, 39.743541 ], [ -0.5757036, 39.7750524 ], [ -0.5470583, 39.7975854 ], [ -0.5292395, 39.7978293 ], [ -0.496905, 39.7494074 ], [ -0.4548289, 39.716548 ], [ -0.4437432, 39.7207551 ], [ -0.4377356, 39.7387101 ], [ -0.4082516, 39.7470467 ], [ -0.3933666, 39.7620445 ], [ -0.3855916, 39.7710328 ], [ -0.3870705, 39.7923964 ], [ -0.3765681, 39.8017279 ], [ -0.3269052, 39.8033328 ], [ -0.3072138, 39.7988404 ], [ -0.2751722, 39.7723901 ], [ -0.2698373, 39.7523028 ], [ -0.2596135, 39.7458998 ], [ -0.1871799, 39.7237986 ], [ -0.2086805, 39.6544426 ], [ -0.214395, 39.657137899999988 ], [ -0.2188553, 39.6516935 ], [ -0.2129618, 39.6487342 ], [ -0.2575387, 39.6167801 ], [ -0.2800448, 39.564057 ], [ -0.3126398, 39.5268287 ], [ -0.3221814, 39.4864734 ], [ -0.3199577, 39.4596128 ], [ -0.3088276, 39.4524077 ], [ -0.3279459, 39.4637605 ], [ -0.317691, 39.4457236 ], [ -0.32382, 39.4461802 ], [ -0.3147543, 39.4450421 ], [ -0.3314891, 39.4440311 ], [ -0.3344715, 39.4264536 ], [ -0.2905606, 39.3103848 ], [ -0.2965817, 39.3112118 ], [ -0.2145064, 39.1881405 ], [ -0.2356454, 39.1801506 ], [ -0.2383532, 39.1500151 ], [ -0.1981379, 39.0603443 ], [ -0.1541473, 38.9984676 ], [ -0.1471356, 38.9982596 ], [ -0.1536502, 38.9979065 ], [ -0.1595607, 38.9941683 ], [ -0.1499681, 38.9975997 ], [ -0.1175924, 38.9558664 ], [ -0.0363534, 38.8882648 ], [ -0.0234551, 38.8741781 ], [ -0.0257984, 38.8638691 ], [ -0.0408133, 38.8582964 ], [ -0.0692803, 38.887565 ], [ -0.0883194, 38.8811582 ], [ -0.0907469, 38.8733725 ], [ -0.100758, 38.8768734 ], [ -0.1467394, 38.8602756 ], [ -0.1537559, 38.862322 ], [ -0.1594943, 38.889236 ], [ -0.1963006, 38.8681634 ], [ -0.1949802, 38.8612847 ], [ -0.2292043, 38.855334 ], [ -0.3094715, 38.883359 ], [ -0.3223316, 38.8653375 ], [ -0.3472454, 38.8631951 ], [ -0.3810374, 38.836389 ], [ -0.4008785, 38.8416358 ], [ -0.4027337, 38.8349733 ], [ -0.458614, 38.8169409 ], [ -0.4605444, 38.8094948 ], [ -0.5339755, 38.8122118 ], [ -0.5938874, 38.7969482 ], [ -0.5829319, 38.770213 ], [ -0.5643137, 38.7572771 ], [ -0.5301914, 38.7690759 ], [ -0.5061404, 38.7571111 ], [ -0.5057852, 38.7448248 ], [ -0.6167243, 38.6885019 ], [ -0.627373, 38.6884032 ], [ -0.6412511, 38.7061919 ], [ -0.6421134, 38.7296159 ], [ -0.6765249, 38.7311809 ], [ -0.6874585, 38.7431194 ], [ -0.705863, 38.7356716 ], [ -0.7158667, 38.7524266 ], [ -0.7434622, 38.7611086 ] ], [ [ -0.406647, 39.2028154 ], [ -0.4083153, 39.2009156 ], [ -0.4067942, 39.1956649 ], [ -0.4097061, 39.1879536 ], [ -0.4192331, 39.1828948 ], [ -0.4230501, 39.1744403 ], [ -0.4357034, 39.178520299999988 ], [ -0.4592389, 39.1825949 ], [ -0.4986694, 39.1622935 ], [ -0.494447, 39.1531033 ], [ -0.5050197, 39.151888799999988 ], [ -0.5093342, 39.1496387 ], [ -0.5111372, 39.1460847 ], [ -0.4944203, 39.1530487 ], [ -0.4986427, 39.1622389 ], [ -0.4592122, 39.1825403 ], [ -0.4230234, 39.1743857 ], [ -0.409589981177609, 39.187870149458533 ], [ -0.4066834, 39.195567 ], [ -0.4065362, 39.2027176 ], [ -0.4031961, 39.2006611 ], [ -0.391552193646142, 39.204465999364601 ], [ -0.406647, 39.2028154 ] ], [ [ -0.391067456216013, 39.17830502446914 ], [ -0.3951231, 39.1831916 ], [ -0.395188668253054, 39.18321273164085 ], [ -0.391067456216013, 39.17830502446914 ] ], [ [ -0.390697966807713, 39.177896539281242 ], [ -0.379567, 39.1576948 ], [ -0.36982061522143, 39.146322241467871 ], [ -0.3796988, 39.168036099999988 ], [ -0.390697966807713, 39.177896539281242 ] ], [ [ -0.343830155934449, 39.124043771079009 ], [ -0.301947243931439, 39.099998298220534 ], [ -0.3019202, 39.1000181 ], [ -0.3233921, 39.1137484 ], [ -0.343830155934449, 39.124043771079009 ] ], [ [ -0.4828674, 39.1505839 ], [ -0.482927976176334, 39.150589898684125 ], [ -0.484244367699042, 39.148608398354448 ], [ -0.4828674, 39.1505839 ] ], [ [ -0.482097232846939, 39.14107649873322 ], [ -0.478436687103347, 39.143125283392962 ], [ -0.4821341, 39.1411256 ], [ -0.482097232846939, 39.14107649873322 ] ], [ [ -0.485761140199756, 39.134268288137804 ], [ -0.481269134794185, 39.139954434205393 ], [ -0.4858383, 39.13426 ], [ -0.485761140199756, 39.134268288137804 ] ], [ [ -0.4597951, 39.143210499999988 ], [ -0.456364623180852, 39.142910904625268 ], [ -0.4563843, 39.1429649 ], [ -0.4597951, 39.143210499999988 ] ], [ [ -0.4550025, 39.147132 ], [ -0.455014031182075, 39.147131420152967 ], [ -0.45258177024872, 39.138326073392037 ], [ -0.4550025, 39.147132 ] ], [ [ -0.3790896, 39.2055852 ], [ -0.388531171362114, 39.199732094088866 ], [ -0.3820505, 39.2004381 ], [ -0.3789788, 39.2054873 ], [ -0.3597241, 39.2001789 ], [ -0.3502368, 39.2045717 ], [ -0.3790896, 39.2055852 ] ], [ [ -0.3246466, 39.161576 ], [ -0.3191258, 39.1591601 ], [ -0.3168612, 39.1621091 ], [ -0.3059277, 39.1568682 ], [ -0.3169155, 39.1621867 ], [ -0.3246466, 39.161576 ] ], [ [ -0.305333952705068, 39.15120069970137 ], [ -0.307419246440725, 39.150918866446695 ], [ -0.3074433, 39.1508275 ], [ -0.305333952705068, 39.15120069970137 ] ], [ [ -0.3388157, 39.141788 ], [ -0.3408554, 39.1441626 ], [ -0.338820534027929, 39.141779746680932 ], [ -0.3388157, 39.141788 ] ], [ [ -0.3269551, 39.1775895 ], [ -0.33549523091272, 39.179569237387902 ], [ -0.326960517205743, 39.177526218893611 ], [ -0.3269551, 39.1775895 ] ], [ [ -0.327748072801385, 39.167613311883947 ], [ -0.322101707225118, 39.164711350589279 ], [ -0.322072, 39.1647463 ], [ -0.327748072801385, 39.167613311883947 ] ], [ [ -0.350845939488963, 39.186562135151107 ], [ -0.3403941, 39.1865124 ], [ -0.33679382298557, 39.184362738449387 ], [ -0.3405048, 39.1866104 ], [ -0.350845939488963, 39.186562135151107 ] ] ], [ [ [ -1.2850621, 40.0100389 ], [ -1.3755344, 40.0183614 ], [ -1.3818115, 40.0408286 ], [ -1.4189612, 40.0953764 ], [ -1.406272, 40.1032656 ], [ -1.4414875, 40.1199077 ], [ -1.4559119, 40.1369197 ], [ -1.4475314, 40.1472046 ], [ -1.3922385, 40.1362247 ], [ -1.3623347, 40.1404734 ], [ -1.3557724, 40.1307492 ], [ -1.3183939, 40.148258399999989 ], [ -1.3216611, 40.1867174 ], [ -1.3136636, 40.2032337 ], [ -1.2968978, 40.2135454 ], [ -1.2830121, 40.173358 ], [ -1.2510877, 40.1451609 ], [ -1.2429657, 40.1478307 ], [ -1.2492841, 40.1257815 ], [ -1.2436398, 40.1180046 ], [ -1.2059192, 40.1119928 ], [ -1.1484654, 40.1165921 ], [ -1.0707934, 40.0623438 ], [ -1.0828944, 40.0380689 ], [ -1.1348643, 40.0169525 ], [ -1.2467351, 39.9969258 ], [ -1.2850621, 40.0100389 ] ] ] ] } },
{ "type": "Feature", "properties": { "COD_PROV": "47" }, "geometry": { "type": "MultiPolygon", "coordinates": [ [ [ [ -5.0988881, 41.1489829 ], [ -5.127309, 41.134266599999989 ], [ -5.1349295, 41.1458884 ], [ -5.178418, 41.1691762 ], [ -5.2066883, 41.1687195 ], [ -5.2169806, 41.1614681 ], [ -5.2280176, 41.191727 ], [ -5.2412636, 41.1990273 ], [ -5.2872294, 41.197501 ], [ -5.2875062, 41.1838753 ], [ -5.3257414, 41.1795064 ], [ -5.3390602, 41.1959894 ], [ -5.3063802, 41.2266785 ], [ -5.2924133, 41.2281369 ], [ -5.3009687, 41.2611566 ], [ -5.2905012, 41.271076 ], [ -5.3022703, 41.3178651 ], [ -5.3208803, 41.3282178 ], [ -5.333384, 41.3725312 ], [ -5.3062942, 41.415941 ], [ -5.3379962, 41.4274851 ], [ -5.3235486, 41.4572296 ], [ -5.3362491, 41.4631783 ], [ -5.3434939, 41.4811425 ], [ -5.3307635, 41.4778268 ], [ -5.2979332, 41.5021131 ], [ -5.2606382, 41.5055714 ], [ -5.24043, 41.5216751 ], [ -5.2325935, 41.5196125 ], [ -5.2276279, 41.5303169 ], [ -5.2465413, 41.5486571 ], [ -5.2714063, 41.5520665 ], [ -5.2713743, 41.5610737 ], [ -5.291829, 41.5762572 ], [ -5.2667095, 41.5919313 ], [ -5.2692936, 41.603023 ], [ -5.3276497, 41.6178055 ], [ -5.3182672, 41.6386564 ], [ -5.3269361, 41.6836844 ], [ -5.3444549, 41.703916 ], [ -5.3568925, 41.7015815 ], [ -5.360447, 41.7307337 ], [ -5.3739517, 41.7216743 ], [ -5.3894487, 41.7544591 ], [ -5.3901401, 41.7623954 ], [ -5.3689338, 41.7797327 ], [ -5.3214078, 41.790095099999988 ], [ -5.2783777, 41.815338399999987 ], [ -5.2755699, 41.8247774 ], [ -5.2859029, 41.8295705 ], [ -5.3283059, 41.8330244 ], [ -5.3052285, 41.8597232 ], [ -5.309206, 41.8952453 ], [ -5.2924863, 41.9218246 ], [ -5.3196288, 41.9393981 ], [ -5.3339694, 41.9393606 ], [ -5.2840617, 41.9760002 ], [ -5.2533599, 41.9822191 ], [ -5.2794012, 41.980686 ], [ -5.301981, 41.992987 ], [ -5.3242712, 42.0222851 ], [ -5.3476981, 42.0244733 ], [ -5.3751472, 42.0415315 ], [ -5.3731879, 42.0700218 ], [ -5.3888682, 42.0916985 ], [ -5.3751445, 42.1014029 ], [ -5.3787496, 42.1146932 ], [ -5.3702731, 42.1319514 ], [ -5.3876356, 42.1773483 ], [ -5.3789724, 42.1997722 ], [ -5.387257, 42.2071759 ], [ -5.3868481, 42.2233297 ], [ -5.3599792, 42.2270379 ], [ -5.3062071, 42.201152 ], [ -5.3006186, 42.22404 ], [ -5.285669, 42.2318137 ], [ -5.2643882, 42.2127839 ], [ -5.2402271, 42.216402 ], [ -5.2265084, 42.231779 ], [ -5.2527437, 42.2416596 ], [ -5.2352408, 42.2752328 ], [ -5.2290406, 42.2775318 ], [ -5.2271938, 42.2643491 ], [ -5.2190554, 42.2798081 ], [ -5.1966468, 42.2624254 ], [ -5.181461, 42.2660926 ], [ -5.143056, 42.2834323 ], [ -5.1107405, 42.3137222 ], [ -5.0924917, 42.311175 ], [ -5.0738884, 42.2807702 ], [ -5.0609277, 42.2797684 ], [ -5.0669306, 42.2630731 ], [ -5.053548, 42.2594045 ], [ -5.0403419, 42.2694396 ], [ -5.0370872, 42.2990079 ], [ -5.0008774, 42.2910087 ], [ -5.0073976, 42.2633373 ], [ -5.017546, 42.2557379 ], [ -5.0077098, 42.2441327 ], [ -5.0090792, 42.229995 ], [ -5.0236384, 42.2191769 ], [ -5.0111334, 42.1916394 ], [ -5.0306355, 42.1755102 ], [ -5.0257081, 42.155793 ], [ -5.0137683, 42.1586768 ], [ -4.9872231, 42.1462615 ], [ -4.9651383, 42.1576404 ], [ -4.961184, 42.1514828 ], [ -4.9262374, 42.1520948 ], [ -4.927448, 42.1201934 ], [ -4.9108743, 42.0931741 ], [ -4.9165664, 42.0926739 ], [ -4.902919, 42.080273 ], [ -4.9264898, 42.0753766 ], [ -4.9484435, 42.052896 ], [ -4.9347507, 42.0197968 ], [ -4.9642848, 42.008938 ], [ -4.9742398, 41.9954297 ], [ -4.9748548, 41.9754959 ], [ -4.9928199, 41.9644512 ], [ -5.0035966, 41.9398287 ], [ -4.9824303, 41.9119084 ], [ -4.9483329, 41.9357114 ], [ -4.9311935, 41.9285343 ], [ -4.9266828, 41.9169104 ], [ -4.9105434, 41.9175404 ], [ -4.8885238, 41.9346649 ], [ -4.8678311, 41.9336075 ], [ -4.866442, 41.9194818 ], [ -4.8370141, 41.9004129 ], [ -4.7879948, 41.8199041 ], [ -4.7571674, 41.8276667 ], [ -4.7251858, 41.8563954 ], [ -4.7269927, 41.8707081 ], [ -4.6684237, 41.9023845 ], [ -4.6360506, 41.8899882 ], [ -4.631547, 41.8650424 ], [ -4.5648286, 41.8144537 ], [ -4.5468154, 41.8208672 ], [ -4.5479, 41.8328933 ], [ -4.5108677, 41.825182 ], [ -4.507334, 41.83419 ], [ -4.4720409, 41.8449069 ], [ -4.4770566, 41.8304685 ], [ -4.4598898, 41.8222387 ], [ -4.4860848, 41.8219759 ], [ -4.4911438, 41.7805333 ], [ -4.4999272, 41.773284 ], [ -4.4529804, 41.7610444 ], [ -4.4409273, 41.7605292 ], [ -4.3904331, 41.7891539 ], [ -4.3163775, 41.7653227 ], [ -4.3055265, 41.7778027 ], [ -4.2853149, 41.7767612 ], [ -4.2589688, 41.8071355 ], [ -4.2461755, 41.8048066 ], [ -4.2347589, 41.8158449 ], [ -4.2138513, 41.80146 ], [ -4.1931454, 41.8059101 ], [ -4.1525941, 41.7980915 ], [ -4.1219263, 41.8091863 ], [ -4.0982619, 41.77627 ], [ -4.0839153, 41.781025 ], [ -4.0703563, 41.7724972 ], [ -4.0396026, 41.7702324 ], [ -4.0483111, 41.77008 ], [ -4.0545134, 41.7425608 ], [ -4.0678225, 41.743043 ], [ -4.0750873, 41.727959 ], [ -4.0516678, 41.7214403 ], [ -4.0247627, 41.6942572 ], [ -4.0340089, 41.6224953 ], [ -4.0274403, 41.6162774 ], [ -4.0046522, 41.6212329 ], [ -4.00746, 41.6119056 ], [ -3.9915844, 41.6105294 ], [ -3.9837581, 41.6001652 ], [ -3.9794388, 41.5763979 ], [ -3.9925901, 41.5578823 ], [ -3.9986314, 41.517973 ], [ -4.0261265, 41.5196675 ], [ -4.0567618, 41.4991885 ], [ -4.1412146, 41.47181 ], [ -4.1570473, 41.4839721 ], [ -4.2322258, 41.457610599999988 ], [ -4.2459403, 41.4641367 ], [ -4.2598321, 41.4524674 ], [ -4.2688638, 41.4631486 ], [ -4.3179528, 41.4551937 ], [ -4.326591, 41.4466615 ], [ -4.3611274, 41.4518086 ], [ -4.3636491, 41.4378795 ], [ -4.4062195, 41.4437255 ], [ -4.4668968, 41.4149553 ], [ -4.5133614, 41.4114992 ], [ -4.5140178, 41.39597 ], [ -4.4827396, 41.3686801 ], [ -4.4946427, 41.365807 ], [ -4.4954265, 41.3514922 ], [ -4.5032127, 41.349077 ], [ -4.4926496, 41.3282894 ], [ -4.4692892, 41.3203398 ], [ -4.470202, 41.2934411 ], [ -4.5273695, 41.322978299999988 ], [ -4.5582829, 41.3040453 ], [ -4.5955942, 41.3224691 ], [ -4.6038948, 41.3150212 ], [ -4.6007229, 41.3045353 ], [ -4.5726259, 41.2770815 ], [ -4.597419, 41.2660467 ], [ -4.6139166, 41.2432447 ], [ -4.6496102, 41.2233025 ], [ -4.6493728, 41.2019836 ], [ -4.6350993, 41.1924873 ], [ -4.6265002, 41.1726745 ], [ -4.6424423, 41.1699796 ], [ -4.6793096, 41.1876175 ], [ -4.7010897, 41.1763904 ], [ -4.720852, 41.1511996 ], [ -4.7775073, 41.1468797 ], [ -4.8045972, 41.1370456 ], [ -4.8122775, 41.1312588 ], [ -4.8137195, 41.105331199999988 ], [ -4.8543106, 41.1026132 ], [ -4.8624327, 41.0958983 ], [ -4.9495668, 41.142592199999989 ], [ -4.9617263, 41.1419972 ], [ -4.9663683, 41.1541848 ], [ -5.0126152, 41.166131 ], [ -5.0205347, 41.155437 ], [ -5.0586202, 41.1405028 ], [ -5.0988881, 41.1489829 ] ], [ [ -4.807933, 41.6883498 ], [ -4.8091497, 41.6897435 ], [ -4.7996412, 41.6913255 ], [ -4.807933, 41.6883498 ] ] ], [ [ [ -5.4370347, 41.969279 ], [ -5.4835597, 41.9864534 ], [ -5.4871617, 41.9974271 ], [ -5.4704824, 42.0081779 ], [ -5.4715618, 42.015469 ], [ -5.5064986, 42.0593962 ], [ -5.5003387, 42.0684096 ], [ -5.5196444, 42.0990313 ], [ -5.4972166, 42.085563099999987 ], [ -5.4758474, 42.0583508 ], [ -5.4796781, 42.054314 ], [ -5.4374303, 42.0333919 ], [ -5.4203419, 42.0325632 ], [ -5.4461919, 42.0155428 ], [ -5.4299212, 42.0043443 ], [ -5.4370347, 41.969279 ] ] ], [ [ [ -5.3155062, 42.2514409 ], [ -5.3151854, 42.2430103 ], [ -5.3400612, 42.2346338 ], [ -5.3440849, 42.2696535 ], [ -5.3272474, 42.2760302 ], [ -5.3190618, 42.2690733 ], [ -5.3005, 42.2711218 ], [ -5.3020671, 42.2538814 ], [ -5.3155062, 42.2514409 ] ] ] ] } },
{ "type": "Feature", "properties": { "COD_PROV": "48" }, "geometry": { "type": "MultiPolygon", "coordinates": [ [ [ [ -3.0316032, 43.0222034 ], [ -2.9847096, 43.0139672 ], [ -2.9903688, 43.0020557 ], [ -2.9845429, 42.9941475 ], [ -2.9543969, 43.0007216 ], [ -3.0077397, 42.9837474 ], [ -3.039863, 42.9841909 ], [ -3.0589562, 43.0053813 ], [ -3.0757963, 43.0103945 ], [ -3.0876892, 43.0035084 ], [ -3.089161, 43.0114317 ], [ -3.0643015, 43.0250094 ], [ -3.0484385, 43.0490973 ], [ -3.0273318, 43.048454199999988 ], [ -3.027843, 43.0388187 ], [ -3.0172486, 43.0395327 ], [ -3.0316032, 43.0222034 ] ] ], [ [ [ -2.9450907, 43.1727403 ], [ -2.97172, 43.1881482 ], [ -2.9787417, 43.203728 ], [ -3.0054772, 43.198462 ], [ -3.0319137, 43.2186903 ], [ -3.0387673, 43.2117545 ], [ -3.0152024, 43.2046998 ], [ -3.0255992, 43.1632421 ], [ -3.0646129, 43.1576521 ], [ -3.0734083, 43.1482283 ], [ -3.0923064, 43.1533558 ], [ -3.1100401, 43.145370799999988 ], [ -3.1561084, 43.1797242 ], [ -3.186253, 43.1711076 ], [ -3.2065505, 43.181282 ], [ -3.2227958, 43.1720047 ], [ -3.2521206, 43.2004524 ], [ -3.2768179, 43.1962981 ], [ -3.3080063, 43.1743734 ], [ -3.3406777, 43.168714699999988 ], [ -3.3493412, 43.1562281 ], [ -3.4163565, 43.1353012 ], [ -3.4321635, 43.1729193 ], [ -3.4313604, 43.2073825 ], [ -3.4474516, 43.2379818 ], [ -3.4171504, 43.242942 ], [ -3.4121723, 43.2517733 ], [ -3.3976583, 43.2476938 ], [ -3.3817, 43.2723647 ], [ -3.3388325, 43.2799032 ], [ -3.3416604, 43.2963282 ], [ -3.331111, 43.3037515 ], [ -3.3223935, 43.29433 ], [ -3.2936483, 43.3026297 ], [ -3.2898264, 43.2922392 ], [ -3.2781507, 43.2919248 ], [ -3.2239312, 43.31081 ], [ -3.217083, 43.2887 ], [ -3.2082087, 43.2854101 ], [ -3.1919118, 43.3003244 ], [ -3.1560295, 43.3031957 ], [ -3.1483676, 43.3212882 ], [ -3.1520041, 43.3551575 ], [ -3.1162119, 43.3518875 ], [ -3.1077241, 43.3667448 ], [ -3.0826009, 43.3800923 ], [ -3.1031694, 43.3667124 ], [ -3.0453262, 43.3407719 ], [ -3.0308839, 43.348889199999988 ], [ -3.0397142, 43.3428253 ], [ -3.0329886, 43.3397322 ], [ -3.0425506, 43.3410881 ], [ -3.0162562, 43.3249682 ], [ -3.0092035, 43.3397253 ], [ -3.0266002, 43.3436592 ], [ -3.0135095, 43.3428877 ], [ -3.011722, 43.3498552 ], [ -3.0244959, 43.3577152 ], [ -3.0180304, 43.3601842 ], [ -3.0361926, 43.3751189 ], [ -3.0763554, 43.3811041 ], [ -3.0360077, 43.375513 ], [ -3.0083581, 43.3845341 ], [ -2.9725575, 43.4064457 ], [ -2.9695644, 43.4152524 ], [ -2.9442179, 43.4145957 ], [ -2.9537963, 43.4237647 ], [ -2.9448521, 43.4372505 ], [ -2.8062874, 43.4324709 ], [ -2.7853722, 43.4490748 ], [ -2.7519992, 43.4590472 ], [ -2.7374562, 43.4320185 ], [ -2.7111797, 43.423417799999989 ], [ -2.7205134, 43.4192455 ], [ -2.699263, 43.4173654 ], [ -2.6937552, 43.407282699999989 ], [ -2.6443657, 43.41781 ], [ -2.6174278, 43.3937094 ], [ -2.5999137, 43.3963508 ], [ -2.5811657, 43.3896654 ], [ -2.5825752, 43.383933 ], [ -2.5611288, 43.3927418 ], [ -2.5422835, 43.3750895 ], [ -2.5082773, 43.3794956 ], [ -2.5007224, 43.3659112 ], [ -2.4863967, 43.3655241 ], [ -2.4581748, 43.3372463 ], [ -2.4309424, 43.3352766 ], [ -2.4114958, 43.323013599999989 ], [ -2.4354989, 43.3014702 ], [ -2.4387605, 43.2900307 ], [ -2.4170175, 43.2699405 ], [ -2.4376901, 43.2537002 ], [ -2.4353086, 43.2455569 ], [ -2.4619376, 43.2253367 ], [ -2.492802, 43.2275656 ], [ -2.4964544, 43.2222071 ], [ -2.4981663, 43.211634 ], [ -2.4855684, 43.2033106 ], [ -2.4911567, 43.1825881 ], [ -2.4835548, 43.1734789 ], [ -2.508403, 43.1633144 ], [ -2.4992844, 43.1531698 ], [ -2.4949018, 43.1252805 ], [ -2.4998293, 43.0984057 ], [ -2.5911597, 43.0830717 ], [ -2.6317395, 43.0889108 ], [ -2.6603639, 43.0761391 ], [ -2.6599339, 43.067206 ], [ -2.6323849, 43.046688 ], [ -2.632313, 43.0217804 ], [ -2.6655717, 43.0332991 ], [ -2.6857038, 43.0234956 ], [ -2.7026811, 43.0329794 ], [ -2.7284173, 43.0258225 ], [ -2.7385734, 43.0360021 ], [ -2.7684434, 43.0287273 ], [ -2.7798701, 43.0358639 ], [ -2.8206347, 43.0369171 ], [ -2.8624951, 43.0538229 ], [ -2.8928593, 43.0482919 ], [ -2.9741808, 43.1013419 ], [ -2.93451, 43.1380829 ], [ -2.9528628, 43.1615777 ], [ -2.9450907, 43.1727403 ] ], [ [ -3.295196, 43.2453196 ], [ -3.2966064, 43.2085485 ], [ -3.28375, 43.1995679 ], [ -3.2684453, 43.2040088 ], [ -3.267674, 43.2359943 ], [ -3.2502035, 43.2493608 ], [ -3.2481217, 43.2615329 ], [ -3.2656492, 43.2687957 ], [ -3.3033027, 43.2605613 ], [ -3.295196, 43.2453196 ] ], [ [ -3.0170168, 43.2371195 ], [ -3.0193355, 43.2395262 ], [ -3.015567, 43.2357042 ], [ -3.0170168, 43.2371195 ] ] ], [ [ [ -2.6803625, 43.4246246 ], [ -2.6859469, 43.4293955 ], [ -2.6802966, 43.4277928 ], [ -2.6803625, 43.4246246 ] ] ] ] } },
{ "type": "Feature", "properties": { "COD_PROV": "49" }, "geometry": { "type": "Polygon", "coordinates": [ [ [ -6.265847, 41.2557178 ], [ -6.2977321, 41.2592208 ], [ -6.3164646, 41.2727932 ], [ -6.346411, 41.2745824 ], [ -6.3710589, 41.2882013 ], [ -6.4135156, 41.2778784 ], [ -6.4157086, 41.2846688 ], [ -6.4441331, 41.2857572 ], [ -6.4530918, 41.2939791 ], [ -6.4763401, 41.2894793 ], [ -6.4784912, 41.2962501 ], [ -6.4363507, 41.3076121 ], [ -6.4346218, 41.3199368 ], [ -6.4174803, 41.3286258 ], [ -6.4259528, 41.3361804 ], [ -6.4155447, 41.3494132 ], [ -6.3783544, 41.3591323 ], [ -6.3758216, 41.3637799 ], [ -6.3927604, 41.3727484 ], [ -6.3887085, 41.3872657 ], [ -6.3650154, 41.3957517 ], [ -6.3514632, 41.3801288 ], [ -6.3170821, 41.3880155 ], [ -6.3162799, 41.3985753 ], [ -6.3315935, 41.4133971 ], [ -6.2979175, 41.4320533 ], [ -6.2937836, 41.4376203 ], [ -6.3048273, 41.4505331 ], [ -6.2861608, 41.4672421 ], [ -6.2845598, 41.4791584 ], [ -6.2611557, 41.488372 ], [ -6.2654485, 41.4991919 ], [ -6.2492645, 41.502532599999988 ], [ -6.2546849, 41.5157892 ], [ -6.235088, 41.5243127 ], [ -6.2099724, 41.5623625 ], [ -6.1881223, 41.5769214 ], [ -6.1996472, 41.5963232 ], [ -6.234009, 41.6090943 ], [ -6.2523151, 41.6350086 ], [ -6.3017089, 41.6647832 ], [ -6.3555493, 41.678911299999989 ], [ -6.4432703, 41.6867317 ], [ -6.456506, 41.6687371 ], [ -6.4972944, 41.6590283 ], [ -6.5470248, 41.6875178 ], [ -6.5527753, 41.703144 ], [ -6.5411865, 41.7030519 ], [ -6.5539799, 41.7228082 ], [ -6.5481447, 41.7277277 ], [ -6.5677682, 41.7453996 ], [ -6.5426688, 41.7802502 ], [ -6.54604, 41.7968701 ], [ -6.5265017, 41.8226048 ], [ -6.530861, 41.8370674 ], [ -6.5145425, 41.8726261 ], [ -6.5699597, 41.8855196 ], [ -6.5446221, 41.937833399999988 ], [ -6.5725737, 41.9625651 ], [ -6.587245, 41.9696542 ], [ -6.5981377, 41.9501045 ], [ -6.6159077, 41.9430986 ], [ -6.6980482, 41.935228 ], [ -6.7493982, 41.9452945 ], [ -6.7674794, 41.9857996 ], [ -6.8102612, 41.9944256 ], [ -6.8090002, 41.9720912 ], [ -6.8199282, 41.9482171 ], [ -6.8288645, 41.9457748 ], [ -6.9404717, 41.9461969 ], [ -6.9566387, 41.9711958 ], [ -6.9823112, 41.9748004 ], [ -6.9891677, 41.9916338 ], [ -6.9599196, 42.0291073 ], [ -6.9718816, 42.0410097 ], [ -6.9735718, 42.0570604 ], [ -7.0114534, 42.054615 ], [ -7.0297876, 42.0652016 ], [ -7.0323662, 42.0761411 ], [ -7.0019849, 42.0857942 ], [ -6.985208, 42.1260991 ], [ -6.9551997, 42.1313598 ], [ -6.9433304, 42.143584399999988 ], [ -6.9370924, 42.1793377 ], [ -6.899854, 42.1915265 ], [ -6.8856669, 42.2162556 ], [ -6.8555212, 42.2290447 ], [ -6.8011093, 42.220362 ], [ -6.7954811, 42.2109506 ], [ -6.7859118, 42.2176238 ], [ -6.8019478, 42.2405687 ], [ -6.7863356, 42.2560782 ], [ -6.7578626, 42.2405633 ], [ -6.7417624, 42.2420724 ], [ -6.7320597, 42.2259193 ], [ -6.7025624, 42.2112735 ], [ -6.6374166, 42.2191938 ], [ -6.6120338, 42.2051141 ], [ -6.5247672, 42.2052574 ], [ -6.4963266, 42.1839211 ], [ -6.4770143, 42.1841232 ], [ -6.4586261, 42.1990423 ], [ -6.4409787, 42.1954315 ], [ -6.4266596, 42.2038382 ], [ -6.409032, 42.1976555 ], [ -6.3113475, 42.208481 ], [ -6.2924945, 42.17993 ], [ -6.2507249, 42.1749541 ], [ -6.2528857, 42.1689382 ], [ -6.2245802, 42.1638512 ], [ -6.2111566, 42.149972 ], [ -6.1589733, 42.1676678 ], [ -6.1421665, 42.1607175 ], [ -6.1360311, 42.1666122 ], [ -6.1234689, 42.1607614 ], [ -6.0275365, 42.1594886 ], [ -5.9522257, 42.1255783 ], [ -5.9468782, 42.1438165 ], [ -5.9103583, 42.1424784 ], [ -5.8961828, 42.1579944 ], [ -5.8797539, 42.1472136 ], [ -5.8835805, 42.1403466 ], [ -5.865558, 42.1219774 ], [ -5.8436073, 42.1126096 ], [ -5.805248, 42.1324461 ], [ -5.8040893, 42.1264774 ], [ -5.7687282, 42.1378365 ], [ -5.7539479, 42.1385161 ], [ -5.7419844, 42.1153184 ], [ -5.6755217, 42.122227099999989 ], [ -5.6857632, 42.1401533 ], [ -5.6663086, 42.1439563 ], [ -5.643982, 42.1340551 ], [ -5.6182404, 42.1068638 ], [ -5.6371282, 42.0869706 ], [ -5.6329503, 42.0832927 ], [ -5.5872564, 42.0792164 ], [ -5.5853619, 42.0528023 ], [ -5.5764764, 42.067338 ], [ -5.5594527, 42.057858 ], [ -5.5482087, 42.0722191 ], [ -5.5421168, 42.1012736 ], [ -5.5257571, 42.1061913 ], [ -5.5003387, 42.0684096 ], [ -5.5064986, 42.0593962 ], [ -5.4715618, 42.015469 ], [ -5.4704824, 42.0081779 ], [ -5.4871617, 41.9974271 ], [ -5.4835597, 41.9864534 ], [ -5.4618792, 41.9773491 ], [ -5.4370347, 41.969279 ], [ -5.4299212, 42.0043443 ], [ -5.4461919, 42.0155428 ], [ -5.3831651, 42.0439966 ], [ -5.3476981, 42.0244733 ], [ -5.3242712, 42.0222851 ], [ -5.301981, 41.992987 ], [ -5.2794012, 41.980686 ], [ -5.2592566, 41.9864964 ], [ -5.2534303, 41.9835321 ], [ -5.2840617, 41.9760002 ], [ -5.3339694, 41.9393606 ], [ -5.3196288, 41.9393981 ], [ -5.2924863, 41.9218246 ], [ -5.309206, 41.8952453 ], [ -5.3052285, 41.8597232 ], [ -5.3283059, 41.8330244 ], [ -5.2859029, 41.8295705 ], [ -5.2755699, 41.8247774 ], [ -5.2783777, 41.815338399999987 ], [ -5.3214078, 41.790095099999988 ], [ -5.3689338, 41.7797327 ], [ -5.3901401, 41.7623954 ], [ -5.3739517, 41.7216743 ], [ -5.360447, 41.7307337 ], [ -5.3568925, 41.7015815 ], [ -5.3444549, 41.703916 ], [ -5.3269361, 41.6836844 ], [ -5.3182672, 41.6386564 ], [ -5.3276497, 41.6178055 ], [ -5.2692936, 41.603023 ], [ -5.2667095, 41.5919313 ], [ -5.291829, 41.5762572 ], [ -5.2713743, 41.5610737 ], [ -5.2714063, 41.5520665 ], [ -5.2465413, 41.5486571 ], [ -5.2276279, 41.5303169 ], [ -5.2325935, 41.5196125 ], [ -5.24043, 41.5216751 ], [ -5.2606382, 41.5055714 ], [ -5.2979332, 41.5021131 ], [ -5.3307635, 41.4778268 ], [ -5.3434939, 41.4811425 ], [ -5.3362491, 41.4631783 ], [ -5.3235486, 41.4572296 ], [ -5.3379962, 41.4274851 ], [ -5.3062942, 41.415941 ], [ -5.333384, 41.3725312 ], [ -5.3208803, 41.3282178 ], [ -5.3022703, 41.3178651 ], [ -5.2905012, 41.271076 ], [ -5.3009687, 41.2611566 ], [ -5.2924133, 41.2281369 ], [ -5.3063802, 41.2266785 ], [ -5.3390602, 41.1959894 ], [ -5.3301135, 41.1804284 ], [ -5.2875062, 41.1838753 ], [ -5.2973741, 41.1639901 ], [ -5.2893576, 41.1487224 ], [ -5.2966216, 41.1277602 ], [ -5.3277142, 41.1190577 ], [ -5.355752, 41.1427079 ], [ -5.3857282, 41.1377391 ], [ -5.4006191, 41.1510948 ], [ -5.3953436, 41.164929 ], [ -5.4063597, 41.1874782 ], [ -5.4168683, 41.1895464 ], [ -5.4756434, 41.180208 ], [ -5.4685955, 41.159835 ], [ -5.483106, 41.147389 ], [ -5.4840203, 41.1807397 ], [ -5.5051757, 41.1821641 ], [ -5.5168459, 41.1967538 ], [ -5.5638351, 41.2189258 ], [ -5.5866988, 41.2043272 ], [ -5.6270951, 41.2163451 ], [ -5.6332213, 41.2337596 ], [ -5.6615622, 41.2476982 ], [ -5.6777118, 41.2337601 ], [ -5.7500232, 41.227748399999989 ], [ -5.7640711, 41.2177129 ], [ -5.8074768, 41.2263609 ], [ -5.8339965, 41.2222349 ], [ -5.8964493, 41.2404852 ], [ -5.9201066, 41.2200451 ], [ -5.9119106, 41.1802308 ], [ -5.9313427, 41.1679644 ], [ -5.9326451, 41.1533493 ], [ -5.9520229, 41.1419928 ], [ -5.9779959, 41.1764681 ], [ -6.0013454, 41.1550288 ], [ -6.0206043, 41.1571536 ], [ -6.0262791, 41.1810175 ], [ -6.0076124, 41.2023902 ], [ -6.045499, 41.2109064 ], [ -6.0607896, 41.2229461 ], [ -6.0728226, 41.2132139 ], [ -6.1080914, 41.2145096 ], [ -6.1332808, 41.192282 ], [ -6.2239631, 41.2296282 ], [ -6.265847, 41.2557178 ] ], [ [ -5.5929597, 41.6147444 ], [ -5.5974521, 41.6151382 ], [ -5.5911423, 41.6161109 ], [ -5.5929597, 41.6147444 ] ] ] } },
{ "type": "Feature", "properties": { "COD_PROV": "50" }, "geometry": { "type": "Polygon", "coordinates": [ [ [ -1.7564206, 41.0569422 ], [ -1.8151406, 41.0971504 ], [ -1.8679245, 41.109777 ], [ -1.8892432, 41.1351896 ], [ -1.9311208, 41.1404584 ], [ -1.9576915, 41.1743545 ], [ -2.0503704, 41.148718 ], [ -2.0785736, 41.1728544 ], [ -2.1449206, 41.1862642 ], [ -2.1621899, 41.2850625 ], [ -2.17235, 41.2899551 ], [ -2.1691654, 41.3207017 ], [ -2.1553281, 41.3392833 ], [ -2.1618148, 41.3572192 ], [ -2.148514, 41.357752 ], [ -2.1147089, 41.3839171 ], [ -2.1154429, 41.4268152 ], [ -2.1001953, 41.4476589 ], [ -2.0342972, 41.4287579 ], [ -2.0334453, 41.4062857 ], [ -2.0422497, 41.3990182 ], [ -2.0410299, 41.3908648 ], [ -2.0279447, 41.386026 ], [ -2.0083283, 41.3877052 ], [ -1.9805498, 41.4041909 ], [ -1.9365489, 41.409259 ], [ -1.9351963, 41.4217667 ], [ -1.9523583, 41.4261324 ], [ -1.9519473, 41.4643199 ], [ -1.979783, 41.4883044 ], [ -1.9768495, 41.5285577 ], [ -1.966005, 41.5479332 ], [ -1.9923569, 41.5789548 ], [ -1.9919984, 41.6020015 ], [ -1.9831772, 41.6089409 ], [ -1.9217683, 41.6002018 ], [ -1.8965639, 41.6342795 ], [ -1.8726473, 41.6398486 ], [ -1.857655, 41.6633973 ], [ -1.8048863, 41.6661314 ], [ -1.8107362, 41.688321 ], [ -1.7855229, 41.7012975 ], [ -1.7836534, 41.718858 ], [ -1.774032, 41.7266565 ], [ -1.8078739, 41.7385329 ], [ -1.8013382, 41.7530898 ], [ -1.8239843, 41.7802373 ], [ -1.851581, 41.7914317 ], [ -1.8172237, 41.8318216 ], [ -1.8162623, 41.855246099999988 ], [ -1.8212573, 41.8673045 ], [ -1.8307903, 41.8651953 ], [ -1.8374459, 41.8908868 ], [ -1.8559444, 41.9113825 ], [ -1.8534155, 41.9610201 ], [ -1.8638519, 41.979469 ], [ -1.8427086, 41.9892015 ], [ -1.8499885, 41.9999389 ], [ -1.8458485, 42.0098664 ], [ -1.8323661, 41.9969324 ], [ -1.8090084, 41.9998898 ], [ -1.7910064, 41.9915591 ], [ -1.7655596, 41.9976576 ], [ -1.7329646, 41.965768499999989 ], [ -1.7138798, 41.9588295 ], [ -1.6848951, 41.9553404 ], [ -1.6747317, 41.9683364 ], [ -1.6622922, 41.961851 ], [ -1.6528031, 41.9672171 ], [ -1.6155228, 41.9533707 ], [ -1.594908, 41.9289576 ], [ -1.5570098, 41.9157068 ], [ -1.5219626, 41.9117568 ], [ -1.5004165, 41.926141 ], [ -1.4204316, 41.9149361 ], [ -1.4094092, 41.9208182 ], [ -1.4022051, 41.9369381 ], [ -1.3808869, 41.9452039 ], [ -1.3847035, 41.9588854 ], [ -1.3730053, 41.9638623 ], [ -1.33817, 42.0198776 ], [ -1.3034711, 42.0448124 ], [ -1.3092413, 42.074176 ], [ -1.3509261, 42.0749347 ], [ -1.3654082, 42.1088249 ], [ -1.3975304, 42.128084 ], [ -1.3904198, 42.1814524 ], [ -1.4160854, 42.2136375 ], [ -1.3885339, 42.2803929 ], [ -1.3977304, 42.2931666 ], [ -1.3277289, 42.3572506 ], [ -1.334867, 42.3738716 ], [ -1.3492613, 42.3719381 ], [ -1.3584214, 42.3802284 ], [ -1.3401539, 42.4258042 ], [ -1.3138523, 42.4510863 ], [ -1.280006, 42.4663148 ], [ -1.2713756, 42.4842327 ], [ -1.2737567, 42.4976249 ], [ -1.2853762, 42.5003913 ], [ -1.2921206, 42.5128211 ], [ -1.2867823, 42.5246568 ], [ -1.2634139, 42.5586692 ], [ -1.2248096, 42.5441106 ], [ -1.2014333, 42.5515245 ], [ -1.2005629, 42.5801029 ], [ -1.1567981, 42.6014166 ], [ -1.1786801, 42.609728 ], [ -1.1695113, 42.6189191 ], [ -1.1562932, 42.6123331 ], [ -1.1510499, 42.6494319 ], [ -1.0680385, 42.6434323 ], [ -1.0372341, 42.6501942 ], [ -1.0311279, 42.6774652 ], [ -1.0378238, 42.6934996 ], [ -1.0266186, 42.7019266 ], [ -0.9473106, 42.7133194 ], [ -0.9216177, 42.7458678 ], [ -0.8997177, 42.7445845 ], [ -0.8954971, 42.7375281 ], [ -0.9054775, 42.7284726 ], [ -0.9029832, 42.7140554 ], [ -0.9211437, 42.702635 ], [ -0.9001799, 42.7037382 ], [ -0.8785857, 42.6900042 ], [ -0.891726, 42.664211 ], [ -0.9262769, 42.6581078 ], [ -0.9032935, 42.614805 ], [ -0.9133168, 42.6041931 ], [ -0.9034803, 42.6027077 ], [ -0.9073042, 42.5889884 ], [ -0.923424, 42.5898333 ], [ -0.9328023, 42.574514 ], [ -0.9202384, 42.5731046 ], [ -0.9172362, 42.5571473 ], [ -0.8979791, 42.5618469 ], [ -0.8937793, 42.552711 ], [ -0.8952297, 42.5418047 ], [ -0.9150811, 42.5391876 ], [ -0.9320589, 42.5077431 ], [ -0.891627, 42.511717 ], [ -0.8889232, 42.4922326 ], [ -0.8956529, 42.4809478 ], [ -0.8763514, 42.4635067 ], [ -0.8949299, 42.4622568 ], [ -0.905002, 42.451626399999988 ], [ -0.8949138, 42.4456668 ], [ -0.9042659, 42.4383188 ], [ -0.8828519, 42.4229226 ], [ -0.8407187, 42.4092501 ], [ -0.8346627, 42.3977158 ], [ -0.8139779, 42.3968278 ], [ -0.8203039, 42.3864232 ], [ -0.8428224, 42.3861542 ], [ -0.841397, 42.3682064 ], [ -0.8545728, 42.3414654 ], [ -0.8859674, 42.3102141 ], [ -0.8876744, 42.2885674 ], [ -0.9166475, 42.2573639 ], [ -0.8879044, 42.2424542 ], [ -0.8898108, 42.264905 ], [ -0.8755942, 42.2835093 ], [ -0.8568094, 42.2766587 ], [ -0.8425659, 42.2846936 ], [ -0.8117285, 42.2663511 ], [ -0.7899837, 42.2970285 ], [ -0.7707919, 42.3472313 ], [ -0.7765664, 42.3931193 ], [ -0.7350572, 42.3717374 ], [ -0.7436044, 42.3630103 ], [ -0.7337455, 42.3552062 ], [ -0.7432182, 42.3405426 ], [ -0.7275646, 42.2995988 ], [ -0.7505911, 42.2654829 ], [ -0.7580096, 42.2655101 ], [ -0.7601513, 42.2163278 ], [ -0.7491235, 42.2024317 ], [ -0.7583927, 42.179722 ], [ -0.7502501, 42.1747895 ], [ -0.7581845, 42.1729524 ], [ -0.7460227, 42.1577842 ], [ -0.7571681, 42.1472212 ], [ -0.7521816, 42.1332293 ], [ -0.7594208, 42.1313897 ], [ -0.7521076, 42.1267691 ], [ -0.7531293, 42.109498 ], [ -0.761264, 42.1038033 ], [ -0.7535497, 42.09246 ], [ -0.7687942, 42.0890904 ], [ -0.7594183, 42.0813625 ], [ -0.7615011, 42.0699123 ], [ -0.7747361, 42.0581639 ], [ -0.7934111, 42.0569851 ], [ -0.8034839, 42.075739 ], [ -0.8034181, 42.0983058 ], [ -0.854067, 42.0550907 ], [ -0.8493738, 42.0280132 ], [ -0.8835697, 42.0054389 ], [ -0.7768427, 41.9592576 ], [ -0.6564562, 41.9593557 ], [ -0.6287671, 41.914396 ], [ -0.5937571, 41.9007888 ], [ -0.6019421, 41.8846874 ], [ -0.5538366, 41.8731888 ], [ -0.5153748, 41.8386353 ], [ -0.5106389, 41.7862163 ], [ -0.4993208, 41.7631766 ], [ -0.5179942, 41.731233 ], [ -0.4880513, 41.7335258 ], [ -0.443545, 41.7055423 ], [ -0.4271654, 41.707338 ], [ -0.3731288, 41.6899769 ], [ -0.3648843, 41.6817727 ], [ -0.3609349, 41.6396771 ], [ -0.3112138, 41.6259606 ], [ -0.3009297, 41.6097786 ], [ -0.2445923, 41.5755972 ], [ -0.2043583, 41.60412 ], [ -0.1550665, 41.5918325 ], [ -0.1659757, 41.5829695 ], [ -0.1560993, 41.5702352 ], [ -0.1552849, 41.5371517 ], [ -0.1334163, 41.5242446 ], [ -0.1035928, 41.4873376 ], [ -0.0713296, 41.3790126 ], [ -0.0480624, 41.3623164 ], [ -0.0065533, 41.3496619 ], [ -0.0279062, 41.3796742 ], [ -0.0225519, 41.3987355 ], [ -0.0016032, 41.3897704 ], [ 0.0110722, 41.3622858 ], [ 0.1076802, 41.3526736 ], [ 0.1323359, 41.3907386 ], [ 0.1659255, 41.4086406 ], [ 0.1822785, 41.3963998 ], [ 0.2204815, 41.4054224 ], [ 0.2464952, 41.4305652 ], [ 0.3102636, 41.4206945 ], [ 0.3363524, 41.4100789 ], [ 0.3213762, 41.3967171 ], [ 0.3613454, 41.3723655 ], [ 0.3751184, 41.3522564 ], [ 0.3499052, 41.3316222 ], [ 0.3697016, 41.320481699999988 ], [ 0.3670353, 41.305827 ], [ 0.3870521, 41.2806985 ], [ 0.3750972, 41.2512043 ], [ 0.3826993, 41.2382828 ], [ 0.3659923, 41.2405291 ], [ 0.3613635, 41.2272824 ], [ 0.3426365, 41.2329164 ], [ 0.3326687, 41.2245769 ], [ 0.3237904, 41.2270937 ], [ 0.3047045, 41.1662317 ], [ 0.274396, 41.1506623 ], [ 0.2543738, 41.1520071 ], [ 0.2492629, 41.1319948 ], [ 0.2153306, 41.1391536 ], [ 0.2212149, 41.1342778 ], [ 0.2026074, 41.1286279 ], [ 0.210357, 41.118767 ], [ 0.2025842, 41.0865333 ], [ 0.2214604, 41.0847654 ], [ 0.2217323, 41.0732834 ], [ 0.1686211, 41.0726045 ], [ 0.1472359, 41.0648969 ], [ 0.1196385, 41.078679 ], [ 0.0738287, 41.081282 ], [ 0.0589147, 41.0769059 ], [ 0.053205, 41.0566749 ], [ 0.038297, 41.0484232 ], [ -0.0034179, 41.0988547 ], [ -0.0108521, 41.1221043 ], [ -0.0244086, 41.1299393 ], [ -0.0770603, 41.1524085 ], [ -0.1210255, 41.1584983 ], [ -0.1789726, 41.1897166 ], [ -0.2239135, 41.1918621 ], [ -0.2417904, 41.2116476 ], [ -0.2672986, 41.2168691 ], [ -0.3167137, 41.2594706 ], [ -0.3217064, 41.247419699999988 ], [ -0.3358382, 41.243244499999989 ], [ -0.3765672, 41.267316 ], [ -0.4044895, 41.2742202 ], [ -0.4273819, 41.2959252 ], [ -0.4193877, 41.3135988 ], [ -0.4687942, 41.320109 ], [ -0.4785614, 41.3477936 ], [ -0.5010765, 41.3559771 ], [ -0.5804198, 41.3499814 ], [ -0.5759385, 41.3158053 ], [ -0.5257822, 41.290076 ], [ -0.5067874, 41.2576753 ], [ -0.5083252, 41.2401371 ], [ -0.5302099, 41.2296657 ], [ -0.547124, 41.2696037 ], [ -0.6038957, 41.3251725 ], [ -0.6283545, 41.3136188 ], [ -0.6240929, 41.250033 ], [ -0.6414159, 41.2402201 ], [ -0.6678526, 41.238707 ], [ -0.608538, 41.1935362 ], [ -0.6394618, 41.1728282 ], [ -0.69261, 41.1141526 ], [ -0.760056, 41.1715168 ], [ -0.7792131, 41.1492352 ], [ -0.7871537, 41.1097652 ], [ -0.8271774, 41.098277499999988 ], [ -0.8585325, 41.1098733 ], [ -0.8823071, 41.1319753 ], [ -0.8819099, 41.1506213 ], [ -0.8901412, 41.1470063 ], [ -0.889194, 41.1274884 ], [ -0.9139528, 41.107017399999989 ], [ -0.9111941, 41.0948695 ], [ -0.9435836, 41.077176 ], [ -0.9559078, 41.078206 ], [ -0.9972454, 41.0970933 ], [ -0.9992264, 41.1165638 ], [ -0.9710671, 41.1553174 ], [ -0.9995098, 41.1358725 ], [ -1.0379586, 41.136579 ], [ -1.0598814, 41.1535042 ], [ -1.1033705, 41.1695243 ], [ -1.1157114, 41.1573419 ], [ -1.111774, 41.144622 ], [ -1.1202549, 41.1367893 ], [ -1.1726439, 41.1255541 ], [ -1.2086367, 41.1406666 ], [ -1.2533552, 41.1244364 ], [ -1.2700266, 41.1051418 ], [ -1.2519588, 41.0791891 ], [ -1.269585, 41.0566379 ], [ -1.2860886, 41.0507257 ], [ -1.352827, 41.0593894 ], [ -1.3587844, 41.0734559 ], [ -1.3544576, 41.0903904 ], [ -1.4038817, 41.0681699 ], [ -1.4086787, 41.059769 ], [ -1.4034873, 41.0524911 ], [ -1.4154559, 41.0456303 ], [ -1.4098109, 41.0369615 ], [ -1.4750643, 41.0167992 ], [ -1.4580104, 41.0086285 ], [ -1.4455807, 40.9784037 ], [ -1.4701132, 40.959869 ], [ -1.4716567, 40.9506649 ], [ -1.504007, 40.9659888 ], [ -1.556598, 40.9411923 ], [ -1.5882275, 40.9380822 ], [ -1.633668, 40.9545822 ], [ -1.6596819, 40.9801914 ], [ -1.7458035, 41.0357656 ], [ -1.7564206, 41.0569422 ] ], [ [ -1.101491, 42.4861984 ], [ -1.1280052, 42.448586399999989 ], [ -1.1066568, 42.443184099999989 ], [ -1.0554238, 42.4359857 ], [ -1.0496017, 42.4437863 ], [ -1.090303, 42.487599599999989 ], [ -1.101491, 42.4861984 ] ], [ [ -1.186155, 42.4047189 ], [ -1.1529811, 42.4163297 ], [ -1.1436158, 42.4437354 ], [ -1.1814638, 42.4257627 ], [ -1.186155, 42.4047189 ] ], [ [ -0.9752369, 42.6024763 ], [ -0.9654738, 42.6031757 ], [ -0.97523691354883, 42.602476306193054 ], [ -0.9752369, 42.6024763 ] ] ] } },
{ "type": "Feature", "properties": { "COD_PROV": "51" }, "geometry": { "type": "Polygon", "coordinates": [ [ [ -5.2789183, 35.9008898 ], [ -5.3561561, 35.8719868 ], [ -5.3749691, 35.8856637 ], [ -5.3779362, 35.9177509 ], [ -5.3479474, 35.9099639 ], [ -5.33776, 35.8951254 ], [ -5.3219558, 35.9003844 ], [ -5.3112435, 35.8981521 ], [ -5.3247879, 35.8972798 ], [ -5.3202925, 35.8928181 ], [ -5.3105928, 35.8922119 ], [ -5.288175, 35.9067303 ], [ -5.2789183, 35.9008898 ] ] ] } },
{ "type": "Feature", "properties": { "COD_PROV": "52" }, "geometry": { "type": "Polygon", "coordinates": [ [ [ -2.9494725, 35.3279218 ], [ -2.9174796, 35.30242 ], [ -2.92967, 35.291977 ], [ -2.9212511, 35.2781713 ], [ -2.9421043, 35.2750248 ], [ -2.9597847, 35.289989 ], [ -2.960403, 35.3117968 ], [ -2.9494725, 35.3279218 ] ] ] } }
]
}
